{"mode": "train", "epoch": 1, "iter": 5, "lr": 0.0003, "time": 4.63804, "data_time": 2.16847, "memory": 10864, "transfer_time": 2.19787, "forward_time": 3.58493, "loss_parse_time": 3.58507, "loss": [14.69339], "hm_loss": [12.13089], "loc_loss": [1.28125], "loc_loss_elem": [[0.1161, 0.1112, 0.2071, 0.15029, 0.19073, 0.0886, 0.23585, 0.18136]], "num_positive": [41.2]}
{"mode": "train", "epoch": 1, "iter": 10, "lr": 0.0003, "time": 2.4996, "data_time": 0.04344, "memory": 10875, "transfer_time": 0.07157, "forward_time": 1.4396, "loss_parse_time": 1.43972, "loss": [7.83377], "hm_loss": [5.83301], "loc_loss": [1.00038], "loc_loss_elem": [[0.11097, 0.09879, 0.10276, 0.10898, 0.13378, 0.07863, 0.19435, 0.17212]], "num_positive": [47.0]}
