{"mode": "train", "epoch": 1, "iter": 5, "lr": 0.0003, "time": 5.74511, "data_time": 2.29606, "memory": 13782, "transfer_time": 2.34105, "forward_time": 4.39328, "loss_parse_time": 4.39343, "loss": [17.3088], "hm_loss": [7.14492], "loc_loss": [5.08194], "loc_loss_elem": [[0.49733, 0.52617, 0.91069, 0.43379, 0.95696, 0.5065, 0.81362, 0.43688]], "num_positive": [50.4]}
{"mode": "train", "epoch": 1, "iter": 10, "lr": 0.0003, "time": 3.4696, "data_time": 0.0607, "memory": 13782, "transfer_time": 0.10152, "forward_time": 2.07538, "loss_parse_time": 2.07552, "loss": [12.67446], "hm_loss": [2.63528], "loc_loss": [5.01959], "loc_loss_elem": [[0.48618, 0.52777, 0.86537, 0.45796, 0.93783, 0.48511, 0.78529, 0.47409]], "num_positive": [74.8]}
{"mode": "train", "epoch": 1, "iter": 15, "lr": 0.0003, "time": 3.39823, "data_time": 0.05789, "memory": 13849, "transfer_time": 0.09988, "forward_time": 1.99583, "loss_parse_time": 1.99597, "loss": [13.11054], "hm_loss": [2.63334], "loc_loss": [5.2386], "loc_loss_elem": [[0.46763, 0.51295, 0.99733, 0.47051, 0.99924, 0.52655, 0.77216, 0.49222]], "num_positive": [73.4]}
{"mode": "train", "epoch": 1, "iter": 20, "lr": 0.0003, "time": 3.41924, "data_time": 0.06247, "memory": 13849, "transfer_time": 0.10405, "forward_time": 2.02538, "loss_parse_time": 2.02552, "loss": [12.41836], "hm_loss": [2.45613], "loc_loss": [4.98112], "loc_loss_elem": [[0.49948, 0.51884, 0.94318, 0.43219, 0.81729, 0.51815, 0.76601, 0.48598]], "num_positive": [85.0]}
{"mode": "train", "epoch": 1, "iter": 25, "lr": 0.0003, "time": 3.45625, "data_time": 0.05791, "memory": 13849, "transfer_time": 0.09971, "forward_time": 2.05437, "loss_parse_time": 2.05451, "loss": [13.3101], "hm_loss": [2.68238], "loc_loss": [5.31386], "loc_loss_elem": [[0.49668, 0.51, 0.94255, 0.48915, 1.07949, 0.54455, 0.7816, 0.46982]], "num_positive": [51.6]}
{"mode": "train", "epoch": 1, "iter": 30, "lr": 0.0003, "time": 3.4452, "data_time": 0.0592, "memory": 13849, "transfer_time": 0.10085, "forward_time": 2.05735, "loss_parse_time": 2.0575, "loss": [12.60679], "hm_loss": [2.46093], "loc_loss": [5.07293], "loc_loss_elem": [[0.48378, 0.5074, 0.95282, 0.45955, 0.93421, 0.49308, 0.78561, 0.45649]], "num_positive": [75.6]}
{"mode": "train", "epoch": 1, "iter": 35, "lr": 0.0003, "time": 3.50318, "data_time": 0.05507, "memory": 13849, "transfer_time": 0.0954, "forward_time": 2.01969, "loss_parse_time": 2.01983, "loss": [12.92329], "hm_loss": [2.54201], "loc_loss": [5.19064], "loc_loss_elem": [[0.47463, 0.52206, 0.98507, 0.47764, 1.00275, 0.50246, 0.78443, 0.4416]], "num_positive": [69.2]}
{"mode": "train", "epoch": 1, "iter": 40, "lr": 0.0003, "time": 3.52566, "data_time": 0.05591, "memory": 13849, "transfer_time": 0.09645, "forward_time": 2.0308, "loss_parse_time": 2.03095, "loss": [12.84526], "hm_loss": [2.50151], "loc_loss": [5.17187], "loc_loss_elem": [[0.48969, 0.51575, 0.85804, 0.48019, 1.04903, 0.51037, 0.73221, 0.5366]], "num_positive": [66.4]}
{"mode": "train", "epoch": 1, "iter": 45, "lr": 0.0003, "time": 3.48049, "data_time": 0.05953, "memory": 13849, "transfer_time": 0.10078, "forward_time": 2.07514, "loss_parse_time": 2.07528, "loss": [12.46274], "hm_loss": [2.45457], "loc_loss": [5.00409], "loc_loss_elem": [[0.49908, 0.51638, 0.99596, 0.39591, 0.8475, 0.50486, 0.78922, 0.45517]], "num_positive": [73.2]}
