{"mode": "train", "epoch": 1, "iter": 5, "lr": 0.0003, "time": 5.70107, "data_time": 2.27848, "memory": 13791, "transfer_time": 2.324, "forward_time": 4.35484, "loss_parse_time": 4.35502, "loss": [11.69587], "hm_loss": [10.01682], "loc_loss": [0.83952], "loc_loss_elem": [[0.10558, 0.08125, 0.10137, 0.07577, 0.09682, 0.06783, 0.15006, 0.16084]], "num_positive": [50.4]}
{"mode": "train", "epoch": 1, "iter": 10, "lr": 0.0003, "time": 3.3903, "data_time": 0.04373, "memory": 13791, "transfer_time": 0.08697, "forward_time": 2.02885, "loss_parse_time": 2.02899, "loss": [10.76618], "hm_loss": [9.2085], "loc_loss": [0.77884], "loc_loss_elem": [[0.10183, 0.08576, 0.06909, 0.08674, 0.10654, 0.06239, 0.15295, 0.11353]], "num_positive": [74.8]}
{"mode": "train", "epoch": 1, "iter": 15, "lr": 0.0003, "time": 3.44215, "data_time": 0.05977, "memory": 13858, "transfer_time": 0.10201, "forward_time": 2.00738, "loss_parse_time": 2.00752, "loss": [10.80034], "hm_loss": [9.2085], "loc_loss": [0.79592], "loc_loss_elem": [[0.09881, 0.09359, 0.08334, 0.07447, 0.09117, 0.06964, 0.15888, 0.12601]], "num_positive": [73.4]}
