{"mode": "train", "epoch": 1, "iter": 5, "lr": 0.0003, "time": 4.71577, "data_time": 2.16342, "memory": 26324, "transfer_time": 2.19538, "forward_time": 3.6461, "loss_parse_time": 3.64629, "loss": [14.71054], "hm_loss": [12.15176], "loc_loss": [1.27939], "loc_loss_elem": [[0.11608, 0.1113, 0.20645, 0.14988, 0.19034, 0.08871, 0.23551, 0.18111]], "num_positive": [41.2]}
{"mode": "train", "epoch": 1, "iter": 10, "lr": 0.0003, "time": 2.57158, "data_time": 0.044, "memory": 26332, "transfer_time": 0.07101, "forward_time": 1.4794, "loss_parse_time": 1.47955, "loss": [7.82981], "hm_loss": [5.82301], "loc_loss": [1.0034], "loc_loss_elem": [[0.11105, 0.09913, 0.10288, 0.10929, 0.13498, 0.0795, 0.19413, 0.17245]], "num_positive": [47.0]}
{"mode": "train", "epoch": 1, "iter": 15, "lr": 0.0003, "time": 2.52289, "data_time": 0.05021, "memory": 26332, "transfer_time": 0.07685, "forward_time": 1.43819, "loss_parse_time": 1.43834, "loss": [5.76281], "hm_loss": [3.53261], "loc_loss": [1.1151], "loc_loss_elem": [[0.12508, 0.09584, 0.14387, 0.09046, 0.12779, 0.07626, 0.25753, 0.19828]], "num_positive": [32.2]}
{"mode": "train", "epoch": 1, "iter": 20, "lr": 0.0003, "time": 2.52348, "data_time": 0.03867, "memory": 26374, "transfer_time": 0.06612, "forward_time": 1.44131, "loss_parse_time": 1.44148, "loss": [3.46899], "hm_loss": [1.44137], "loc_loss": [1.01381], "loc_loss_elem": [[0.1178, 0.10191, 0.10312, 0.09841, 0.11651, 0.07771, 0.21733, 0.18103]], "num_positive": [51.8]}
{"mode": "train", "epoch": 1, "iter": 25, "lr": 0.0003, "time": 2.54965, "data_time": 0.04153, "memory": 26374, "transfer_time": 0.06708, "forward_time": 1.46003, "loss_parse_time": 1.46018, "loss": [2.84345], "hm_loss": [0.94555], "loc_loss": [0.94895], "loc_loss_elem": [[0.11221, 0.09875, 0.11955, 0.07824, 0.10071, 0.08829, 0.18001, 0.17118]], "num_positive": [48.6]}
{"mode": "train", "epoch": 1, "iter": 30, "lr": 0.0003, "time": 2.53307, "data_time": 0.04104, "memory": 26374, "transfer_time": 0.06739, "forward_time": 1.43871, "loss_parse_time": 1.43886, "loss": [2.75529], "hm_loss": [0.85009], "loc_loss": [0.9526], "loc_loss_elem": [[0.09624, 0.10789, 0.09353, 0.08242, 0.10943, 0.07337, 0.17874, 0.21099]], "num_positive": [46.2]}
{"mode": "train", "epoch": 1, "iter": 35, "lr": 0.0003, "time": 2.56673, "data_time": 0.0378, "memory": 26374, "transfer_time": 0.06462, "forward_time": 1.45674, "loss_parse_time": 1.45688, "loss": [2.74235], "hm_loss": [0.70458], "loc_loss": [1.01888], "loc_loss_elem": [[0.11381, 0.11049, 0.11578, 0.08757, 0.11035, 0.07066, 0.20608, 0.20414]], "num_positive": [58.0]}
{"mode": "train", "epoch": 1, "iter": 40, "lr": 0.0003, "time": 2.53903, "data_time": 0.04083, "memory": 26412, "transfer_time": 0.068, "forward_time": 1.44209, "loss_parse_time": 1.44228, "loss": [2.32897], "hm_loss": [0.63417], "loc_loss": [0.8474], "loc_loss_elem": [[0.11007, 0.09658, 0.11206, 0.07472, 0.08632, 0.08066, 0.1457, 0.14128]], "num_positive": [43.0]}
{"mode": "train", "epoch": 1, "iter": 45, "lr": 0.0003, "time": 2.54629, "data_time": 0.04769, "memory": 26412, "transfer_time": 0.07503, "forward_time": 1.44811, "loss_parse_time": 1.44827, "loss": [2.39388], "hm_loss": [0.63607], "loc_loss": [0.8789], "loc_loss_elem": [[0.1045, 0.09381, 0.13866, 0.10082, 0.11573, 0.08923, 0.10656, 0.1296]], "num_positive": [42.0]}
{"mode": "train", "epoch": 1, "iter": 50, "lr": 0.0003, "time": 2.55481, "data_time": 0.04575, "memory": 26412, "transfer_time": 0.07324, "forward_time": 1.45123, "loss_parse_time": 1.45139, "loss": [2.37899], "hm_loss": [0.56388], "loc_loss": [0.90756], "loc_loss_elem": [[0.11354, 0.09858, 0.11755, 0.09638, 0.13565, 0.08008, 0.14267, 0.12311]], "num_positive": [56.4]}
{"mode": "train", "epoch": 1, "iter": 55, "lr": 0.0003, "time": 2.54797, "data_time": 0.03788, "memory": 26412, "transfer_time": 0.06702, "forward_time": 1.4504, "loss_parse_time": 1.45057, "loss": [2.63041], "hm_loss": [0.66216], "loc_loss": [0.98413], "loc_loss_elem": [[0.1178, 0.1099, 0.14284, 0.09092, 0.12707, 0.08323, 0.1898, 0.12258]], "num_positive": [45.6]}
{"mode": "train", "epoch": 1, "iter": 60, "lr": 0.0003, "time": 2.54781, "data_time": 0.03729, "memory": 26412, "transfer_time": 0.06316, "forward_time": 1.45197, "loss_parse_time": 1.45211, "loss": [2.27339], "hm_loss": [0.50238], "loc_loss": [0.8855], "loc_loss_elem": [[0.08995, 0.08096, 0.09189, 0.08854, 0.09611, 0.07156, 0.20059, 0.1659]], "num_positive": [34.2]}
{"mode": "train", "epoch": 1, "iter": 65, "lr": 0.0003, "time": 2.55997, "data_time": 0.04693, "memory": 26412, "transfer_time": 0.07632, "forward_time": 1.45795, "loss_parse_time": 1.4581, "loss": [2.26514], "hm_loss": [0.52775], "loc_loss": [0.86869], "loc_loss_elem": [[0.10411, 0.08599, 0.09008, 0.08338, 0.11182, 0.06826, 0.15531, 0.16974]], "num_positive": [54.2]}
{"mode": "train", "epoch": 1, "iter": 70, "lr": 0.0003, "time": 2.57222, "data_time": 0.039, "memory": 26412, "transfer_time": 0.06681, "forward_time": 1.45975, "loss_parse_time": 1.4599, "loss": [1.87298], "hm_loss": [0.37727], "loc_loss": [0.74786], "loc_loss_elem": [[0.10198, 0.08293, 0.07215, 0.08105, 0.09042, 0.05846, 0.14202, 0.11884]], "num_positive": [44.6]}
{"mode": "train", "epoch": 1, "iter": 75, "lr": 0.0003, "time": 2.56197, "data_time": 0.03486, "memory": 26412, "transfer_time": 0.06104, "forward_time": 1.4614, "loss_parse_time": 1.46158, "loss": [2.08009], "hm_loss": [0.39834], "loc_loss": [0.84088], "loc_loss_elem": [[0.10521, 0.07916, 0.08476, 0.08282, 0.10326, 0.07198, 0.15786, 0.15582]], "num_positive": [57.6]}
{"mode": "train", "epoch": 1, "iter": 80, "lr": 0.0003, "time": 2.5452, "data_time": 0.03747, "memory": 26412, "transfer_time": 0.06602, "forward_time": 1.44273, "loss_parse_time": 1.44287, "loss": [1.99786], "hm_loss": [0.40441], "loc_loss": [0.79673], "loc_loss_elem": [[0.10513, 0.08565, 0.08033, 0.08633, 0.11474, 0.06251, 0.13079, 0.13125]], "num_positive": [46.4]}
{"mode": "train", "epoch": 1, "iter": 85, "lr": 0.0003, "time": 2.56828, "data_time": 0.03779, "memory": 26412, "transfer_time": 0.06501, "forward_time": 1.4694, "loss_parse_time": 1.46954, "loss": [2.0147], "hm_loss": [0.43154], "loc_loss": [0.79158], "loc_loss_elem": [[0.09636, 0.08099, 0.07923, 0.07877, 0.1059, 0.06516, 0.1533, 0.13189]], "num_positive": [38.2]}
{"mode": "train", "epoch": 1, "iter": 90, "lr": 0.0003, "time": 2.54502, "data_time": 0.03776, "memory": 26412, "transfer_time": 0.06531, "forward_time": 1.44998, "loss_parse_time": 1.45015, "loss": [2.53093], "hm_loss": [0.5641], "loc_loss": [0.98342], "loc_loss_elem": [[0.10704, 0.10179, 0.10004, 0.08619, 0.11349, 0.07194, 0.19858, 0.20436]], "num_positive": [43.2]}
{"mode": "train", "epoch": 1, "iter": 95, "lr": 0.0003, "time": 2.56499, "data_time": 0.0492, "memory": 26412, "transfer_time": 0.07976, "forward_time": 1.46314, "loss_parse_time": 1.46331, "loss": [1.9426], "hm_loss": [0.44905], "loc_loss": [0.74678], "loc_loss_elem": [[0.09185, 0.08643, 0.08044, 0.08372, 0.10061, 0.05281, 0.13827, 0.11264]], "num_positive": [54.8]}
{"mode": "train", "epoch": 1, "iter": 100, "lr": 0.0003, "time": 2.55306, "data_time": 0.04664, "memory": 26412, "transfer_time": 0.07587, "forward_time": 1.45407, "loss_parse_time": 1.45423, "loss": [2.21283], "hm_loss": [0.44686], "loc_loss": [0.88299], "loc_loss_elem": [[0.0967, 0.09771, 0.09769, 0.08602, 0.10952, 0.07327, 0.14166, 0.18042]], "num_positive": [43.0]}
{"mode": "train", "epoch": 1, "iter": 105, "lr": 0.0003, "time": 2.54976, "data_time": 0.04097, "memory": 26412, "transfer_time": 0.07004, "forward_time": 1.4561, "loss_parse_time": 1.45626, "loss": [2.21276], "hm_loss": [0.4786], "loc_loss": [0.86708], "loc_loss_elem": [[0.09238, 0.09249, 0.07832, 0.0793, 0.128, 0.06022, 0.14993, 0.18644]], "num_positive": [45.6]}
{"mode": "train", "epoch": 1, "iter": 110, "lr": 0.0003, "time": 2.54226, "data_time": 0.03946, "memory": 26412, "transfer_time": 0.06895, "forward_time": 1.44814, "loss_parse_time": 1.44831, "loss": [1.98221],