{"mode": "train", "epoch": 1, "iter": 5, "lr": 0.0003, "time": 5.76765, "data_time": 2.35593, "memory": 13782, "transfer_time": 2.40701, "forward_time": 4.4129, "loss_parse_time": 4.41307, "loss": [11.69507], "hm_loss": [10.01682], "loc_loss": [0.83912], "loc_loss_elem": [[0.10534, 0.08096, 0.1017, 0.07573, 0.09677, 0.06788, 0.14944, 0.16131]], "num_positive": [50.4]}
{"mode": "train", "epoch": 1, "iter": 10, "lr": 0.0003, "time": 3.34493, "data_time": 0.0456, "memory": 13782, "transfer_time": 0.08646, "forward_time": 2.0081, "loss_parse_time": 2.00824, "loss": [10.76634], "hm_loss": [9.2085], "loc_loss": [0.77892], "loc_loss_elem": [[0.10169, 0.08574, 0.06928, 0.08612, 0.10693, 0.0624, 0.15359, 0.11316]], "num_positive": [74.8]}
{"mode": "train", "epoch": 1, "iter": 15, "lr": 0.0003, "time": 3.4259, "data_time": 0.05641, "memory": 13849, "transfer_time": 0.09747, "forward_time": 2.0235, "loss_parse_time": 2.02365, "loss": [10.80819], "hm_loss": [9.2085], "loc_loss": [0.79985], "loc_loss_elem": [[0.09996, 0.09267, 0.08441, 0.07573, 0.09332, 0.06965, 0.15789, 0.12623]], "num_positive": [73.4]}
{"mode": "train", "epoch": 1, "iter": 20, "lr": 0.0003, "time": 3.40382, "data_time": 0.06147, "memory": 13849, "transfer_time": 0.10273, "forward_time": 2.02083, "loss_parse_time": 2.02098, "loss": [11.00647], "hm_loss": [9.2085], "loc_loss": [0.89898], "loc_loss_elem": [[0.10867, 0.0924, 0.08995, 0.08905, 0.11198, 0.06624, 0.18669, 0.154]], "num_positive": [85.0]}
{"mode": "train", "epoch": 1, "iter": 25, "lr": 0.0003, "time": 3.39568, "data_time": 0.05548, "memory": 13849, "transfer_time": 0.09851, "forward_time": 2.01924, "loss_parse_time": 2.01939, "loss": [10.7512], "hm_loss": [9.2085], "loc_loss": [0.77135], "loc_loss_elem": [[0.09726, 0.09436, 0.07838, 0.07344, 0.09356, 0.06598, 0.11991, 0.14845]], "num_positive": [51.6]}
