{"mode": "train", "epoch": 1, "iter": 5, "lr": 0.0003, "time": 6.02523, "data_time": 2.29744, "memory": 38719, "transfer_time": 2.33909, "forward_time": 4.52451, "loss_parse_time": 4.5247, "loss": [114.9235], "hm_loss": [19.23978], "loc_loss": [47.84186], "loc_loss_elem": [[5.49327, 6.05453, 8.53012, 5.27867, 4.88765, 4.11917, 8.64597, 4.83247]], "num_positive": [50.4]}
{"mode": "train", "epoch": 1, "iter": 10, "lr": 0.0003, "time": 3.71722, "data_time": 0.05206, "memory": 38719, "transfer_time": 0.09225, "forward_time": 2.21496, "loss_parse_time": 2.21511, "loss": [65.23816], "hm_loss": [11.15536], "loc_loss": [27.0414], "loc_loss_elem": [[3.56967, 4.1248, 5.30927, 2.01375, 2.79768, 2.62343, 3.95005, 2.65276]], "num_positive": [74.8]}
{"mode": "train", "epoch": 1, "iter": 15, "lr": 0.0003, "time": 3.76246, "data_time": 0.06089, "memory": 38785, "transfer_time": 0.10083, "forward_time": 2.22189, "loss_parse_time": 2.22203, "loss": [34.97838], "hm_loss": [9.88555], "loc_loss": [12.54641], "loc_loss_elem": [[1.83038, 1.68328, 2.54395, 1.14124, 1.53545, 0.72704, 1.70983, 1.37525]], "num_positive": [73.4]}
{"mode": "train", "epoch": 1, "iter": 20, "lr": 0.0003, "time": 3.86364, "data_time": 0.05247, "memory": 38785, "transfer_time": 0.0934, "forward_time": 2.30995, "loss_parse_time": 2.3101, "loss": [16.56208], "hm_loss": [6.49645], "loc_loss": [5.03282], "loc_loss_elem": [[0.42532, 0.4684, 0.82466, 0.53261, 0.7966, 0.29032, 1.06515, 0.62975]], "num_positive": [85.0]}
