{"mode": "train", "epoch": 1, "iter": 5, "lr": 0.00048, "time": 5.32609, "data_time": 4.17722, "memory": 5783, "transfer_time": 4.19044, "forward_time": 4.73229, "loss_parse_time": 4.73249, "loss": [73.0792], "hm_loss": [4.93513], "loc_loss": [34.07203], "loc_loss_elem": [[3.71089, 4.67236, 5.56832, 5.37592, 3.60248, 2.87783, 4.03877, 4.22547]], "num_positive": [62.8]}
{"mode": "train", "epoch": 2, "iter": 5, "lr": 0.00113, "time": 4.747, "data_time": 3.55954, "memory": 5860, "transfer_time": 3.57256, "forward_time": 4.15398, "loss_parse_time": 4.15419, "loss": [19.59276], "hm_loss": [3.57246], "loc_loss": [8.01015], "loc_loss_elem": [[0.71678, 0.85975, 1.93981, 1.17483, 0.86557, 0.63621, 0.96894, 0.84826]], "num_positive": [67.4]}
