{"mode": "train", "epoch": 1, "iter": 5, "lr": 0.0003, "time": 3.41632, "data_time": 1.82599, "memory": 7244, "transfer_time": 1.85813, "forward_time": 2.4205, "loss_parse_time": 2.42071, "loss": [60.77784], "hm_loss": [5.5671], "loc_loss": [27.60537], "loc_loss_elem": [[2.88185, 3.20845, 4.16396, 2.39917, 2.43951, 4.76664, 4.46782, 3.27797]], "num_positive": [177.2]}
{"mode": "train", "epoch": 1, "iter": 10, "lr": 0.0003, "time": 1.57147, "data_time": 0.03025, "memory": 7520, "transfer_time": 0.06767, "forward_time": 0.60055, "loss_parse_time": 0.60075, "loss": [26.14919], "hm_loss": [4.71464], "loc_loss": [10.71727], "loc_loss_elem": [[0.88596, 1.27145, 1.94262, 1.13598, 1.25654, 1.04886, 1.6744, 1.50147]], "num_positive": [159.8]}
{"mode": "train", "epoch": 1, "iter": 15, "lr": 0.0003, "time": 1.4228, "data_time": 0.03636, "memory": 7520, "transfer_time": 0.07156, "forward_time": 0.55047, "loss_parse_time": 0.55067, "loss": [17.08981], "hm_loss": [4.24087], "loc_loss": [6.42447], "loc_loss_elem": [[0.64109, 0.60296, 1.15431, 0.70907, 0.80873, 0.45625, 1.01939, 1.03268]], "num_positive": [157.4]}
{"mode": "train", "epoch": 1, "iter": 20, "lr": 0.0003, "time": 1.68895, "data_time": 0.03154, "memory": 7645, "transfer_time": 0.06103, "forward_time": 0.64136, "loss_parse_time": 0.64155, "loss": [14.16123], "hm_loss": [4.40967], "loc_loss": [4.87578], "loc_loss_elem": [[0.42029, 0.33533, 0.9647, 0.49606, 0.70536, 0.33597, 0.89834, 0.71973]], "num_positive": [119.4]}
