{"mode": "train", "epoch": 1, "iter": 5, "lr": 0.0003, "time": 4.53299, "data_time": 3.93592, "memory": 4059, "transfer_time": 3.94974, "forward_time": 4.19311, "loss_parse_time": 4.19328, "loss": [13.30804], "hm_loss": [12.96231], "dep_loss": [0.34573], "num_positive": [26.4]}
{"mode": "train", "epoch": 1, "iter": 10, "lr": 0.00032, "time": 0.57136, "data_time": 0.03785, "memory": 4059, "transfer_time": 0.04919, "forward_time": 0.21756, "loss_parse_time": 0.21772, "loss": [4.68726], "hm_loss": [4.38423], "dep_loss": [0.30302], "num_positive": [24.0]}
{"mode": "train", "epoch": 1, "iter": 15, "lr": 0.00034, "time": 0.51715, "data_time": 0.02643, "memory": 4059, "transfer_time": 0.03716, "forward_time": 0.19359, "loss_parse_time": 0.19376, "loss": [3.92817], "hm_loss": [3.69856], "dep_loss": [0.2296], "num_positive": [37.8]}
{"mode": "train", "epoch": 1, "iter": 20, "lr": 0.00038, "time": 0.59099, "data_time": 0.03374, "memory": 4059, "transfer_time": 0.04797, "forward_time": 0.21606, "loss_parse_time": 0.21623, "loss": [4.40262], "hm_loss": [4.14309], "dep_loss": [0.25954], "num_positive": [18.4]}
{"mode": "train", "epoch": 1, "iter": 25, "lr": 0.00043, "time": 0.53997, "data_time": 0.03394, "memory": 4059, "transfer_time": 0.0455, "forward_time": 0.22077, "loss_parse_time": 0.22094, "loss": [4.17106], "hm_loss": [3.90846], "dep_loss": [0.2626], "num_positive": [20.2]}
{"mode": "train", "epoch": 1, "iter": 30, "lr": 0.00048, "time": 0.5629, "data_time": 0.02384, "memory": 4059, "transfer_time": 0.03496, "forward_time": 0.20977, "loss_parse_time": 0.20994, "loss": [4.04751], "hm_loss": [3.81035], "dep_loss": [0.23716], "num_positive": [16.8]}
{"mode": "train", "epoch": 1, "iter": 35, "lr": 0.00055, "time": 0.62183, "data_time": 0.04222, "memory": 4059, "transfer_time": 0.06233, "forward_time": 0.25262, "loss_parse_time": 0.25277, "loss": [4.04876], "hm_loss": [3.83024], "dep_loss": [0.21853], "num_positive": [12.0]}
{"mode": "train", "epoch": 1, "iter": 40, "lr": 0.00063, "time": 0.57629, "data_time": 0.04689, "memory": 4059, "transfer_time": 0.06475, "forward_time": 0.23286, "loss_parse_time": 0.23538, "loss": [3.99238], "hm_loss": [3.75311], "dep_loss": [0.23927], "num_positive": [12.2]}
{"mode": "train", "epoch": 1, "iter": 45, "lr": 0.00071, "time": 0.62238, "data_time": 0.05093, "memory": 4059, "transfer_time": 0.07564, "forward_time": 0.25271, "loss_parse_time": 0.25285, "loss": [4.00348], "hm_loss": [3.76644], "dep_loss": [0.23704], "num_positive": [15.8]}
{"mode": "train", "epoch": 1, "iter": 50, "lr": 0.00081, "time": 0.5986, "data_time": 0.04023, "memory": 4059, "transfer_time": 0.05713, "forward_time": 0.25027, "loss_parse_time": 0.25063, "loss": [3.93884], "hm_loss": [3.66862], "dep_loss": [0.27022], "num_positive": [17.2]}
{"mode": "train", "epoch": 1, "iter": 55, "lr": 0.00091, "time": 0.60317, "data_time": 0.0552, "memory": 4059, "transfer_time": 0.07735, "forward_time": 0.25084, "loss_parse_time": 0.25098, "loss": [3.64163], "hm_loss": [3.40117], "dep_loss": [0.24045], "num_positive": [39.0]}
{"mode": "train", "epoch": 1, "iter": 60, "lr": 0.00101, "time": 0.63269, "data_time": 0.03871, "memory": 4059, "transfer_time": 0.05715, "forward_time": 0.25937, "loss_parse_time": 0.25952, "loss": [3.68809], "hm_loss": [3.50244], "dep_loss": [0.18565], "num_positive": [15.4]}
{"mode": "train", "epoch": 1, "iter": 65, "lr": 0.00112, "time": 0.62253, "data_time": 0.04209, "memory": 4059, "transfer_time": 0.0568, "forward_time": 0.25307, "loss_parse_time": 0.25319, "loss": [3.60291], "hm_loss": [3.35503], "dep_loss": [0.24788], "num_positive": [26.2]}
{"mode": "train", "epoch": 1, "iter": 70, "lr": 0.00124, "time": 0.59427, "data_time": 0.04588, "memory": 4059, "transfer_time": 0.06426, "forward_time": 0.24549, "loss_parse_time": 0.24564, "loss": [3.81322], "hm_loss": [3.59905], "dep_loss": [0.21418], "num_positive": [34.6]}
{"mode": "train", "epoch": 1, "iter": 75, "lr": 0.00136, "time": 0.62569, "data_time": 0.04285, "memory": 4059, "transfer_time": 0.06081, "forward_time": 0.25144, "loss_parse_time": 0.25159, "loss": [4.24334], "hm_loss": [4.0601], "dep_loss": [0.18324], "num_positive": [22.2]}
{"mode": "train", "epoch": 1, "iter": 80, "lr": 0.00148, "time": 0.62525, "data_time": 0.04206, "memory": 4059, "transfer_time": 0.06486, "forward_time": 0.25204, "loss_parse_time": 0.2522, "loss": [4.03814], "hm_loss": [3.82995], "dep_loss": [0.20818], "num_positive": [23.2]}
{"mode": "train", "epoch": 1, "iter": 85, "lr": 0.0016, "time": 0.59128, "data_time": 0.05388, "memory": 4059, "transfer_time": 0.07369, "forward_time": 0.25024, "loss_parse_time": 0.25039, "loss": [4.46426], "hm_loss": [4.19022], "dep_loss": [0.27405], "num_positive": [21.4]}
{"mode": "train", "epoch": 1, "iter": 90, "lr": 0.00172, "time": 0.66268, "data_time": 0.05129, "memory": 4059, "transfer_time": 0.06792, "forward_time": 0.2861, "loss_parse_time": 0.28625, "loss": [3.84646], "hm_loss": [3.65506], "dep_loss": [0.1914], "num_positive": [24.2]}
{"mode": "train", "epoch": 1, "iter": 95, "lr": 0.00185, "time": 0.60071, "data_time": 0.04638, "memory": 4059, "transfer_time": 0.06724, "forward_time": 0.24639, "loss_parse_time": 0.24653, "loss": [3.93413], "hm_loss": [3.7589], "dep_loss": [0.17523], "num_positive": [26.2]}
{"mode": "train", "epoch": 1, "iter": 100, "lr": 0.00197, "time": 0.61844, "data_time": 0.03893, "memory": 4059, "transfer_time": 0.05847, "forward_time": 0.25974, "loss_parse_time": 0.2599, "loss": [3.66772], "hm_loss": [3.43761], "dep_loss": [0.23011], "num_positive": [36.8]}
{"mode": "train", "epoch": 1, "iter": 105, "lr": 0.00209, "time": 0.63687, "data_time": 0.04835, "memory": 4059, "transfer_time": 0.06951, "forward_time": 0.25468, "loss_parse_time": 0.25481, "loss": [3.87763], "hm_loss": [3.66233], "dep_loss": [0.2153], "num_positive": [15.6]}
{"mode": "train", "epoch": 1, "iter": 110, "lr": 0.0022, "time": 0.6058, "data_time": 0.0487, "memory": 4059, "transfer_time": 0.06715, "forward_time": 0.25076, "loss_parse_time": 0.25091, "loss": [4.57248], "hm_loss": [4.32321], "dep_loss": [0.24927], "num_positive": [35.2]}
{"mode": "train", "epoch": 1, "iter": 115, "lr": 0.00231, "time": 0.61717, "data_time": 0.04287, "memory": 4059, "transfer_time": 0.0649, "forward_time": 0.24534, "loss_parse_time": 0.24561, "loss": [3.64544], "hm_loss": [3.44767], "dep_loss": [0.19777], "num_positive": [18.6]}
{"mode": "train", "epoch": 1, "iter": 120, "lr": 0.00242, "time": 0.64576, "data_time": 0.04154, "memory": 4059, "transfer_time": 0.05689, "forward_time": 0.25796, "loss_parse_time": 0.25811, "loss": [4.37748], "hm_loss": [4.17421], "dep_loss": [0.20327], "num_positive": [22.2]}
{"mode": "train", "epoch": 1, "iter": 125, "lr": 0.00251, "time": 0.57854, "data_time": 0.04982, "memory": 4059, "transfer_time": 0.06752, "forward_time": 0.24699, "loss_parse_time": 0.24726, "loss": [4.47168], "hm_loss": [4.28022], "dep_loss": [0.19146], "num_positive": [20.0]}
{"mode": "train", "epoch": 1, "iter": 130, "lr": 0.0026, "time": 0.60165, "data_time": 0.04863, "memory": 4059, "transfer_time": 0.06879, "forward_time": 0.24194, "loss_parse_time": 0.24208, "loss": [4.15256], "hm_loss": [3.87655], "dep_loss": [0.27601], "num_positive": [16.4]}
{"mode": "train", "epoch": 1, "iter": 135, "lr": 0.00269, "time": 0.65064, "data_time": 0.04897, "memory": 4059, "transfer_time": 0.06458, "forward_time": 0.27611, "loss_parse_time": 0.27627, "loss": [3.72567], "hm_loss": [3.46929], "dep_loss": [0.25639], "num_positive": [37.8]}
{"mode": "train", "epoch": 1, "iter": 140, "lr": 0.00276, "time": 0.60019, "data_time": 0.04631, "memory": 4059, "transfer_time": 0.06388, "forward_time": 0.25535, "loss_parse_time": 0.2555, "loss": [3.55617], "hm_loss": [3.35249], "dep_loss": [0.20369], "num_positive": [28.2]}
{"mode": "train", "epoch": 1, "iter": 145, "lr": 0.00283, "time": 0.6296, "data_time": 0.05391, "memory": 4059, "transfer_time": 0.07102, "forward_time": 0.25294, "loss_parse_time": 0.25309,