{"mode": "train", "epoch": 1, "iter": 5, "lr": 0.0003, "time": 3.41664, "data_time": 2.88185, "memory": 4059, "transfer_time": 2.89462, "forward_time": 3.1175, "loss_parse_time": 3.11762, "loss": [10.55026], "hm_loss": [10.20543]}
{"mode": "train", "epoch": 1, "iter": 10, "lr": 0.00032, "time": 0.46801, "data_time": 0.01505, "memory": 4059, "transfer_time": 0.02973, "forward_time": 0.17567, "loss_parse_time": 0.1758, "loss": [4.24792], "hm_loss": [3.95387]}
{"mode": "train", "epoch": 1, "iter": 15, "lr": 0.00034, "time": 0.47211, "data_time": 0.02289, "memory": 4059, "transfer_time": 0.03855, "forward_time": 0.17396, "loss_parse_time": 0.17407, "loss": [3.9749], "hm_loss": [3.74603]}
{"mode": "train", "epoch": 1, "iter": 20, "lr": 0.00038, "time": 0.46676, "data_time": 0.0234, "memory": 4059, "transfer_time": 0.03979, "forward_time": 0.18009, "loss_parse_time": 0.18021, "loss": [4.58236], "hm_loss": [4.31878]}
{"mode": "train", "epoch": 1, "iter": 25, "lr": 0.00043, "time": 0.47027, "data_time": 0.02978, "memory": 4059, "transfer_time": 0.0453, "forward_time": 0.18358, "loss_parse_time": 0.18369, "loss": [4.03995], "hm_loss": [3.80177]}
{"mode": "train", "epoch": 1, "iter": 30, "lr": 0.00048, "time": 0.4821, "data_time": 0.03257, "memory": 4059, "transfer_time": 0.04885, "forward_time": 0.1879, "loss_parse_time": 0.18801, "loss": [3.81474], "hm_loss": [3.57256]}
{"mode": "train", "epoch": 1, "iter": 35, "lr": 0.00055, "time": 0.47232, "data_time": 0.02453, "memory": 4059, "transfer_time": 0.04243, "forward_time": 0.17434, "loss_parse_time": 0.17447, "loss": [4.08888], "hm_loss": [3.84994]}
{"mode": "train", "epoch": 1, "iter": 40, "lr": 0.00063, "time": 0.48982, "data_time": 0.02774, "memory": 4059, "transfer_time": 0.04323, "forward_time": 0.18539, "loss_parse_time": 0.18551, "loss": [4.01378], "hm_loss": [3.77237]}
{"mode": "train", "epoch": 1, "iter": 45, "lr": 0.00071, "time": 0.469, "data_time": 0.02569, "memory": 4059, "transfer_time": 0.03876, "forward_time": 0.17756, "loss_parse_time": 0.17767, "loss": [3.93488], "hm_loss": [3.71018]}
{"mode": "train", "epoch": 1, "iter": 50, "lr": 0.00081, "time": 0.47971, "data_time": 0.02481, "memory": 4059, "transfer_time": 0.04159, "forward_time": 0.19363, "loss_parse_time": 0.19373, "loss": [4.2065], "hm_loss": [4.00106]}
{"mode": "train", "epoch": 1, "iter": 55, "lr": 0.00091, "time": 0.48556, "data_time": 0.02417, "memory": 4059, "transfer_time": 0.0374, "forward_time": 0.18565, "loss_parse_time": 0.18575, "loss": [3.58735], "hm_loss": [3.35636]}
{"mode": "train", "epoch": 1, "iter": 60, "lr": 0.00101, "time": 0.49483, "data_time": 0.03135, "memory": 4059, "transfer_time": 0.04599, "forward_time": 0.18702, "loss_parse_time": 0.18712, "loss": [3.79861], "hm_loss": [3.59142]}
{"mode": "train", "epoch": 1, "iter": 65, "lr": 0.00112, "time": 0.48544, "data_time": 0.02723, "memory": 4059, "transfer_time": 0.04234, "forward_time": 0.18733, "loss_parse_time": 0.18744, "loss": [3.59887], "hm_loss": [3.34229]}
{"mode": "train", "epoch": 1, "iter": 70, "lr": 0.00124, "time": 0.48574, "data_time": 0.02467, "memory": 4059, "transfer_time": 0.04067, "forward_time": 0.18339, "loss_parse_time": 0.18354, "loss": [3.71105], "hm_loss": [3.49228]}
{"mode": "train", "epoch": 1, "iter": 75, "lr": 0.00136, "time": 0.49919, "data_time": 0.02911, "memory": 4059, "transfer_time": 0.04454, "forward_time": 0.19011, "loss_parse_time": 0.19023, "loss": [3.88508], "hm_loss": [3.68559]}
{"mode": "train", "epoch": 1, "iter": 80, "lr": 0.00148, "time": 0.47132, "data_time": 0.02721, "memory": 4059, "transfer_time": 0.04117, "forward_time": 0.1785, "loss_parse_time": 0.1786, "loss": [4.30118], "hm_loss": [4.09712]}
{"mode": "train", "epoch": 1, "iter": 85, "lr": 0.0016, "time": 0.49351, "data_time": 0.02641, "memory": 4059, "transfer_time": 0.04457, "forward_time": 0.18716, "loss_parse_time": 0.18727, "loss": [4.32706], "hm_loss": [4.09522]}
{"mode": "train", "epoch": 1, "iter": 90, "lr": 0.00172, "time": 0.4922, "data_time": 0.02234, "memory": 4059, "transfer_time": 0.03617, "forward_time": 0.18287, "loss_parse_time": 0.18298, "loss": [4.03222], "hm_loss": [3.81864]}
{"mode": "train", "epoch": 1, "iter": 95, "lr": 0.00185, "time": 0.50933, "data_time": 0.02353, "memory": 4059, "transfer_time": 0.04064, "forward_time": 0.19624, "loss_parse_time": 0.19635, "loss": [3.92737], "hm_loss": [3.7399]}
{"mode": "train", "epoch": 1, "iter": 100, "lr": 0.00197, "time": 0.49602, "data_time": 0.02653, "memory": 4059, "transfer_time": 0.04031, "forward_time": 0.18904, "loss_parse_time": 0.18915, "loss": [3.68539], "hm_loss": [3.45494]}
{"mode": "train", "epoch": 1, "iter": 105, "lr": 0.00209, "time": 0.49295, "data_time": 0.02361, "memory": 4059, "transfer_time": 0.03773, "forward_time": 0.17792, "loss_parse_time": 0.17803, "loss": [4.13601], "hm_loss": [3.93692]}
{"mode": "train", "epoch": 1, "iter": 110, "lr": 0.0022, "time": 0.5047, "data_time": 0.0243, "memory": 4059, "transfer_time": 0.03986, "forward_time": 0.18534, "loss_parse_time": 0.18546, "loss": [4.76081], "hm_loss": [4.51209]}
{"mode": "train", "epoch": 1, "iter": 115, "lr": 0.00231, "time": 0.49509, "data_time": 0.02258, "memory": 4059, "transfer_time": 0.03545, "forward_time": 0.18626, "loss_parse_time": 0.18638, "loss": [3.84852], "hm_loss": [3.59194]}
{"mode": "train", "epoch": 1, "iter": 120, "lr": 0.00242, "time": 0.49449, "data_time": 0.02611, "memory": 4059, "transfer_time": 0.04252, "forward_time": 0.18876, "loss_parse_time": 0.18886, "loss": [4.26661], "hm_loss": [4.05378]}
{"mode": "train", "epoch": 1, "iter": 125, "lr": 0.00251, "time": 0.50212, "data_time": 0.02895, "memory": 4059, "transfer_time": 0.04429, "forward_time": 0.18367, "loss_parse_time": 0.18378, "loss": [4.54644], "hm_loss": [4.31447]}
{"mode": "train", "epoch": 1, "iter": 130, "lr": 0.0026, "time": 0.49161, "data_time": 0.0268, "memory": 4059, "transfer_time": 0.04348, "forward_time": 0.18737, "loss_parse_time": 0.18749, "loss": [3.91939], "hm_loss": [3.70818]}
{"mode": "train", "epoch": 1, "iter": 135, "lr": 0.00269, "time": 0.49197, "data_time": 0.02287, "memory": 4059, "transfer_time": 0.03872, "forward_time": 0.18152, "loss_parse_time": 0.18164, "loss": [3.53961], "hm_loss": [3.29542]}
{"mode": "train", "epoch": 1, "iter": 140, "lr": 0.00276, "time": 0.50078, "data_time": 0.02602, "memory": 4059, "transfer_time": 0.04322, "forward_time": 0.18139, "loss_parse_time": 0.18151, "loss": [3.60534], "hm_loss": [3.38798]}
{"mode": "train", "epoch": 1, "iter": 145, "lr": 0.00283, "time": 0.48984, "data_time": 0.02448, "memory": 4059, "transfer_time": 0.03939, "forward_time": 0.17996, "loss_parse_time": 0.18008, "loss": [3.70559], "hm_loss": [3.49223]}
{"mode": "train", "epoch": 1, "iter": 150, "lr": 0.00288, "time": 0.49101, "data_time": 0.02427, "memory": 4059, "transfer_time": 0.03918, "forward_time": 0.18811, "loss_parse_time": 0.18823, "loss": [4.00986], "hm_loss": [3.77118]}
{"mode": "train", "epoch": 1, "iter": 155, "lr": 0.00293, "time": 0.50657, "data_time": 0.02458, "memory": 4059, "transfer_time": 0.04142, "forward_time": 0.18788, "loss_parse_time": 0.18801, "loss": [4.27761], "hm_loss": [4.05982]}
{"mode": "train", "epoch": 1, "iter": 160, "lr": 0.00296, "time": 0.49818, "data_time": 0.02682, "memory": 4059, "transfer_time": 0.04136, "forward_time": 0.18867, "loss_parse_time": 0.18878, "loss": [3.88351], "hm_loss": [3.66512]}
{"mode": "train", "epoch": 1, "iter": 165, "lr": 0.00299, "time": 0.49503, "data_time": 0.02395, "memory": 4059, "transfer_time": 0.04004, "forward_time": 0.19936, "loss_parse_time": 0.19948, "loss": [3.64757], "hm_loss": [3.41742]}
{"mode": "train", "epoch": 1, "iter": 170, "lr": 0.003, "time": 0.49923, "data_time": 0.02771, "memory": 4059, "transfer_time": 0.04282, "forward_time": 0.18286, "loss_parse_time": 0.18298, "loss": [4.1167], "hm_loss": [3.88985]}
{"mode": "train", "epoch": 1, "iter": 175, "lr": 0.003, "time": 0.50287, "data_time": 0.02461, "memory": 4059,