{"mode": "train", "epoch": 1, "iter": 5, "lr": 0.0003, "time": 3.15154, "data_time": 2.59241, "memory": 3906, "transfer_time": 2.61268, "forward_time": 2.86851, "loss_parse_time": 2.86864, "loss": [17.69681], "hm_loss": [17.69681]}
{"mode": "train", "epoch": 1, "iter": 10, "lr": 0.00032, "time": 0.44072, "data_time": 0.02016, "memory": 3907, "transfer_time": 0.03109, "forward_time": 0.17111, "loss_parse_time": 0.17121, "loss": [4.76869], "hm_loss": [4.76869]}
{"mode": "train", "epoch": 1, "iter": 15, "lr": 0.00034, "time": 0.45262, "data_time": 0.02885, "memory": 3907, "transfer_time": 0.04462, "forward_time": 0.17567, "loss_parse_time": 0.17579, "loss": [3.70025], "hm_loss": [3.70025]}
{"mode": "train", "epoch": 1, "iter": 20, "lr": 0.00038, "time": 0.45077, "data_time": 0.02505, "memory": 3907, "transfer_time": 0.04006, "forward_time": 0.17799, "loss_parse_time": 0.17811, "loss": [4.26484], "hm_loss": [4.26484]}
{"mode": "train", "epoch": 1, "iter": 25, "lr": 0.00043, "time": 0.4574, "data_time": 0.02674, "memory": 3907, "transfer_time": 0.04034, "forward_time": 0.18655, "loss_parse_time": 0.18665, "loss": [4.01937], "hm_loss": [4.01937]}
{"mode": "train", "epoch": 1, "iter": 30, "lr": 0.00048, "time": 0.44464, "data_time": 0.02266, "memory": 3907, "transfer_time": 0.03593, "forward_time": 0.17128, "loss_parse_time": 0.17138, "loss": [3.71383], "hm_loss": [3.71383]}
{"mode": "train", "epoch": 1, "iter": 35, "lr": 0.00055, "time": 0.45573, "data_time": 0.02659, "memory": 3907, "transfer_time": 0.04266, "forward_time": 0.17428, "loss_parse_time": 0.17439, "loss": [4.09792], "hm_loss": [4.09792]}
{"mode": "train", "epoch": 1, "iter": 40, "lr": 0.00063, "time": 0.45063, "data_time": 0.0207, "memory": 3907, "transfer_time": 0.03619, "forward_time": 0.17361, "loss_parse_time": 0.17371, "loss": [3.74153], "hm_loss": [3.74153]}
{"mode": "train", "epoch": 1, "iter": 45, "lr": 0.00071, "time": 0.45069, "data_time": 0.0281, "memory": 3907, "transfer_time": 0.04289, "forward_time": 0.16948, "loss_parse_time": 0.16958, "loss": [3.90881], "hm_loss": [3.90881]}
{"mode": "train", "epoch": 1, "iter": 50, "lr": 0.00081, "time": 0.44706, "data_time": 0.02564, "memory": 3907, "transfer_time": 0.04045, "forward_time": 0.17921, "loss_parse_time": 0.17931, "loss": [4.14297], "hm_loss": [4.14297]}
{"mode": "train", "epoch": 1, "iter": 55, "lr": 0.00091, "time": 0.45425, "data_time": 0.02602, "memory": 3907, "transfer_time": 0.04335, "forward_time": 0.18097, "loss_parse_time": 0.18107, "loss": [3.43226], "hm_loss": [3.43226]}
{"mode": "train", "epoch": 1, "iter": 60, "lr": 0.00101, "time": 0.44825, "data_time": 0.02444, "memory": 3907, "transfer_time": 0.04074, "forward_time": 0.16823, "loss_parse_time": 0.16834, "loss": [3.62854], "hm_loss": [3.62854]}
{"mode": "train", "epoch": 1, "iter": 65, "lr": 0.00112, "time": 0.46355, "data_time": 0.02598, "memory": 3907, "transfer_time": 0.03809, "forward_time": 0.18852, "loss_parse_time": 0.18862, "loss": [3.46863], "hm_loss": [3.46863]}
{"mode": "train", "epoch": 1, "iter": 70, "lr": 0.00124, "time": 0.44794, "data_time": 0.02999, "memory": 3907, "transfer_time": 0.04471, "forward_time": 0.17162, "loss_parse_time": 0.17173, "loss": [3.60911], "hm_loss": [3.60911]}
{"mode": "train", "epoch": 1, "iter": 75, "lr": 0.00136, "time": 0.45486, "data_time": 0.02675, "memory": 3907, "transfer_time": 0.04262, "forward_time": 0.17672, "loss_parse_time": 0.17683, "loss": [3.95175], "hm_loss": [3.95175]}
{"mode": "train", "epoch": 1, "iter": 80, "lr": 0.00148, "time": 0.45, "data_time": 0.02928, "memory": 3907, "transfer_time": 0.04771, "forward_time": 0.17617, "loss_parse_time": 0.17629, "loss": [3.95282], "hm_loss": [3.95282]}
{"mode": "train", "epoch": 1, "iter": 85, "lr": 0.0016, "time": 0.46565, "data_time": 0.02992, "memory": 3907, "transfer_time": 0.04632, "forward_time": 0.1777, "loss_parse_time": 0.17781, "loss": [4.27386], "hm_loss": [4.27386]}
{"mode": "train", "epoch": 1, "iter": 90, "lr": 0.00172, "time": 0.44217, "data_time": 0.02184, "memory": 3907, "transfer_time": 0.03931, "forward_time": 0.17812, "loss_parse_time": 0.17823, "loss": [3.86395], "hm_loss": [3.86395]}
{"mode": "train", "epoch": 1, "iter": 95, "lr": 0.00185, "time": 0.46039, "data_time": 0.03284, "memory": 3907, "transfer_time": 0.04677, "forward_time": 0.17465, "loss_parse_time": 0.17476, "loss": [3.81018], "hm_loss": [3.81018]}
{"mode": "train", "epoch": 1, "iter": 100, "lr": 0.00197, "time": 0.44482, "data_time": 0.0218, "memory": 3907, "transfer_time": 0.03724, "forward_time": 0.17743, "loss_parse_time": 0.17756, "loss": [3.52179], "hm_loss": [3.52179]}
{"mode": "train", "epoch": 1, "iter": 105, "lr": 0.00209, "time": 0.44957, "data_time": 0.025, "memory": 3907, "transfer_time": 0.03938, "forward_time": 0.17054, "loss_parse_time": 0.17065, "loss": [3.72918], "hm_loss": [3.72918]}
{"mode": "train", "epoch": 1, "iter": 110, "lr": 0.0022, "time": 0.46237, "data_time": 0.02789, "memory": 3907, "transfer_time": 0.04238, "forward_time": 0.1811, "loss_parse_time": 0.18122, "loss": [4.87632], "hm_loss": [4.87632]}
{"mode": "train", "epoch": 1, "iter": 115, "lr": 0.00231, "time": 0.45406, "data_time": 0.02407, "memory": 3907, "transfer_time": 0.04096, "forward_time": 0.17987, "loss_parse_time": 0.17998, "loss": [3.67582], "hm_loss": [3.67582]}
{"mode": "train", "epoch": 1, "iter": 120, "lr": 0.00242, "time": 0.47048, "data_time": 0.02611, "memory": 3907, "transfer_time": 0.03921, "forward_time": 0.18238, "loss_parse_time": 0.18248, "loss": [4.4098], "hm_loss": [4.4098]}
{"mode": "train", "epoch": 1, "iter": 125, "lr": 0.00251, "time": 0.4555, "data_time": 0.02608, "memory": 3907, "transfer_time": 0.04064, "forward_time": 0.17525, "loss_parse_time": 0.17535, "loss": [4.16658], "hm_loss": [4.16658]}
{"mode": "train", "epoch": 1, "iter": 130, "lr": 0.0026, "time": 0.45837, "data_time": 0.0246, "memory": 3907, "transfer_time": 0.03822, "forward_time": 0.17042, "loss_parse_time": 0.17054, "loss": [3.77869], "hm_loss": [3.77869]}
{"mode": "train", "epoch": 1, "iter": 135, "lr": 0.00269, "time": 0.4588, "data_time": 0.02442, "memory": 3907, "transfer_time": 0.03901, "forward_time": 0.18087, "loss_parse_time": 0.18097, "loss": [3.52408], "hm_loss": [3.52408]}
{"mode": "train", "epoch": 1, "iter": 140, "lr": 0.00276, "time": 0.4612, "data_time": 0.0264, "memory": 3907, "transfer_time": 0.04315, "forward_time": 0.1797, "loss_parse_time": 0.1798, "loss": [3.44292], "hm_loss": [3.44292]}
{"mode": "train", "epoch": 1, "iter": 145, "lr": 0.00283, "time": 0.45425, "data_time": 0.02088, "memory": 3907, "transfer_time": 0.03574, "forward_time": 0.1762, "loss_parse_time": 0.17631, "loss": [3.37076], "hm_loss": [3.37076]}
{"mode": "train", "epoch": 1, "iter": 150, "lr": 0.00288, "time": 0.47749, "data_time": 0.02915, "memory": 3907, "transfer_time": 0.04432, "forward_time": 0.18443, "loss_parse_time": 0.18454, "loss": [3.69563], "hm_loss": [3.69563]}
{"mode": "train", "epoch": 1, "iter": 155, "lr": 0.00293, "time": 0.4655, "data_time": 0.02135, "memory": 3907, "transfer_time": 0.03378, "forward_time": 0.18229, "loss_parse_time": 0.18239, "loss": [4.08936], "hm_loss": [4.08936]}
{"mode": "train", "epoch": 1, "iter": 160, "lr": 0.00296, "time": 0.48032, "data_time": 0.02532, "memory": 3907, "transfer_time": 0.04053, "forward_time": 0.18695, "loss_parse_time": 0.18706, "loss": [3.67797], "hm_loss": [3.67797]}
{"mode": "train", "epoch": 1, "iter": 165, "lr": 0.00299, "time": 0.46095, "data_time": 0.02478, "memory": 3907, "transfer_time": 0.03977, "forward_time": 0.17421, "loss_parse_time": 0.17432, "loss": [3.42805], "hm_loss": [3.42805]}
{"mode": "train", "epoch": 1, "iter": 170, "lr": 0.003, "time": 0.46571, "data_time": 0.02229, "memory": 3907, "transfer_time": 0.03531, "forward_time": 0.1754, "loss_parse_time": 0.1755, "loss": [4.05474], "hm_loss": [4.05474]}
{"mode": "train", "epoch": 1, "iter": 175, "lr": 0.003, "time": 0.46497, "data_time": 0.01891, "memory": 3907,