{"mode": "train", "epoch": 1, "iter": 5, "lr": 0.0003, "time": 3.7925, "data_time": 2.96271, "memory": 7766, "transfer_time": 2.98804, "forward_time": 3.28522, "loss_parse_time": 3.28551, "loss": [14.37114], "hm_loss": [13.98422], "dep_loss": [0.38692], "num_positive": [42.4]}
{"mode": "train", "epoch": 1, "iter": 10, "lr": 0.0003, "time": 0.79761, "data_time": 0.03967, "memory": 7766, "transfer_time": 0.06136, "forward_time": 0.33094, "loss_parse_time": 0.33115, "loss": [4.80148], "hm_loss": [4.50291], "dep_loss": [0.29856], "num_positive": [51.2]}
{"mode": "train", "epoch": 1, "iter": 15, "lr": 0.0003, "time": 0.77072, "data_time": 0.02648, "memory": 7766, "transfer_time": 0.04851, "forward_time": 0.30224, "loss_parse_time": 0.30242, "loss": [3.88905], "hm_loss": [3.66098], "dep_loss": [0.22807], "num_positive": [37.4]}
{"mode": "train", "epoch": 1, "iter": 20, "lr": 0.0003, "time": 0.76045, "data_time": 0.03103, "memory": 7766, "transfer_time": 0.0515, "forward_time": 0.30376, "loss_parse_time": 0.30393, "loss": [3.59151], "hm_loss": [3.37564], "dep_loss": [0.21587], "num_positive": [55.2]}
{"mode": "train", "epoch": 1, "iter": 25, "lr": 0.0003, "time": 0.77492, "data_time": 0.03447, "memory": 7766, "transfer_time": 0.05694, "forward_time": 0.31011, "loss_parse_time": 0.31028, "loss": [3.92801], "hm_loss": [3.71342], "dep_loss": [0.21459], "num_positive": [27.2]}
{"mode": "train", "epoch": 1, "iter": 30, "lr": 0.00031, "time": 0.77441, "data_time": 0.03403, "memory": 7766, "transfer_time": 0.05749, "forward_time": 0.30725, "loss_parse_time": 0.30744, "loss": [3.71058], "hm_loss": [3.50021], "dep_loss": [0.21038], "num_positive": [42.0]}
{"mode": "train", "epoch": 1, "iter": 35, "lr": 0.00031, "time": 0.78168, "data_time": 0.0309, "memory": 7766, "transfer_time": 0.05577, "forward_time": 0.30707, "loss_parse_time": 0.30725, "loss": [3.55703], "hm_loss": [3.34508], "dep_loss": [0.21195], "num_positive": [40.6]}
{"mode": "train", "epoch": 1, "iter": 40, "lr": 0.00031, "time": 0.76005, "data_time": 0.02892, "memory": 7766, "transfer_time": 0.05346, "forward_time": 0.30014, "loss_parse_time": 0.30032, "loss": [3.59673], "hm_loss": [3.39793], "dep_loss": [0.1988], "num_positive": [41.8]}
{"mode": "train", "epoch": 1, "iter": 45, "lr": 0.00031, "time": 0.78255, "data_time": 0.0333, "memory": 7766, "transfer_time": 0.05516, "forward_time": 0.30859, "loss_parse_time": 0.30879, "loss": [3.42818], "hm_loss": [3.18586], "dep_loss": [0.24232], "num_positive": [58.6]}
{"mode": "train", "epoch": 1, "iter": 50, "lr": 0.00031, "time": 0.79708, "data_time": 0.03051, "memory": 7766, "transfer_time": 0.05326, "forward_time": 0.30759, "loss_parse_time": 0.30776, "loss": [3.08191], "hm_loss": [2.85103], "dep_loss": [0.23088], "num_positive": [47.0]}
