{"mode": "train", "epoch": 1, "iter": 5, "lr": 0.0003, "time": 3.15403, "data_time": 2.6564, "memory": 4060, "transfer_time": 2.67928, "forward_time": 2.86392, "loss_parse_time": 2.86404, "loss": [12.0489], "hm_loss": [11.70297]}
{"mode": "train", "epoch": 1, "iter": 10, "lr": 0.00032, "time": 0.46864, "data_time": 0.01715, "memory": 4060, "transfer_time": 0.03083, "forward_time": 0.18233, "loss_parse_time": 0.18244, "loss": [4.49587], "hm_loss": [4.19592]}
{"mode": "train", "epoch": 1, "iter": 15, "lr": 0.00034, "time": 0.45741, "data_time": 0.02463, "memory": 4060, "transfer_time": 0.03861, "forward_time": 0.1714, "loss_parse_time": 0.1715, "loss": [3.91369], "hm_loss": [3.68475]}
{"mode": "train", "epoch": 1, "iter": 20, "lr": 0.00038, "time": 0.45954, "data_time": 0.02142, "memory": 4060, "transfer_time": 0.03756, "forward_time": 0.17443, "loss_parse_time": 0.17453, "loss": [4.53434], "hm_loss": [4.25785]}
{"mode": "train", "epoch": 1, "iter": 25, "lr": 0.00043, "time": 0.45192, "data_time": 0.02132, "memory": 4060, "transfer_time": 0.03484, "forward_time": 0.1691, "loss_parse_time": 0.16921, "loss": [4.11557], "hm_loss": [3.87315]}
{"mode": "train", "epoch": 1, "iter": 30, "lr": 0.00048, "time": 0.4697, "data_time": 0.02692, "memory": 4060, "transfer_time": 0.04352, "forward_time": 0.18131, "loss_parse_time": 0.18142, "loss": [4.08301], "hm_loss": [3.83658]}
{"mode": "train", "epoch": 1, "iter": 35, "lr": 0.00055, "time": 0.46835, "data_time": 0.02622, "memory": 4060, "transfer_time": 0.04137, "forward_time": 0.18187, "loss_parse_time": 0.18197, "loss": [4.112], "hm_loss": [3.90721]}
{"mode": "train", "epoch": 1, "iter": 40, "lr": 0.00063, "time": 0.45639, "data_time": 0.01959, "memory": 4060, "transfer_time": 0.03358, "forward_time": 0.17237, "loss_parse_time": 0.17247, "loss": [3.90154], "hm_loss": [3.68355]}
{"mode": "train", "epoch": 1, "iter": 45, "lr": 0.00071, "time": 0.46755, "data_time": 0.02427, "memory": 4060, "transfer_time": 0.04074, "forward_time": 0.18047, "loss_parse_time": 0.1806, "loss": [4.13805], "hm_loss": [3.91511]}
{"mode": "train", "epoch": 1, "iter": 50, "lr": 0.00081, "time": 0.46061, "data_time": 0.02162, "memory": 4060, "transfer_time": 0.03481, "forward_time": 0.18504, "loss_parse_time": 0.18513, "loss": [4.20547], "hm_loss": [3.92898]}
{"mode": "train", "epoch": 1, "iter": 55, "lr": 0.00091, "time": 0.47098, "data_time": 0.02164, "memory": 4060, "transfer_time": 0.03922, "forward_time": 0.18356, "loss_parse_time": 0.18367, "loss": [3.61999], "hm_loss": [3.38033]}
{"mode": "train", "epoch": 1, "iter": 60, "lr": 0.00101, "time": 0.46318, "data_time": 0.02569, "memory": 4060, "transfer_time": 0.041, "forward_time": 0.17302, "loss_parse_time": 0.17313, "loss": [3.80732], "hm_loss": [3.6146]}
{"mode": "train", "epoch": 1, "iter": 65, "lr": 0.00112, "time": 0.47018, "data_time": 0.02056, "memory": 4060, "transfer_time": 0.03524, "forward_time": 0.1801, "loss_parse_time": 0.18021, "loss": [3.69113], "hm_loss": [3.45557]}
{"mode": "train", "epoch": 1, "iter": 70, "lr": 0.00124, "time": 0.46005, "data_time": 0.02089, "memory": 4060, "transfer_time": 0.03428, "forward_time": 0.17717, "loss_parse_time": 0.17727, "loss": [3.71089], "hm_loss": [3.52217]}
{"mode": "train", "epoch": 1, "iter": 75, "lr": 0.00136, "time": 0.4605, "data_time": 0.02337, "memory": 4060, "transfer_time": 0.03974, "forward_time": 0.17099, "loss_parse_time": 0.17109, "loss": [4.14723], "hm_loss": [3.97058]}
{"mode": "train", "epoch": 1, "iter": 80, "lr": 0.00148, "time": 0.45991, "data_time": 0.0272, "memory": 4060, "transfer_time": 0.04176, "forward_time": 0.17233, "loss_parse_time": 0.17244, "loss": [4.27797], "hm_loss": [4.09754]}
{"mode": "train", "epoch": 1, "iter": 85, "lr": 0.0016, "time": 0.47057, "data_time": 0.02535, "memory": 4060, "transfer_time": 0.04177, "forward_time": 0.18353, "loss_parse_time": 0.18363, "loss": [4.29809], "hm_loss": [4.02739]}
{"mode": "train", "epoch": 1, "iter": 90, "lr": 0.00172, "time": 0.46548, "data_time": 0.02376, "memory": 4060, "transfer_time": 0.03645, "forward_time": 0.18264, "loss_parse_time": 0.18274, "loss": [3.91518], "hm_loss": [3.69956]}
{"mode": "train", "epoch": 1, "iter": 95, "lr": 0.00185, "time": 0.46716, "data_time": 0.02604, "memory": 4060, "transfer_time": 0.04164, "forward_time": 0.18381, "loss_parse_time": 0.18391, "loss": [3.93063], "hm_loss": [3.75237]}
{"mode": "train", "epoch": 1, "iter": 100, "lr": 0.00197, "time": 0.46054, "data_time": 0.02776, "memory": 4060, "transfer_time": 0.04168, "forward_time": 0.16826, "loss_parse_time": 0.16836, "loss": [3.62117], "hm_loss": [3.39108]}
{"mode": "train", "epoch": 1, "iter": 105, "lr": 0.00209, "time": 0.47251, "data_time": 0.02596, "memory": 4060, "transfer_time": 0.04254, "forward_time": 0.18416, "loss_parse_time": 0.18427, "loss": [4.0829], "hm_loss": [3.86032]}
{"mode": "train", "epoch": 1, "iter": 110, "lr": 0.0022, "time": 0.47622, "data_time": 0.02258, "memory": 4060, "transfer_time": 0.03882, "forward_time": 0.18645, "loss_parse_time": 0.18656, "loss": [5.54356], "hm_loss": [5.26743]}
{"mode": "train", "epoch": 1, "iter": 115, "lr": 0.00231, "time": 0.46045, "data_time": 0.0221, "memory": 4060, "transfer_time": 0.03678, "forward_time": 0.18106, "loss_parse_time": 0.18117, "loss": [3.83022], "hm_loss": [3.58801]}
{"mode": "train", "epoch": 1, "iter": 120, "lr": 0.00242, "time": 0.4821, "data_time": 0.02292, "memory": 4060, "transfer_time": 0.03855, "forward_time": 0.18015, "loss_parse_time": 0.18026, "loss": [4.71347], "hm_loss": [4.44401]}
{"mode": "train", "epoch": 1, "iter": 125, "lr": 0.00251, "time": 0.46862, "data_time": 0.0236, "memory": 4060, "transfer_time": 0.03988, "forward_time": 0.17991, "loss_parse_time": 0.18001, "loss": [4.44551], "hm_loss": [4.19205]}
{"mode": "train", "epoch": 1, "iter": 130, "lr": 0.0026, "time": 0.47555, "data_time": 0.01963, "memory": 4060, "transfer_time": 0.03248, "forward_time": 0.18569, "loss_parse_time": 0.18579, "loss": [4.00593], "hm_loss": [3.81799]}
{"mode": "train", "epoch": 1, "iter": 135, "lr": 0.00269, "time": 0.48318, "data_time": 0.02732, "memory": 4060, "transfer_time": 0.04516, "forward_time": 0.18488, "loss_parse_time": 0.18498, "loss": [3.69806], "hm_loss": [3.46813]}
{"mode": "train", "epoch": 1, "iter": 140, "lr": 0.00276, "time": 0.46293, "data_time": 0.0234, "memory": 4060, "transfer_time": 0.03635, "forward_time": 0.17764, "loss_parse_time": 0.17774, "loss": [3.52842], "hm_loss": [3.32336]}
{"mode": "train", "epoch": 1, "iter": 145, "lr": 0.00283, "time": 0.48296, "data_time": 0.03004, "memory": 4060, "transfer_time": 0.04393, "forward_time": 0.18575, "loss_parse_time": 0.18586, "loss": [3.59065], "hm_loss": [3.38055]}
{"mode": "train", "epoch": 1, "iter": 150, "lr": 0.00288, "time": 0.48322, "data_time": 0.02618, "memory": 4060, "transfer_time": 0.04034, "forward_time": 0.1856, "loss_parse_time": 0.18571, "loss": [4.01891], "hm_loss": [3.7769]}
{"mode": "train", "epoch": 1, "iter": 155, "lr": 0.00293, "time": 0.46469, "data_time": 0.02082, "memory": 4060, "transfer_time": 0.03493, "forward_time": 0.16872, "loss_parse_time": 0.16882, "loss": [4.28862], "hm_loss": [4.05083]}
{"mode": "train", "epoch": 1, "iter": 160, "lr": 0.00296, "time": 0.49135, "data_time": 0.02532, "memory": 4060, "transfer_time": 0.04061, "forward_time": 0.18083, "loss_parse_time": 0.18094, "loss": [3.69958], "hm_loss": [3.48473]}
{"mode": "train", "epoch": 1, "iter": 165, "lr": 0.00299, "time": 0.49129, "data_time": 0.02951, "memory": 4060, "transfer_time": 0.04114, "forward_time": 0.19594, "loss_parse_time": 0.19605, "loss": [3.893], "hm_loss": [3.63933]}
{"mode": "train", "epoch": 1, "iter": 170, "lr": 0.003, "time": 0.49099, "data_time": 0.02385, "memory": 4060, "transfer_time": 0.03951, "forward_time": 0.18448, "loss_parse_time": 0.18459, "loss": [4.35428], "hm_loss": [4.1206]}
{"mode": "train", "epoch": 1, "iter": 175, "lr": 0.003, "time": 0.47297, "data_time": 0.02353, "memory": 4060,