{"mode": "train", "epoch": 1, "iter": 5, "lr": 0.0003, "time": 3.13461, "data_time": 1.42479, "memory": 8407, "transfer_time": 1.47727, "forward_time": 2.97373, "loss_parse_time": 2.97389, "loss": [2.79682], "hm_loss": [0.36351], "loc_loss": [0.68176], "loc_loss_elem": [[0.12396, 0.09539, 0.0793, 0.06762, 0.07272, 0.06479, 0.11026, 0.06771]], "num_positive": [45.8], "roi_reg_loss": [0.50618], "roi_cls_loss": [0.56362]}
{"mode": "train", "epoch": 1, "iter": 10, "lr": 0.0003, "time": 1.64941, "data_time": 0.0505, "memory": 8408, "transfer_time": 0.0963, "forward_time": 1.49477, "loss_parse_time": 1.49491, "loss": [2.81588], "hm_loss": [0.27315], "loc_loss": [0.73007], "loc_loss_elem": [[0.10314, 0.08537, 0.06631, 0.07913, 0.0828, 0.05759, 0.13093, 0.12481]], "num_positive": [86.8], "roi_reg_loss": [0.66093], "roi_cls_loss": [0.42166]}
{"mode": "train", "epoch": 1, "iter": 15, "lr": 0.0003, "time": 1.65672, "data_time": 0.05885, "memory": 8408, "transfer_time": 0.10475, "forward_time": 1.50261, "loss_parse_time": 1.50275, "loss": [2.53877], "hm_loss": [0.37447], "loc_loss": [0.72387], "loc_loss_elem": [[0.09378, 0.09338, 0.08564, 0.07511, 0.07237, 0.06073, 0.11911, 0.12375]], "num_positive": [59.6], "roi_reg_loss": [0.39859], "roi_cls_loss": [0.31797]}
{"mode": "train", "epoch": 1, "iter": 20, "lr": 0.0003, "time": 1.65978, "data_time": 0.05226, "memory": 8408, "transfer_time": 0.09633, "forward_time": 1.51225, "loss_parse_time": 1.51239, "loss": [2.47231], "hm_loss": [0.27004], "loc_loss": [0.7455], "loc_loss_elem": [[0.09746, 0.08141, 0.07567, 0.08459, 0.08151, 0.0566, 0.15447, 0.11379]], "num_positive": [85.4], "roi_reg_loss": [0.47163], "roi_cls_loss": [0.23965]}
{"mode": "train", "epoch": 1, "iter": 25, "lr": 0.0003, "time": 1.65631, "data_time": 0.05517, "memory": 8408, "transfer_time": 0.10001, "forward_time": 1.50151, "loss_parse_time": 1.50166, "loss": [2.00651], "hm_loss": [0.27859], "loc_loss": [0.54966], "loc_loss_elem": [[0.11763, 0.09182, 0.06962, 0.05492, 0.05864, 0.05894, 0.03859, 0.05951]], "num_positive": [41.4], "roi_reg_loss": [0.44893], "roi_cls_loss": [0.17967]}
{"mode": "train", "epoch": 1, "iter": 30, "lr": 0.0003, "time": 1.67152, "data_time": 0.0555, "memory": 8408, "transfer_time": 0.10165, "forward_time": 1.51921, "loss_parse_time": 1.51935, "loss": [2.64454], "hm_loss": [0.36948], "loc_loss": [0.73863], "loc_loss_elem": [[0.10535, 0.08985, 0.07534, 0.07194, 0.08053, 0.06805, 0.13057, 0.117]], "num_positive": [71.2], "roi_reg_loss": [0.65396], "roi_cls_loss": [0.14383]}
{"mode": "train", "epoch": 1, "iter": 35, "lr": 0.0003, "time": 1.66685, "data_time": 0.05709, "memory": 8408, "transfer_time": 0.09939, "forward_time": 1.5155, "loss_parse_time": 1.51565, "loss": [2.45627], "hm_loss": [0.34876], "loc_loss": [0.72868], "loc_loss_elem": [[0.12107, 0.0915, 0.0764, 0.07744, 0.08693, 0.05846, 0.12637, 0.09049]], "num_positive": [60.6], "roi_reg_loss": [0.54007], "roi_cls_loss": [0.11008]}
{"mode": "train", "epoch": 1, "iter": 40, "lr": 0.0003, "time": 1.67192, "data_time": 0.05431, "memory": 8409, "transfer_time": 0.09893, "forward_time": 1.52113, "loss_parse_time": 1.52127, "loss": [2.45592], "hm_loss": [0.28168], "loc_loss": [0.731], "loc_loss_elem": [[0.1085, 0.09125, 0.07155, 0.06996, 0.08267, 0.06387, 0.12024, 0.12296]], "num_positive": [67.2], "roi_reg_loss": [0.61845], "roi_cls_loss": [0.0938]}
{"mode": "train", "epoch": 1, "iter": 45, "lr": 0.0003, "time": 1.67319, "data_time": 0.05241, "memory": 8409, "transfer_time": 0.10012, "forward_time": 1.51405, "loss_parse_time": 1.51419, "loss": [2.2684], "hm_loss": [0.23712], "loc_loss": [0.71071], "loc_loss_elem": [[0.10978, 0.09062, 0.0706, 0.07649, 0.07358, 0.06699, 0.11196, 0.11071]], "num_positive": [90.8], "roi_reg_loss": [0.52547], "roi_cls_loss": [0.08439]}
{"mode": "train", "epoch": 1, "iter": 50, "lr": 0.0003, "time": 1.67232, "data_time": 0.05916, "memory": 8409, "transfer_time": 0.10501, "forward_time": 1.513, "loss_parse_time": 1.51315, "loss": [2.48052], "hm_loss": [0.27408], "loc_loss": [0.74157], "loc_loss_elem": [[0.10792, 0.08582, 0.07199, 0.07239, 0.08806, 0.06241, 0.1185, 0.13449]], "num_positive": [65.2], "roi_reg_loss": [0.65347], "roi_cls_loss": [0.06983]}
{"mode": "train", "epoch": 1, "iter": 55, "lr": 0.0003, "time": 1.66947, "data_time": 0.05145, "memory": 8409, "transfer_time": 0.09712, "forward_time": 1.5182, "loss_parse_time": 1.51835, "loss": [2.97004], "hm_loss": [0.3407], "loc_loss": [0.92345], "loc_loss_elem": [[0.12535, 0.09986, 0.09621, 0.07665, 0.0765, 0.07754, 0.20304, 0.1683]], "num_positive": [92.2], "roi_reg_loss": [0.71378], "roi_cls_loss": [0.06865]}
{"mode": "train", "epoch": 1, "iter": 60, "lr": 0.0003, "time": 1.66456, "data_time": 0.04893, "memory": 8409, "transfer_time": 0.09545, "forward_time": 1.51216, "loss_parse_time": 1.51231, "loss": [2.27373], "hm_loss": [0.26559], "loc_loss": [0.7135], "loc_loss_elem": [[0.09985, 0.08505, 0.06968, 0.07271, 0.08379, 0.05939, 0.13524, 0.10779]], "num_positive": [65.4], "roi_reg_loss": [0.52891], "roi_cls_loss": [0.05224]}
{"mode": "train", "epoch": 1, "iter": 65, "lr": 0.0003, "time": 1.67273, "data_time": 0.05517, "memory": 8409, "transfer_time": 0.10115, "forward_time": 1.52036, "loss_parse_time": 1.52049, "loss": [2.31926], "hm_loss": [0.27082], "loc_loss": [0.68314], "loc_loss_elem": [[0.11542, 0.08652, 0.07607, 0.06421, 0.07437, 0.06134, 0.101, 0.10422]], "num_positive": [62.2], "roi_reg_loss": [0.63632], "roi_cls_loss": [0.04585]}
{"mode": "train", "epoch": 1, "iter": 70, "lr": 0.0003, "time": 1.67188, "data_time": 0.05649, "memory": 8409, "transfer_time": 0.10246, "forward_time": 1.51938, "loss_parse_time": 1.51953, "loss": [2.2407], "hm_loss": [0.34853], "loc_loss": [0.73406], "loc_loss_elem": [[0.11018, 0.09179, 0.08953, 0.06856, 0.07528, 0.06463, 0.11793, 0.11615]], "num_positive": [61.6], "roi_reg_loss": [0.38279], "roi_cls_loss": [0.04125]}
{"mode": "train", "epoch": 1, "iter": 75, "lr": 0.0003, "time": 1.66656, "data_time": 0.05143, "memory": 8409, "transfer_time": 0.09639, "forward_time": 1.51503, "loss_parse_time": 1.51517, "loss": [2.12591], "hm_loss": [0.28899], "loc_loss": [0.6341], "loc_loss_elem": [[0.11574, 0.0891, 0.08612, 0.07062, 0.06839, 0.06643, 0.07662, 0.06109]], "num_positive": [64.0], "roi_reg_loss": [0.52886], "roi_cls_loss": [0.03986]}
{"mode": "train", "epoch": 1, "iter": 80, "lr": 0.0003, "time": 1.66242, "data_time": 0.05347, "memory": 8409, "transfer_time": 0.09916, "forward_time": 1.51295, "loss_parse_time": 1.51309, "loss": [1.83214], "hm_loss": [0.28449], "loc_loss": [0.58416], "loc_loss_elem": [[0.10525, 0.08355, 0.07323, 0.06222, 0.07181, 0.05845, 0.06111, 0.06853]], "num_positive": [42.6], "roi_reg_loss": [0.34662], "roi_cls_loss": [0.03272]}
{"mode": "train", "epoch": 1, "iter": 85, "lr": 0.0003, "time": 1.67354, "data_time": 0.05089, "memory": 8409, "transfer_time": 0.09335, "forward_time": 1.52771, "loss_parse_time": 1.52787, "loss": [2.31542], "hm_loss": [0.29907], "loc_loss": [0.65273], "loc_loss_elem": [[0.11085, 0.07822, 0.07053, 0.06198, 0.07477, 0.06097, 0.08809, 0.10731]], "num_positive": [62.8], "roi_reg_loss": [0.6758], "roi_cls_loss": [0.0351]}
{"mode": "train", "epoch": 1, "iter": 90, "lr": 0.0003, "time": 1.6612, "data_time": 0.05225, "memory": 8409, "transfer_time": 0.0965, "forward_time": 1.50903, "loss_parse_time": 1.50917, "loss": [2.28252], "hm_loss": [0.28908], "loc_loss": [0.64334], "loc_loss_elem": [[0.11359, 0.10044, 0.0758, 0.06532, 0.06809, 0.07091, 0.0694, 0.07978]], "num_positive": [59.8], "roi_reg_loss": [0.67392], "roi_cls_loss": [0.03284]}
{"mode": "train", "epoch": 1, "iter": 95, "lr": 0.0003, "time": 1.67434, "data_time": 0.05782, "memory": 8409, "transfer_time": 0.1012, "forward_time": 1.51937, "loss_parse_time": 1.51951, "loss": [2.22427], "hm_loss": [0.27991], "loc_loss": [0.67997], "loc_loss_elem": [[0.1038, 0.09091, 0.07117, 0.07684, 0.07651, 0.0644, 0.10538, 0.09097]], "num_positive": [75.6],