{"mode": "train", "epoch": 1, "iter": 5, "lr": 5e-05, "time": 3.91289, "data_time": 1.41327, "memory": 12155, "transfer_time": 1.45538, "forward_time": 3.71288, "loss_parse_time": 3.71304, "loss": [3.14262], "hm_loss": [0.0], "loc_loss": [0.68385], "loc_loss_elem": [[0.12413, 0.09568, 0.07964, 0.06761, 0.07299, 0.06508, 0.11029, 0.06842]], "num_positive": [45.8], "roi_reg_loss": [1.02922], "roi_cls_loss": [0.7457]}
{"mode": "train", "epoch": 1, "iter": 10, "lr": 5e-05, "time": 2.44204, "data_time": 0.05352, "memory": 12187, "transfer_time": 0.09559, "forward_time": 2.24414, "loss_parse_time": 2.24429, "loss": [3.05298], "hm_loss": [0.0], "loc_loss": [0.74255], "loc_loss_elem": [[0.10352, 0.08564, 0.06701, 0.07977, 0.08397, 0.05796, 0.139, 0.12569]], "num_positive": [86.8], "roi_reg_loss": [0.86445], "roi_cls_loss": [0.70343]}
{"mode": "train", "epoch": 1, "iter": 15, "lr": 5e-05, "time": 2.47309, "data_time": 0.05917, "memory": 12193, "transfer_time": 0.10162, "forward_time": 2.27603, "loss_parse_time": 2.27617, "loss": [3.16367], "hm_loss": [0.0], "loc_loss": [0.74128], "loc_loss_elem": [[0.09468, 0.09462, 0.08796, 0.07688, 0.07384, 0.06165, 0.12321, 0.12844]], "num_positive": [59.6], "roi_reg_loss": [0.94979], "roi_cls_loss": [0.73132]}
{"mode": "train", "epoch": 1, "iter": 20, "lr": 5e-05, "time": 2.50255, "data_time": 0.05664, "memory": 12193, "transfer_time": 0.10142, "forward_time": 2.30831, "loss_parse_time": 2.30845, "loss": [3.00561], "hm_loss": [0.0], "loc_loss": [0.76212], "loc_loss_elem": [[0.10006, 0.08286, 0.07629, 0.086, 0.08321, 0.05798, 0.15974, 0.11597]], "num_positive": [85.4], "roi_reg_loss": [0.86409], "roi_cls_loss": [0.61728]}
{"mode": "train", "epoch": 1, "iter": 25, "lr": 5e-05, "time": 2.42409, "data_time": 0.0481, "memory": 12193, "transfer_time": 0.08961, "forward_time": 2.23, "loss_parse_time": 2.23014, "loss": [2.57992], "hm_loss": [0.0], "loc_loss": [0.56506], "loc_loss_elem": [[0.11995, 0.09334, 0.0711, 0.05583, 0.05946, 0.05978, 0.0432, 0.0624]], "num_positive": [41.4], "roi_reg_loss": [0.91471], "roi_cls_loss": [0.53509]}
{"mode": "train", "epoch": 1, "iter": 30, "lr": 5e-05, "time": 6.6662, "data_time": 1.13246, "memory": 12193, "transfer_time": 1.17467, "forward_time": 6.46762, "loss_parse_time": 6.46776, "loss": [3.03694], "hm_loss": [0.0], "loc_loss": [0.755], "loc_loss_elem": [[0.10578, 0.09177, 0.08393, 0.07129, 0.08037, 0.06875, 0.13345, 0.11965]], "num_positive": [71.2], "roi_reg_loss": [0.91571], "roi_cls_loss": [0.61122]}
{"mode": "train", "epoch": 1, "iter": 35, "lr": 5e-05, "time": 8.24333, "data_time": 2.11941, "memory": 12211, "transfer_time": 2.15729, "forward_time": 8.03883, "loss_parse_time": 8.03896, "loss": [3.11711], "hm_loss": [0.0], "loc_loss": [0.75777], "loc_loss_elem": [[0.12419, 0.09176, 0.08045, 0.07987, 0.08983, 0.06039, 0.13325, 0.09805]], "num_positive": [60.6], "roi_reg_loss": [1.00648], "roi_cls_loss": [0.59509]}
{"mode": "train", "epoch": 1, "iter": 40, "lr": 5e-05, "time": 7.14573, "data_time": 1.90951, "memory": 12236, "transfer_time": 1.94797, "forward_time": 6.94754, "loss_parse_time": 6.94769, "loss": [2.87863], "hm_loss": [0.0], "loc_loss": [0.75096], "loc_loss_elem": [[0.11136, 0.09253, 0.07398, 0.07236, 0.08377, 0.0647, 0.12715, 0.12511]], "num_positive": [67.2], "roi_reg_loss": [0.86769], "roi_cls_loss": [0.50903]}
