{"mode": "train", "epoch": 1, "iter": 5, "lr": 5e-05, "time": 5.36001, "data_time": 1.42416, "memory": 11649, "transfer_time": 1.46638, "forward_time": 5.19742, "loss_parse_time": 5.19757, "loss": [2.99597], "hm_loss": [0.0], "loc_loss": [0.69844], "loc_loss_elem": [[0.14046, 0.09225, 0.09179, 0.06733, 0.09055, 0.07691, 0.07329, 0.06586]], "num_positive": [23.0], "roi_reg_loss": [0.92488], "roi_cls_loss": [0.67421]}
{"mode": "train", "epoch": 1, "iter": 10, "lr": 5e-05, "time": 3.85177, "data_time": 0.05602, "memory": 11678, "transfer_time": 0.09749, "forward_time": 3.68807, "loss_parse_time": 3.6882, "loss": [3.11807], "hm_loss": [0.0], "loc_loss": [0.84257], "loc_loss_elem": [[0.12239, 0.0911, 0.07641, 0.07994, 0.09703, 0.06317, 0.18904, 0.1235]], "num_positive": [52.4], "roi_reg_loss": [0.78584], "roi_cls_loss": [0.64708]}
{"mode": "train", "epoch": 1, "iter": 15, "lr": 5e-05, "time": 3.88128, "data_time": 0.05936, "memory": 11678, "transfer_time": 0.09996, "forward_time": 3.71827, "loss_parse_time": 3.71841, "loss": [2.94388], "hm_loss": [0.0], "loc_loss": [0.77217], "loc_loss_elem": [[0.10178, 0.10303, 0.08728, 0.08442, 0.0883, 0.07199, 0.11917, 0.1162]], "num_positive": [35.0], "roi_reg_loss": [0.78662], "roi_cls_loss": [0.61291]}
{"mode": "train", "epoch": 1, "iter": 20, "lr": 5e-05, "time": 3.88497, "data_time": 0.05473, "memory": 11678, "transfer_time": 0.0962, "forward_time": 3.72013, "loss_parse_time": 3.72026, "loss": [3.23266], "hm_loss": [0.0], "loc_loss": [0.89659], "loc_loss_elem": [[0.11255, 0.09128, 0.08915, 0.09434, 0.09126, 0.0705, 0.20068, 0.14683]], "num_positive": [53.0], "roi_reg_loss": [0.80328], "roi_cls_loss": [0.63621]}
