{"mode": "train", "epoch": 1, "iter": 5, "lr": 0.0003, "time": 3.1379, "data_time": 1.41463, "memory": 8408, "transfer_time": 1.47149, "forward_time": 2.97324, "loss_parse_time": 2.9734, "loss": [3.24338], "hm_loss": [0.36354], "loc_loss": [0.68173], "loc_loss_elem": [[0.12395, 0.09539, 0.0793, 0.06762, 0.07272, 0.06479, 0.11027, 0.06769]], "num_positive": [45.8], "roi_reg_loss": [1.01262], "roi_cls_loss": [0.50377]}
{"mode": "train", "epoch": 1, "iter": 10, "lr": 0.0003, "time": 1.67914, "data_time": 0.05105, "memory": 8408, "transfer_time": 0.09538, "forward_time": 1.51817, "loss_parse_time": 1.51831, "loss": [2.98635], "hm_loss": [0.27318], "loc_loss": [0.73024], "loc_loss_elem": [[0.10313, 0.08537, 0.06632, 0.07913, 0.08281, 0.0576, 0.13108, 0.1248]], "num_positive": [86.8], "roi_reg_loss": [0.84063], "roi_cls_loss": [0.41205]}
{"mode": "train", "epoch": 1, "iter": 15, "lr": 0.0003, "time": 1.68302, "data_time": 0.05685, "memory": 8408, "transfer_time": 0.1, "forward_time": 1.52598, "loss_parse_time": 1.52612, "loss": [3.03476], "hm_loss": [0.37455], "loc_loss": [0.72367], "loc_loss_elem": [[0.09378, 0.09338, 0.08563, 0.07508, 0.07233, 0.06072, 0.11911, 0.12363]], "num_positive": [59.6], "roi_reg_loss": [0.87459], "roi_cls_loss": [0.33828]}
