{"mode": "train", "epoch": 1, "iter": 5, "lr": 0.0003, "time": 4.93685, "data_time": 1.41803, "memory": 11438, "transfer_time": 1.46425, "forward_time": 3.61213, "loss_parse_time": 3.61228, "loss": [12.36622], "hm_loss": [10.10665], "loc_loss": [0.68019], "loc_loss_elem": [[0.12389, 0.09555, 0.07955, 0.06727, 0.07223, 0.06511, 0.10902, 0.06755]], "num_positive": [45.8], "roi_reg_loss": [0.24566], "roi_cls_loss": [0.65354]}
{"mode": "train", "epoch": 1, "iter": 10, "lr": 0.0003, "time": 3.48938, "data_time": 0.05345, "memory": 11459, "transfer_time": 0.09566, "forward_time": 2.18091, "loss_parse_time": 2.18105, "loss": [11.23769], "hm_loss": [9.2085], "loc_loss": [0.73502], "loc_loss_elem": [[0.10305, 0.08548, 0.06655, 0.07917, 0.08348, 0.05778, 0.13496, 0.12455]], "num_positive": [86.8], "roi_reg_loss": [0.0], "roi_cls_loss": [0.55916]}
{"mode": "train", "epoch": 1, "iter": 15, "lr": 0.0003, "time": 3.53134, "data_time": 0.05369, "memory": 11469, "transfer_time": 0.09659, "forward_time": 2.21358, "loss_parse_time": 2.21373, "loss": [11.13706], "hm_loss": [9.2085], "loc_loss": [0.72159], "loc_loss_elem": [[0.09413, 0.09357, 0.08598, 0.07524, 0.07227, 0.06092, 0.11706, 0.12242]], "num_positive": [59.6], "roi_reg_loss": [0.0], "roi_cls_loss": [0.48539]}
{"mode": "train", "epoch": 1, "iter": 20, "lr": 0.0003, "time": 3.52219, "data_time": 0.06112, "memory": 11469, "transfer_time": 0.10374, "forward_time": 2.20126, "loss_parse_time": 2.20141, "loss": [11.13167], "hm_loss": [9.2085], "loc_loss": [0.75388], "loc_loss_elem": [[0.09862, 0.08194, 0.07589, 0.08482, 0.08138, 0.05685, 0.16049, 0.11388]], "num_positive": [85.4], "roi_reg_loss": [0.0], "roi_cls_loss": [0.41542]}
{"mode": "train", "epoch": 1, "iter": 25, "lr": 0.0003, "time": 3.50381, "data_time": 0.06356, "memory": 11469, "transfer_time": 0.1069, "forward_time": 2.17247, "loss_parse_time": 2.17262, "loss": [10.667], "hm_loss": [9.2085], "loc_loss": [0.55108], "loc_loss_elem": [[0.11813, 0.09163, 0.06957, 0.05478, 0.05843, 0.05919, 0.04025, 0.0591]], "num_positive": [41.4], "roi_reg_loss": [0.0], "roi_cls_loss": [0.35634]}
