{"mode": "train", "epoch": 1, "iter": 5, "lr": 5e-05, "time": 17.40574, "data_time": 2.53929, "memory": 18850, "transfer_time": 2.69272, "forward_time": 16.66381, "loss_parse_time": 16.66395, "loss": [2.82917], "hm_loss": [0.0], "loc_loss": [0.6389], "loc_loss_elem": [[0.10176, 0.08828, 0.07079, 0.06658, 0.06962, 0.0581, 0.09069, 0.09307]], "num_positive": [531.8], "roi_reg_loss": [0.83426], "roi_cls_loss": [0.71711]}
{"mode": "train", "epoch": 1, "iter": 10, "lr": 5e-05, "time": 15.16664, "data_time": 0.43, "memory": 18850, "transfer_time": 0.58084, "forward_time": 14.38038, "loss_parse_time": 14.38052, "loss": [2.76101], "hm_loss": [0.0], "loc_loss": [0.63406], "loc_loss_elem": [[0.10203, 0.08621, 0.07434, 0.06921, 0.07065, 0.0614, 0.08896, 0.08126]], "num_positive": [475.2], "roi_reg_loss": [0.85137], "roi_cls_loss": [0.64151]}
