{"mode": "train", "epoch": 1, "iter": 5, "lr": 0.0003, "time": 3.16914, "data_time": 1.43484, "memory": 8408, "transfer_time": 1.48959, "forward_time": 3.0116, "loss_parse_time": 3.01177, "loss": [2666.89871], "hm_loss": [2663.96824], "loc_loss": [0.68486], "loc_loss_elem": [[0.12434, 0.09555, 0.07992, 0.06743, 0.07306, 0.06509, 0.11087, 0.06861]], "num_positive": [45.8], "roi_reg_loss": [1.03939], "roi_cls_loss": [0.52141]}
{"mode": "train", "epoch": 1, "iter": 10, "lr": 0.0003, "time": 1.67982, "data_time": 0.0524, "memory": 8408, "transfer_time": 0.09556, "forward_time": 1.52567, "loss_parse_time": 1.52582, "loss": [1312.28831], "hm_loss": [1309.50273], "loc_loss": [0.74218], "loc_loss_elem": [[0.10363, 0.08581, 0.06739, 0.07993, 0.08413, 0.05792, 0.13897, 0.1244]], "num_positive": [86.8], "roi_reg_loss": [0.86901], "roi_cls_loss": [0.4322]}
