{"mode": "train", "epoch": 1, "iter": 5, "lr": 0.0003, "time": 3.1265, "data_time": 1.42972, "memory": 8407, "transfer_time": 1.47981, "forward_time": 2.96965, "loss_parse_time": 2.9698, "loss": [3.24338], "hm_loss": [0.36354], "loc_loss": [0.68173], "loc_loss_elem": [[0.12395, 0.09539, 0.0793, 0.06762, 0.07272, 0.06479, 0.11027, 0.06769]], "num_positive": [45.8], "roi_reg_loss": [1.01262], "roi_cls_loss": [0.50377]}
{"mode": "train", "epoch": 1, "iter": 10, "lr": 0.0003, "time": 1.63209, "data_time": 0.05314, "memory": 8408, "transfer_time": 0.09905, "forward_time": 1.4831, "loss_parse_time": 1.48324, "loss": [2.98631], "hm_loss": [0.27318], "loc_loss": [0.73024], "loc_loss_elem": [[0.10313, 0.08537, 0.06632, 0.07913, 0.08281, 0.0576, 0.13108, 0.1248]], "num_positive": [86.8], "roi_reg_loss": [0.84061], "roi_cls_loss": [0.41203]}
{"mode": "train", "epoch": 1, "iter": 15, "lr": 0.0003, "time": 1.64301, "data_time": 0.05645, "memory": 8408, "transfer_time": 0.10312, "forward_time": 1.48797, "loss_parse_time": 1.48811, "loss": [3.03457], "hm_loss": [0.37455], "loc_loss": [0.72367], "loc_loss_elem": [[0.09378, 0.09338, 0.08563, 0.07508, 0.07233, 0.06072, 0.11911, 0.12363]], "num_positive": [59.6], "roi_reg_loss": [0.87441], "roi_cls_loss": [0.33826]}
{"mode": "train", "epoch": 1, "iter": 20, "lr": 0.0003, "time": 1.64796, "data_time": 0.05767, "memory": 8408, "transfer_time": 0.10213, "forward_time": 1.49154, "loss_parse_time": 1.49169, "loss": [2.92879], "hm_loss": [0.26999], "loc_loss": [0.74542], "loc_loss_elem": [[0.09746, 0.0814, 0.07567, 0.08455, 0.08147, 0.05658, 0.15457, 0.11373]], "num_positive": [85.4], "roi_reg_loss": [0.85272], "roi_cls_loss": [0.31525]}
{"mode": "train", "epoch": 1, "iter": 25, "lr": 0.0003, "time": 1.65059, "data_time": 0.05565, "memory": 8408, "transfer_time": 0.10035, "forward_time": 1.49564, "loss_parse_time": 1.49579, "loss": [2.5198], "hm_loss": [0.27887], "loc_loss": [0.54956], "loc_loss_elem": [[0.1176, 0.09178, 0.06961, 0.0549, 0.05865, 0.05891, 0.0386, 0.05952]], "num_positive": [41.4], "roi_reg_loss": [0.94931], "roi_cls_loss": [0.19251]}
{"mode": "train", "epoch": 1, "iter": 30, "lr": 0.0003, "time": 1.65819, "data_time": 0.05849, "memory": 8408, "transfer_time": 0.10803, "forward_time": 1.50546, "loss_parse_time": 1.50559, "loss": [2.97785], "hm_loss": [0.36959], "loc_loss": [0.73865], "loc_loss_elem": [[0.10533, 0.08984, 0.07545, 0.07193, 0.08049, 0.06804, 0.1305, 0.11707]], "num_positive": [71.2], "roi_reg_loss": [0.89951], "roi_cls_loss": [0.23146]}
{"mode": "train", "epoch": 1, "iter": 35, "lr": 0.0003, "time": 1.65023, "data_time": 0.0541, "memory": 8408, "transfer_time": 0.10089, "forward_time": 1.50166, "loss_parse_time": 1.5018, "loss": [3.06335], "hm_loss": [0.3486], "loc_loss": [0.7286], "loc_loss_elem": [[0.12111, 0.09148, 0.07643, 0.07742, 0.08686, 0.05847, 0.12634, 0.0905]], "num_positive": [60.6], "roi_reg_loss": [1.02345], "roi_cls_loss": [0.23409]}
{"mode": "train", "epoch": 1, "iter": 40, "lr": 0.0003, "time": 1.65099, "data_time": 0.05593, "memory": 8408, "transfer_time": 0.1025, "forward_time": 1.4995, "loss_parse_time": 1.49964, "loss": [2.75853], "hm_loss": [0.28157], "loc_loss": [0.73103], "loc_loss_elem": [[0.10849, 0.09128, 0.07156, 0.06992, 0.08263, 0.06387, 0.12029, 0.12299]], "num_positive": [67.2], "roi_reg_loss": [0.82943], "roi_cls_loss": [0.18547]}
{"mode": "train", "epoch": 1, "iter": 45, "lr": 0.0003, "time": 1.65429, "data_time": 0.0538, "memory": 8408, "transfer_time": 0.10154, "forward_time": 1.50166, "loss_parse_time": 1.50181, "loss": [2.76368], "hm_loss": [0.23712], "loc_loss": [0.71085], "loc_loss_elem": [[0.10978, 0.09065, 0.07062, 0.07647, 0.07358, 0.06697, 0.1121, 0.11069]], "num_positive": [90.8], "roi_reg_loss": [0.87471], "roi_cls_loss": [0.23016]}
{"mode": "train", "epoch": 1, "iter": 50, "lr": 0.0003, "time": 1.65581, "data_time": 0.05618, "memory": 8408, "transfer_time": 0.10238, "forward_time": 1.49729, "loss_parse_time": 1.49743, "loss": [2.78923], "hm_loss": [0.2744], "loc_loss": [0.7419], "loc_loss_elem": [[0.10792, 0.08585, 0.07201, 0.07239, 0.08808, 0.06239, 0.11883, 0.13444]], "num_positive": [65.2], "roi_reg_loss": [0.85977], "roi_cls_loss": [0.17126]}
{"mode": "train", "epoch": 1, "iter": 55, "lr": 0.0003, "time": 1.66494, "data_time": 0.05298, "memory": 8408, "transfer_time": 0.10093, "forward_time": 1.51774, "loss_parse_time": 1.5179, "loss": [3.3225], "hm_loss": [0.34039], "loc_loss": [0.923], "loc_loss_elem": [[0.12532, 0.09985, 0.09617, 0.07664, 0.07645, 0.07753, 0.2029, 0.16815]], "num_positive": [92.2], "roi_reg_loss": [0.89294], "roi_cls_loss": [0.24316]}
{"mode": "train", "epoch": 1, "iter": 60, "lr": 0.0003, "time": 1.66911, "data_time": 0.05797, "memory": 8408, "transfer_time": 0.10451, "forward_time": 1.50898, "loss_parse_time": 1.50912, "loss": [2.7334], "hm_loss": [0.2655], "loc_loss": [0.71326], "loc_loss_elem": [[0.09984, 0.08505, 0.06966, 0.07272, 0.08379, 0.05938, 0.13526, 0.10756]], "num_positive": [65.4], "roi_reg_loss": [0.87379], "roi_cls_loss": [0.16759]}
{"mode": "train", "epoch": 1, "iter": 65, "lr": 0.0003, "time": 1.66065, "data_time": 0.05409, "memory": 8408, "transfer_time": 0.10315, "forward_time": 1.5111, "loss_parse_time": 1.51124, "loss": [2.81303], "hm_loss": [0.27098], "loc_loss": [0.68327], "loc_loss_elem": [[0.11541, 0.08654, 0.07611, 0.06419, 0.07444, 0.06133, 0.10094, 0.10431]], "num_positive": [62.2], "roi_reg_loss": [1.01818], "roi_cls_loss": [0.15732]}
{"mode": "train", "epoch": 1, "iter": 70, "lr": 0.0003, "time": 1.65959, "data_time": 0.05748, "memory": 8408, "transfer_time": 0.10385, "forward_time": 1.50649, "loss_parse_time": 1.50663, "loss": [2.89516], "hm_loss": [0.34868], "loc_loss": [0.73373], "loc_loss_elem": [[0.11015, 0.09177, 0.08951, 0.06854, 0.07527, 0.06466, 0.11771, 0.11613]], "num_positive": [61.6], "roi_reg_loss": [0.91968], "roi_cls_loss": [0.15935]}
{"mode": "train", "epoch": 1, "iter": 75, "lr": 0.0003, "time": 1.65413, "data_time": 0.0513, "memory": 8408, "transfer_time": 0.09776, "forward_time": 1.50436, "loss_parse_time": 1.5045, "loss": [2.647], "hm_loss": [0.28966], "loc_loss": [0.63386], "loc_loss_elem": [[0.11577, 0.08908, 0.08615, 0.07057, 0.06843, 0.06645, 0.07637, 0.06104]], "num_positive": [64.0], "roi_reg_loss": [0.93668], "roi_cls_loss": [0.15295]}
{"mode": "train", "epoch": 1, "iter": 80, "lr": 0.0003, "time": 1.65199, "data_time": 0.05587, "memory": 8408, "transfer_time": 0.10234, "forward_time": 1.502, "loss_parse_time": 1.50215, "loss": [2.45339], "hm_loss": [0.2844], "loc_loss": [0.58335], "loc_loss_elem": [[0.10524, 0.08343, 0.07328, 0.0622, 0.07152, 0.0585, 0.06085, 0.06834]], "num_positive": [42.6], "roi_reg_loss": [0.8924], "roi_cls_loss": [0.10989]}
{"mode": "train", "epoch": 1, "iter": 85, "lr": 0.0003, "time": 1.65891, "data_time": 0.05302, "memory": 8408, "transfer_time": 0.09853, "forward_time": 1.50374, "loss_parse_time": 1.50389, "loss": [2.57045], "hm_loss": [0.29949], "loc_loss": [0.65281], "loc_loss_elem": [[0.11085, 0.07821, 0.07051, 0.06199, 0.07481, 0.06099, 0.08801, 0.10743]], "num_positive": [62.8], "roi_reg_loss": [0.84039], "roi_cls_loss": [0.12494]}
{"mode": "train", "epoch": 1, "iter": 90, "lr": 0.0003, "time": 1.64912, "data_time": 0.05182, "memory": 8408, "transfer_time": 0.0959, "forward_time": 1.50284, "loss_parse_time": 1.50298, "loss": [2.63558], "hm_loss": [0.28937], "loc_loss": [0.64385], "loc_loss_elem": [[0.11361, 0.10043, 0.07578, 0.06533, 0.06804, 0.07089, 0.0699, 0.07988]], "num_positive": [59.8], "roi_reg_loss": [0.93021], "roi_cls_loss": [0.12831]}
{"mode": "train", "epoch": 1, "iter": 95, "lr": 0.0003, "time": 1.65453, "data_time": 0.05234, "memory": 8408, "transfer_time": 0.09886, "forward_time": 1.50505, "loss_parse_time": 1.50519, "loss": [2.64252], "hm_loss": [0.27979], "loc_loss": [0.68002], "loc_loss_elem": [[0.10379, 0.09091, 0.07112, 0.07687, 0.07651, 0.06437, 0.10521, 0.09124]], "num_positive": [75.6],