{"mode": "train", "epoch": 1, "iter": 5, "lr": 5e-05, "time": 96.15455, "data_time": 1.20792, "memory": 10649, "transfer_time": 1.29029, "forward_time": 95.78434, "loss_parse_time": 95.78447, "loss": [2.95458], "hm_loss": [0.0], "loc_loss": [0.60658], "loc_loss_elem": [[0.10316, 0.08867, 0.08126, 0.06088, 0.06187, 0.06604, 0.06151, 0.0832]], "num_positive": [178.8], "roi_reg_loss": [0.95724], "roi_cls_loss": [0.78418]}
