{"mode": "train", "epoch": 1, "iter": 5, "lr": 5e-05, "time": 5.8044, "data_time": 1.40142, "memory": 8151, "transfer_time": 1.44037, "forward_time": 5.68751, "loss_parse_time": 5.68766, "loss": [3.00121], "hm_loss": [0.0], "loc_loss": [0.69829], "loc_loss_elem": [[0.14054, 0.09218, 0.09174, 0.06728, 0.09052, 0.07685, 0.07326, 0.06591]], "num_positive": [23.0], "roi_reg_loss": [0.91457], "roi_cls_loss": [0.69005]}
{"mode": "train", "epoch": 1, "iter": 10, "lr": 5e-05, "time": 4.37652, "data_time": 0.06016, "memory": 8151, "transfer_time": 0.10103, "forward_time": 4.26171, "loss_parse_time": 4.26185, "loss": [3.10757], "hm_loss": [0.0], "loc_loss": [0.84383], "loc_loss_elem": [[0.12246, 0.09106, 0.07648, 0.0801, 0.09719, 0.06312, 0.18929, 0.12412]], "num_positive": [52.4], "roi_reg_loss": [0.77634], "roi_cls_loss": [0.64358]}
{"mode": "train", "epoch": 1, "iter": 15, "lr": 5e-05, "time": 4.34861, "data_time": 0.05578, "memory": 8151, "transfer_time": 0.09754, "forward_time": 4.23365, "loss_parse_time": 4.23379, "loss": [2.95256], "hm_loss": [0.0], "loc_loss": [0.77227], "loc_loss_elem": [[0.10164, 0.10304, 0.08727, 0.08442, 0.08822, 0.07189, 0.11897, 0.11682]], "num_positive": [35.0], "roi_reg_loss": [0.79168], "roi_cls_loss": [0.61634]}
{"mode": "train", "epoch": 1, "iter": 20, "lr": 5e-05, "time": 4.36945, "data_time": 0.05746, "memory": 8151, "transfer_time": 0.09728, "forward_time": 4.25363, "loss_parse_time": 4.25377, "loss": [3.19435], "hm_loss": [0.0], "loc_loss": [0.89894], "loc_loss_elem": [[0.11219, 0.09093, 0.08903, 0.09485, 0.09145, 0.0707, 0.20226, 0.14753]], "num_positive": [53.0], "roi_reg_loss": [0.8035], "roi_cls_loss": [0.59297]}
{"mode": "train", "epoch": 1, "iter": 25, "lr": 5e-05, "time": 4.38745, "data_time": 0.06123, "memory": 8152, "transfer_time": 0.10167, "forward_time": 4.26693, "loss_parse_time": 4.26707, "loss": [2.43522], "hm_loss": [0.0], "loc_loss": [0.5535], "loc_loss_elem": [[0.12556, 0.07985, 0.0737, 0.05851, 0.05872, 0.06212, 0.03898, 0.05607]], "num_positive": [24.0], "roi_reg_loss": [0.7798], "roi_cls_loss": [0.54842]}
{"mode": "train", "epoch": 1, "iter": 30, "lr": 5e-05, "time": 4.37936, "data_time": 0.06313, "memory": 8152, "transfer_time": 0.10397, "forward_time": 4.2658, "loss_parse_time": 4.26595, "loss": [3.08299], "hm_loss": [0.0], "loc_loss": [0.84031], "loc_loss_elem": [[0.11756, 0.09493, 0.09793, 0.07192, 0.09445, 0.07529, 0.15585, 0.13239]], "num_positive": [42.2], "roi_reg_loss": [0.80644], "roi_cls_loss": [0.59593]}
