{"mode": "train", "epoch": 1, "iter": 5, "lr": 5e-05, "time": 7.15787, "data_time": 1.38231, "memory": 8151, "transfer_time": 1.4262, "forward_time": 7.03386, "loss_parse_time": 7.03401, "loss": [3.00124], "hm_loss": [0.0], "loc_loss": [0.6983], "loc_loss_elem": [[0.14054, 0.09219, 0.09174, 0.06729, 0.09052, 0.07685, 0.07326, 0.06591]], "num_positive": [23.0], "roi_reg_loss": [0.9146], "roi_cls_loss": [0.69005]}
{"mode": "train", "epoch": 1, "iter": 10, "lr": 5e-05, "time": 5.70309, "data_time": 0.04679, "memory": 8151, "transfer_time": 0.08658, "forward_time": 5.58686, "loss_parse_time": 5.58698, "loss": [3.11274], "hm_loss": [0.0], "loc_loss": [0.8438], "loc_loss_elem": [[0.12246, 0.09106, 0.07649, 0.0801, 0.0972, 0.06312, 0.18926, 0.12413]], "num_positive": [52.4], "roi_reg_loss": [0.78066], "roi_cls_loss": [0.64447]}
{"mode": "train", "epoch": 1, "iter": 15, "lr": 5e-05, "time": 5.75956, "data_time": 0.05703, "memory": 8151, "transfer_time": 0.09635, "forward_time": 5.63475, "loss_parse_time": 5.63488, "loss": [2.94881], "hm_loss": [0.0], "loc_loss": [0.77226], "loc_loss_elem": [[0.10164, 0.10304, 0.08729, 0.08442, 0.08822, 0.07189, 0.11895, 0.11682]], "num_positive": [35.0], "roi_reg_loss": [0.78985], "roi_cls_loss": [0.61443]}
{"mode": "train", "epoch": 1, "iter": 20, "lr": 5e-05, "time": 5.75343, "data_time": 0.05168, "memory": 8151, "transfer_time": 0.0907, "forward_time": 5.63377, "loss_parse_time": 5.6339, "loss": [3.19006], "hm_loss": [0.0], "loc_loss": [0.89892], "loc_loss_elem": [[0.11219, 0.09093, 0.08903, 0.09485, 0.09146, 0.0707, 0.20224, 0.14753]], "num_positive": [53.0], "roi_reg_loss": [0.80469], "roi_cls_loss": [0.58754]}
