{"mode": "train", "epoch": 1, "iter": 5, "lr": 5e-05, "time": 7.09303, "data_time": 4.33375, "memory": 12155, "transfer_time": 4.37581, "forward_time": 6.89529, "loss_parse_time": 6.89543, "loss": [3.14262], "hm_loss": [0.0], "loc_loss": [0.68385], "loc_loss_elem": [[0.12413, 0.09568, 0.07964, 0.06761, 0.07299, 0.06508, 0.11029, 0.06842]], "num_positive": [45.8], "roi_reg_loss": [1.02922], "roi_cls_loss": [0.7457]}
{"mode": "train", "epoch": 1, "iter": 10, "lr": 5e-05, "time": 4.68073, "data_time": 2.22222, "memory": 12187, "transfer_time": 2.26663, "forward_time": 4.48218, "loss_parse_time": 4.48233, "loss": [3.05298], "hm_loss": [0.0], "loc_loss": [0.74255], "loc_loss_elem": [[0.10352, 0.08564, 0.06701, 0.07977, 0.08397, 0.05796, 0.139, 0.12569]], "num_positive": [86.8], "roi_reg_loss": [0.86445], "roi_cls_loss": [0.70343]}
{"mode": "train", "epoch": 1, "iter": 15, "lr": 5e-05, "time": 4.07711, "data_time": 1.05877, "memory": 12193, "transfer_time": 1.10278, "forward_time": 3.87644, "loss_parse_time": 3.87661, "loss": [3.1637], "hm_loss": [0.0], "loc_loss": [0.74128], "loc_loss_elem": [[0.09468, 0.09462, 0.08796, 0.07688, 0.07384, 0.06165, 0.12321, 0.12844]], "num_positive": [59.6], "roi_reg_loss": [0.9498], "roi_cls_loss": [0.73135]}
{"mode": "train", "epoch": 1, "iter": 20, "lr": 5e-05, "time": 4.85876, "data_time": 1.57926, "memory": 12193, "transfer_time": 1.62591, "forward_time": 4.65469, "loss_parse_time": 4.6549, "loss": [3.00564], "hm_loss": [0.0], "loc_loss": [0.76212], "loc_loss_elem": [[0.10006, 0.08286, 0.07629, 0.086, 0.08321, 0.05798, 0.15974, 0.11597]], "num_positive": [85.4], "roi_reg_loss": [0.86407], "roi_cls_loss": [0.61732]}
{"mode": "train", "epoch": 1, "iter": 25, "lr": 5e-05, "time": 5.05667, "data_time": 0.04728, "memory": 12193, "transfer_time": 0.08789, "forward_time": 4.86553, "loss_parse_time": 4.86567, "loss": [2.57985], "hm_loss": [0.0], "loc_loss": [0.56506], "loc_loss_elem": [[0.11995, 0.09334, 0.0711, 0.05583, 0.05946, 0.05978, 0.0432, 0.0624]], "num_positive": [41.4], "roi_reg_loss": [0.91466], "roi_cls_loss": [0.53506]}
{"mode": "train", "epoch": 1, "iter": 30, "lr": 5e-05, "time": 3.94747, "data_time": 0.22175, "memory": 12193, "transfer_time": 0.26299, "forward_time": 3.74646, "loss_parse_time": 3.74661, "loss": [3.03705], "hm_loss": [0.0], "loc_loss": [0.755], "loc_loss_elem": [[0.10578, 0.09177, 0.08393, 0.07129, 0.08037, 0.06875, 0.13345, 0.11965]], "num_positive": [71.2], "roi_reg_loss": [0.91578], "roi_cls_loss": [0.61126]}
{"mode": "train", "epoch": 1, "iter": 35, "lr": 5e-05, "time": 4.52076, "data_time": 0.0503, "memory": 12211, "transfer_time": 0.09261, "forward_time": 4.32143, "loss_parse_time": 4.32158, "loss": [3.11735], "hm_loss": [0.0], "loc_loss": [0.75777], "loc_loss_elem": [[0.12419, 0.09176, 0.08045, 0.07987, 0.08983, 0.06039, 0.13325, 0.09805]], "num_positive": [60.6], "roi_reg_loss": [1.00653], "roi_cls_loss": [0.59528]}
{"mode": "train", "epoch": 1, "iter": 40, "lr": 5e-05, "time": 5.22212, "data_time": 0.05839, "memory": 12236, "transfer_time": 0.1016, "forward_time": 5.02265, "loss_parse_time": 5.0228, "loss": [2.87853], "hm_loss": [0.0], "loc_loss": [0.75096], "loc_loss_elem": [[0.11136, 0.09253, 0.07398, 0.07236, 0.08377, 0.0647, 0.12715, 0.12511]], "num_positive": [67.2], "roi_reg_loss": [0.86765], "roi_cls_loss": [0.50896]}
{"mode": "train", "epoch": 1, "iter": 45, "lr": 5e-05, "time": 3.20548, "data_time": 0.04546, "memory": 12253, "transfer_time": 0.08662, "forward_time": 3.00717, "loss_parse_time": 3.00733, "loss": [2.91861], "hm_loss": [0.0], "loc_loss": [0.73613], "loc_loss_elem": [[0.11199, 0.09326, 0.07403, 0.07798, 0.07645, 0.06781, 0.11937, 0.11523]], "num_positive": [90.8], "roi_reg_loss": [0.9004], "roi_cls_loss": [0.54595]}
