{"mode": "train", "epoch": 1, "iter": 5, "lr": 0.0003, "time": 3.17392, "data_time": 1.46553, "memory": 8656, "transfer_time": 1.52135, "forward_time": 2.98247, "loss_parse_time": 2.98265, "loss": [3.13992], "hm_loss": [0.0], "loc_loss": [0.68066], "loc_loss_elem": [[0.12382, 0.09547, 0.07932, 0.06758, 0.07249, 0.06497, 0.10951, 0.0675]], "num_positive": [45.8], "roi_reg_loss": [1.0089], "roi_cls_loss": [0.7697]}
{"mode": "train", "epoch": 1, "iter": 10, "lr": 0.0003, "time": 1.67125, "data_time": 0.05047, "memory": 8657, "transfer_time": 0.09536, "forward_time": 1.48712, "loss_parse_time": 1.48726, "loss": [2.8954], "hm_loss": [0.0], "loc_loss": [0.7345], "loc_loss_elem": [[0.10305, 0.08551, 0.06651, 0.07928, 0.08326, 0.05781, 0.13507, 0.12402]], "num_positive": [86.8], "roi_reg_loss": [0.83397], "roi_cls_loss": [0.59242]}
{"mode": "train", "epoch": 1, "iter": 15, "lr": 0.0003, "time": 1.67822, "data_time": 0.05043, "memory": 8657, "transfer_time": 0.09978, "forward_time": 1.49643, "loss_parse_time": 1.49658, "loss": [2.78939], "hm_loss": [0.0], "loc_loss": [0.71937], "loc_loss_elem": [[0.09424, 0.09351, 0.0859, 0.07513, 0.07205, 0.06098, 0.11571, 0.12185]], "num_positive": [59.6], "roi_reg_loss": [0.88475], "roi_cls_loss": [0.4659]}
{"mode": "train", "epoch": 1, "iter": 20, "lr": 0.0003, "time": 1.69207, "data_time": 0.05624, "memory": 8657, "transfer_time": 0.10215, "forward_time": 1.5102, "loss_parse_time": 1.51034, "loss": [2.7605], "hm_loss": [0.0], "loc_loss": [0.7496], "loc_loss_elem": [[0.09867, 0.08219, 0.07578, 0.08491, 0.0813, 0.05687, 0.15955, 0.11033]], "num_positive": [85.4], "roi_reg_loss": [0.85479], "roi_cls_loss": [0.4065]}
{"mode": "train", "epoch": 1, "iter": 25, "lr": 0.0003, "time": 1.68669, "data_time": 0.0603, "memory": 8657, "transfer_time": 0.10428, "forward_time": 1.49935, "loss_parse_time": 1.49949, "loss": [2.30219], "hm_loss": [0.0], "loc_loss": [0.55072], "loc_loss_elem": [[0.11813, 0.09168, 0.06956, 0.0548, 0.05843, 0.05914, 0.03967, 0.05932]], "num_positive": [41.4], "roi_reg_loss": [0.93545], "roi_cls_loss": [0.2653]}
{"mode": "train", "epoch": 1, "iter": 30, "lr": 0.0003, "time": 1.69725, "data_time": 0.05382, "memory": 8657, "transfer_time": 0.10091, "forward_time": 1.51087, "loss_parse_time": 1.511, "loss": [2.66367], "hm_loss": [0.0], "loc_loss": [0.73396], "loc_loss_elem": [[0.10567, 0.08969, 0.07655, 0.07136, 0.07979, 0.06778, 0.12688, 0.11624]], "num_positive": [71.2], "roi_reg_loss": [0.91284], "roi_cls_loss": [0.28291]}
{"mode": "train", "epoch": 1, "iter": 35, "lr": 0.0003, "time": 1.68939, "data_time": 0.05376, "memory": 8657, "transfer_time": 0.10084, "forward_time": 1.50163, "loss_parse_time": 1.50177, "loss": [2.78446], "hm_loss": [0.0], "loc_loss": [0.73043], "loc_loss_elem": [[0.12219, 0.0912, 0.07727, 0.07688, 0.0859, 0.05884, 0.1277, 0.09044]], "num_positive": [60.6], "roi_reg_loss": [1.03861], "roi_cls_loss": [0.28499]}
{"mode": "train", "epoch": 1, "iter": 40, "lr": 0.0003, "time": 1.70219, "data_time": 0.06075, "memory": 8657, "transfer_time": 0.10895, "forward_time": 1.5107, "loss_parse_time": 1.51084, "loss": [2.5351], "hm_loss": [0.0], "loc_loss": [0.73747], "loc_loss_elem": [[0.10885, 0.09154, 0.07206, 0.07053, 0.08267, 0.06382, 0.12459, 0.12341]], "num_positive": [67.2], "roi_reg_loss": [0.83575], "roi_cls_loss": [0.2244]}
{"mode": "train", "epoch": 1, "iter": 45, "lr": 0.0003, "time": 1.70455, "data_time": 0.0557, "memory": 8657, "transfer_time": 0.10006, "forward_time": 1.51972, "loss_parse_time": 1.51987, "loss": [2.56756], "hm_loss": [0.0], "loc_loss": [0.7159], "loc_loss_elem": [[0.1101, 0.09088, 0.07099, 0.07656, 0.0731, 0.06697, 0.11537, 0.11193]], "num_positive": [90.8], "roi_reg_loss": [0.87087], "roi_cls_loss": [0.2649]}
{"mode": "train", "epoch": 1, "iter": 50, "lr": 0.0003, "time": 1.70387, "data_time": 0.05718, "memory": 8657, "transfer_time": 0.10466, "forward_time": 1.51446, "loss_parse_time": 1.5146, "loss": [2.53236], "hm_loss": [0.0], "loc_loss": [0.75051], "loc_loss_elem": [[0.10845, 0.08652, 0.0713, 0.07252, 0.08812, 0.06233, 0.12586, 0.13541]], "num_positive": [65.2], "roi_reg_loss": [0.84269], "roi_cls_loss": [0.18865]}
{"mode": "train", "epoch": 1, "iter": 55, "lr": 0.0003, "time": 1.70209, "data_time": 0.05538, "memory": 8657, "transfer_time": 0.10278, "forward_time": 1.51224, "loss_parse_time": 1.51238, "loss": [3.01996], "hm_loss": [0.0], "loc_loss": [0.92152], "loc_loss_elem": [[0.12521, 0.10057, 0.09601, 0.07691, 0.07615, 0.0776, 0.19923, 0.16983]], "num_positive": [92.2], "roi_reg_loss": [0.89701], "roi_cls_loss": [0.27992]}
{"mode": "train", "epoch": 1, "iter": 60, "lr": 0.0003, "time": 1.6982, "data_time": 0.05738, "memory": 8657, "transfer_time": 0.10378, "forward_time": 1.50713, "loss_parse_time": 1.50727, "loss": [2.47585], "hm_loss": [0.0], "loc_loss": [0.71131], "loc_loss_elem": [[0.10056, 0.08528, 0.06948, 0.07252, 0.08288, 0.05931, 0.13364, 0.10764]], "num_positive": [65.4], "roi_reg_loss": [0.85939], "roi_cls_loss": [0.19385]}
{"mode": "train", "epoch": 1, "iter": 65, "lr": 0.0003, "time": 1.6953, "data_time": 0.05108, "memory": 8657, "transfer_time": 0.09671, "forward_time": 1.51011, "loss_parse_time": 1.51025, "loss": [2.55201], "hm_loss": [0.0], "loc_loss": [0.68273], "loc_loss_elem": [[0.11479, 0.08698, 0.07619, 0.06433, 0.07444, 0.06159, 0.10048, 0.10393]], "num_positive": [62.2], "roi_reg_loss": [1.00402], "roi_cls_loss": [0.18253]}
{"mode": "train", "epoch": 1, "iter": 70, "lr": 0.0003, "time": 1.70637, "data_time": 0.05572, "memory": 8657, "transfer_time": 0.10161, "forward_time": 1.51428, "loss_parse_time": 1.51442, "loss": [2.56624], "hm_loss": [0.0], "loc_loss": [0.73232], "loc_loss_elem": [[0.11103, 0.09159, 0.09037, 0.06793, 0.07367, 0.06528, 0.11788, 0.11458]], "num_positive": [61.6], "roi_reg_loss": [0.91948], "roi_cls_loss": [0.18211]}
{"mode": "train", "epoch": 1, "iter": 75, "lr": 0.0003, "time": 1.70148, "data_time": 0.05419, "memory": 8657, "transfer_time": 0.10364, "forward_time": 1.51538, "loss_parse_time": 1.51552, "loss": [2.37294], "hm_loss": [0.0], "loc_loss": [0.63528], "loc_loss_elem": [[0.11606, 0.08976, 0.08593, 0.07051, 0.06846, 0.06656, 0.07684, 0.06115]], "num_positive": [64.0], "roi_reg_loss": [0.93518], "roi_cls_loss": [0.1672]}
{"mode": "train", "epoch": 1, "iter": 80, "lr": 0.0003, "time": 1.70241, "data_time": 0.0516, "memory": 8657, "transfer_time": 0.09642, "forward_time": 1.51245, "loss_parse_time": 1.51258, "loss": [2.20594], "hm_loss": [0.0], "loc_loss": [0.58575], "loc_loss_elem": [[0.10471, 0.08355, 0.07407, 0.06296, 0.07086, 0.05873, 0.06198, 0.06888]], "num_positive": [42.6], "roi_reg_loss": [0.90818], "roi_cls_loss": [0.12627]}
{"mode": "train", "epoch": 1, "iter": 85, "lr": 0.0003, "time": 1.70549, "data_time": 0.05521, "memory": 8657, "transfer_time": 0.10257, "forward_time": 1.51547, "loss_parse_time": 1.51563, "loss": [2.27955], "hm_loss": [0.0], "loc_loss": [0.65401], "loc_loss_elem": [[0.11112, 0.0782, 0.07086, 0.06174, 0.07542, 0.06064, 0.08978, 0.10624]], "num_positive": [62.8], "roi_reg_loss": [0.8282], "roi_cls_loss": [0.14334]}
{"mode": "train", "epoch": 1, "iter": 90, "lr": 0.0003, "time": 1.70136, "data_time": 0.05392, "memory": 8657, "transfer_time": 0.10037, "forward_time": 1.51548, "loss_parse_time": 1.51562, "loss": [2.36109], "hm_loss": [0.0], "loc_loss": [0.64358], "loc_loss_elem": [[0.11296, 0.10026, 0.07568, 0.06529, 0.06761, 0.07022, 0.07146, 0.08011]], "num_positive": [59.8], "roi_reg_loss": [0.93137], "roi_cls_loss": [0.14256]}
{"mode": "train", "epoch": 1, "iter": 95, "lr": 0.0003, "time": 1.69929, "data_time": 0.05149, "memory": 8657, "transfer_time": 0.09554, "forward_time": 1.51528, "loss_parse_time": 1.51543, "loss": [2.36406], "hm_loss": [0.0], "loc_loss": [0.67635], "loc_loss_elem": [[0.10343, 0.09094, 0.07114, 0.07688, 0.07659, 0.06424, 0.10081, 0.09231]], "num_positive": [75.6], "roi_reg_loss": [0.84656], "roi_cls_loss": [0.16479]}
{"mode": "train", "epoch": 1,