{"mode": "train", "epoch": 1, "iter": 5, "lr": 0.0003, "time": 3.09903, "data_time": 1.39495, "memory": 8657, "transfer_time": 1.45681, "forward_time": 2.90235, "loss_parse_time": 2.90251, "loss": [3.5024], "hm_loss": [0.36438], "loc_loss": [0.68067], "loc_loss_elem": [[0.12385, 0.09547, 0.07921, 0.06764, 0.07267, 0.06483, 0.1095, 0.06749]], "num_positive": [45.8], "roi_reg_loss": [1.00939], "roi_cls_loss": [0.76729]}
{"mode": "train", "epoch": 1, "iter": 10, "lr": 0.0003, "time": 1.68248, "data_time": 0.05373, "memory": 8657, "transfer_time": 0.09728, "forward_time": 1.48779, "loss_parse_time": 1.48793, "loss": [3.16959], "hm_loss": [0.27356], "loc_loss": [0.73035], "loc_loss_elem": [[0.10318, 0.08538, 0.06629, 0.07925, 0.08281, 0.0576, 0.13115, 0.1247]], "num_positive": [86.8], "roi_reg_loss": [0.83581], "roi_cls_loss": [0.59952]}
{"mode": "train", "epoch": 1, "iter": 15, "lr": 0.0003, "time": 1.67296, "data_time": 0.05332, "memory": 8657, "transfer_time": 0.09571, "forward_time": 1.48432, "loss_parse_time": 1.48447, "loss": [3.15199], "hm_loss": [0.37596], "loc_loss": [0.72043], "loc_loss_elem": [[0.09403, 0.09323, 0.08565, 0.07509, 0.07249, 0.06066, 0.11716, 0.12211]], "num_positive": [59.6], "roi_reg_loss": [0.87519], "roi_cls_loss": [0.45997]}
{"mode": "train", "epoch": 1, "iter": 20, "lr": 0.0003, "time": 1.67828, "data_time": 0.049, "memory": 8657, "transfer_time": 0.09262, "forward_time": 1.49194, "loss_parse_time": 1.49209, "loss": [3.00434], "hm_loss": [0.27006], "loc_loss": [0.74812], "loc_loss_elem": [[0.09767, 0.08187, 0.07575, 0.08469, 0.08126, 0.05657, 0.15605, 0.11427]], "num_positive": [85.4], "roi_reg_loss": [0.85197], "roi_cls_loss": [0.38606]}
{"mode": "train", "epoch": 1, "iter": 25, "lr": 0.0003, "time": 1.67434, "data_time": 0.05394, "memory": 8657, "transfer_time": 0.09617, "forward_time": 1.47962, "loss_parse_time": 1.47977, "loss": [2.59595], "hm_loss": [0.27917], "loc_loss": [0.54961], "loc_loss_elem": [[0.11756, 0.09181, 0.06965, 0.05492, 0.05862, 0.05891, 0.03859, 0.05956]], "num_positive": [41.4], "roi_reg_loss": [0.95532], "roi_cls_loss": [0.26223]}
