{"mode": "train", "epoch": 1, "iter": 5, "lr": 0.0003, "time": 5.22066, "data_time": 1.62136, "memory": 11438, "transfer_time": 1.66884, "forward_time": 3.90332, "loss_parse_time": 3.90349, "loss": [12.36617], "hm_loss": [10.10665], "loc_loss": [0.68019], "loc_loss_elem": [[0.12389, 0.09555, 0.07955, 0.06727, 0.07224, 0.06511, 0.10902, 0.06756]], "num_positive": [45.8], "roi_reg_loss": [0.24566], "roi_cls_loss": [0.65348]}
{"mode": "train", "epoch": 1, "iter": 10, "lr": 0.0003, "time": 3.53866, "data_time": 0.05683, "memory": 11459, "transfer_time": 0.10305, "forward_time": 2.22897, "loss_parse_time": 2.22911, "loss": [11.23756], "hm_loss": [9.2085], "loc_loss": [0.73498], "loc_loss_elem": [[0.10305, 0.08548, 0.06655, 0.07918, 0.08349, 0.05778, 0.13493, 0.12453]], "num_positive": [86.8], "roi_reg_loss": [0.0], "roi_cls_loss": [0.55911]}
{"mode": "train", "epoch": 1, "iter": 15, "lr": 0.0003, "time": 3.58517, "data_time": 0.06576, "memory": 11469, "transfer_time": 0.11267, "forward_time": 2.2766, "loss_parse_time": 2.27675, "loss": [11.13642], "hm_loss": [9.2085], "loc_loss": [0.72159], "loc_loss_elem": [[0.09413, 0.09358, 0.08595, 0.07524, 0.07227, 0.06093, 0.11708, 0.12241]], "num_positive": [59.6], "roi_reg_loss": [0.0], "roi_cls_loss": [0.48475]}
{"mode": "train", "epoch": 1, "iter": 20, "lr": 0.0003, "time": 3.5418, "data_time": 0.05763, "memory": 11469, "transfer_time": 0.10467, "forward_time": 2.22215, "loss_parse_time": 2.2223, "loss": [11.13131], "hm_loss": [9.2085], "loc_loss": [0.75385], "loc_loss_elem": [[0.09862, 0.08194, 0.07589, 0.08483, 0.0814, 0.05685, 0.16046, 0.11386]], "num_positive": [85.4], "roi_reg_loss": [0.0], "roi_cls_loss": [0.41512]}
{"mode": "train", "epoch": 1, "iter": 25, "lr": 0.0003, "time": 3.55352, "data_time": 0.06467, "memory": 11469, "transfer_time": 0.10981, "forward_time": 2.22938, "loss_parse_time": 2.22953, "loss": [10.66743], "hm_loss": [9.2085], "loc_loss": [0.55106], "loc_loss_elem": [[0.11811, 0.09163, 0.06957, 0.05478, 0.05844, 0.05919, 0.04022, 0.05911]], "num_positive": [41.4], "roi_reg_loss": [0.0], "roi_cls_loss": [0.35682]}
{"mode": "train", "epoch": 1, "iter": 30, "lr": 0.0003, "time": 3.57573, "data_time": 0.05652, "memory": 11469, "transfer_time": 0.10169, "forward_time": 2.24581, "loss_parse_time": 2.24596, "loss": [10.9876], "hm_loss": [9.2085], "loc_loss": [0.73569], "loc_loss_elem": [[0.10566, 0.08981, 0.07683, 0.07132, 0.07983, 0.06771, 0.12794, 0.11659]], "num_positive": [71.2], "roi_reg_loss": [0.0], "roi_cls_loss": [0.30772]}
{"mode": "train", "epoch": 1, "iter": 35, "lr": 0.0003, "time": 3.55966, "data_time": 0.06852, "memory": 11484, "transfer_time": 0.11408, "forward_time": 2.2274, "loss_parse_time": 2.22755, "loss": [10.93823], "hm_loss": [9.2085], "loc_loss": [0.73158], "loc_loss_elem": [[0.12281, 0.09114, 0.07755, 0.07699, 0.08597, 0.05885, 0.12781, 0.09046]], "num_positive": [60.6], "roi_reg_loss": [0.0], "roi_cls_loss": [0.26657]}
{"mode": "train", "epoch": 1, "iter": 40, "lr": 0.0003, "time": 3.59408, "data_time": 0.06105, "memory": 11504, "transfer_time": 0.10868, "forward_time": 2.2408, "loss_parse_time": 2.24095, "loss": [10.91194], "hm_loss": [9.2085], "loc_loss": [0.73794], "loc_loss_elem": [[0.10894, 0.09152, 0.07194, 0.07049, 0.08275, 0.06388, 0.12478, 0.12364]], "num_positive": [67.2], "roi_reg_loss": [0.0], "roi_cls_loss": [0.22755]}
{"mode": "train", "epoch": 1, "iter": 45, "lr": 0.0003, "time": 3.60668, "data_time": 0.05963, "memory": 11525, "transfer_time": 0.10584, "forward_time": 2.25809, "loss_parse_time": 2.25825, "loss": [10.83755], "hm_loss": [9.2085], "loc_loss": [0.71562], "loc_loss_elem": [[0.11013, 0.09083, 0.07084, 0.07652, 0.07312, 0.06698, 0.11551, 0.1117]], "num_positive": [90.8], "roi_reg_loss": [0.0], "roi_cls_loss": [0.19781]}
