{"mode": "train", "epoch": 1, "iter": 5, "lr": 0.0003, "time": 4.95237, "data_time": 1.4134, "memory": 10294, "transfer_time": 1.46222, "forward_time": 4.79511, "loss_parse_time": 4.79526, "loss": [2665.99666], "hm_loss": [2663.96904], "loc_loss": [0.68486], "loc_loss_elem": [[0.12434, 0.09555, 0.07992, 0.06743, 0.07306, 0.06509, 0.11087, 0.06861]], "num_positive": [45.8], "roi_reg_loss": [0.09705], "roi_cls_loss": [0.56083]}
{"mode": "train", "epoch": 1, "iter": 10, "lr": 0.0003, "time": 3.50098, "data_time": 0.0538, "memory": 10320, "transfer_time": 0.09632, "forward_time": 3.3434, "loss_parse_time": 3.34353, "loss": [1311.77161], "hm_loss": [1309.50291], "loc_loss": [0.74219], "loc_loss_elem": [[0.10364, 0.08581, 0.06739, 0.07993, 0.08413, 0.05792, 0.13897, 0.1244]], "num_positive": [86.8], "roi_reg_loss": [0.33178], "roi_cls_loss": [0.45254]}
{"mode": "train", "epoch": 1, "iter": 15, "lr": 0.0003, "time": 3.53131, "data_time": 0.04951, "memory": 10330, "transfer_time": 0.09253, "forward_time": 3.38343, "loss_parse_time": 3.38356, "loss": [2416.74828], "hm_loss": [2414.52711], "loc_loss": [0.74442], "loc_loss_elem": [[0.09472, 0.09439, 0.08699, 0.07782, 0.07384, 0.06228, 0.12615, 0.12824]], "num_positive": [59.6], "roi_reg_loss": [0.39474], "roi_cls_loss": [0.33759]}
{"mode": "train", "epoch": 1, "iter": 20, "lr": 0.0003, "time": 3.51044, "data_time": 0.05373, "memory": 10330, "transfer_time": 0.09574, "forward_time": 3.35805, "loss_parse_time": 3.35818, "loss": [1467.82838], "hm_loss": [1465.61105], "loc_loss": [0.77369], "loc_loss_elem": [[0.09926, 0.08353, 0.07639, 0.08668, 0.08236, 0.05841, 0.16363, 0.12343]], "num_positive": [85.4], "roi_reg_loss": [0.36593], "roi_cls_loss": [0.30406]}
{"mode": "train", "epoch": 1, "iter": 25, "lr": 0.0003, "time": 3.51549, "data_time": 0.05152, "memory": 10330, "transfer_time": 0.09207, "forward_time": 3.36585, "loss_parse_time": 3.36598, "loss": [2765.27153], "hm_loss": [2763.78838], "loc_loss": [0.5643], "loc_loss_elem": [[0.1206, 0.09294, 0.07118, 0.05638, 0.06034, 0.06005, 0.04324, 0.05957]], "num_positive": [41.4], "roi_reg_loss": [0.09972], "roi_cls_loss": [0.25494]}
{"mode": "train", "epoch": 1, "iter": 30, "lr": 0.0003, "time": 3.54526, "data_time": 0.05752, "memory": 10331, "transfer_time": 0.10018, "forward_time": 3.39246, "loss_parse_time": 3.3926, "loss": [2126.69974], "hm_loss": [2124.9806], "loc_loss": [0.75426], "loc_loss_elem": [[0.10597, 0.09289, 0.08624, 0.07091, 0.08027, 0.06941, 0.12818, 0.1204]], "num_positive": [71.2], "roi_reg_loss": [0.0], "roi_cls_loss": [0.21062]}
{"mode": "train", "epoch": 1, "iter": 35, "lr": 0.0003, "time": 3.52858, "data_time": 0.04886, "memory": 10345, "transfer_time": 0.09058, "forward_time": 3.37464, "loss_parse_time": 3.37478, "loss": [1975.02607], "hm_loss": [1973.08706], "loc_loss": [0.75551], "loc_loss_elem": [[0.12299, 0.09265, 0.07888, 0.07923, 0.09101, 0.06103, 0.13399, 0.09573]], "num_positive": [60.6], "roi_reg_loss": [0.23896], "roi_cls_loss": [0.18908]}
{"mode": "train", "epoch": 1, "iter": 40, "lr": 0.0003, "time": 3.5489, "data_time": 0.05239, "memory": 10375, "transfer_time": 0.09288, "forward_time": 3.39762, "loss_parse_time": 3.39776, "loss": [1763.99229], "hm_loss": [1761.95183], "loc_loss": [0.75608], "loc_loss_elem": [[0.11158, 0.0938, 0.07441, 0.07422, 0.08556, 0.06638, 0.12475, 0.12538]], "num_positive": [67.2], "roi_reg_loss": [0.3604], "roi_cls_loss": [0.1679]}
