{"mode": "train", "epoch": 1, "iter": 5, "lr": 5e-05, "time": 3.93113, "data_time": 1.48343, "memory": 12161, "transfer_time": 1.53504, "forward_time": 3.73858, "loss_parse_time": 3.73877, "loss": [3.12085], "hm_loss": [0.0], "loc_loss": [0.71626], "loc_loss_elem": [[0.1116, 0.09, 0.08872, 0.07071, 0.07728, 0.06567, 0.11031, 0.10196]], "num_positive": [59.4], "roi_reg_loss": [0.94825], "roi_cls_loss": [0.74008]}
{"mode": "train", "epoch": 1, "iter": 10, "lr": 5e-05, "time": 2.42157, "data_time": 0.07012, "memory": 12208, "transfer_time": 0.12228, "forward_time": 2.23153, "loss_parse_time": 2.23169, "loss": [2.94059], "hm_loss": [0.0], "loc_loss": [0.64486], "loc_loss_elem": [[0.10994, 0.08944, 0.08477, 0.07492, 0.06855, 0.07536, 0.06327, 0.0786]], "num_positive": [50.8], "roi_reg_loss": [0.92298], "roi_cls_loss": [0.72789]}
{"mode": "train", "epoch": 1, "iter": 15, "lr": 5e-05, "time": 2.39246, "data_time": 0.06278, "memory": 12208, "transfer_time": 0.11158, "forward_time": 2.20352, "loss_parse_time": 2.20367, "loss": [3.30039], "hm_loss": [0.0], "loc_loss": [0.84023], "loc_loss_elem": [[0.12212, 0.0902, 0.07749, 0.0751, 0.09067, 0.06452, 0.1883, 0.13183]], "num_positive": [57.4], "roi_reg_loss": [0.94065], "roi_cls_loss": [0.67929]}
{"mode": "train", "epoch": 1, "iter": 20, "lr": 5e-05, "time": 2.42625, "data_time": 0.06852, "memory": 12285, "transfer_time": 0.11664, "forward_time": 2.22957, "loss_parse_time": 2.22972, "loss": [2.83709], "hm_loss": [0.0], "loc_loss": [0.65883], "loc_loss_elem": [[0.0992, 0.08849, 0.0665, 0.0694, 0.0908, 0.05425, 0.09294, 0.09725]], "num_positive": [62.0], "roi_reg_loss": [0.88321], "roi_cls_loss": [0.63622]}
