{"mode": "train", "epoch": 1, "iter": 5, "lr": 5e-05, "time": 4.61302, "data_time": 1.37416, "memory": 8647, "transfer_time": 1.41451, "forward_time": 4.44508, "loss_parse_time": 4.44523, "loss": [3.00013], "hm_loss": [0.0], "loc_loss": [0.69845], "loc_loss_elem": [[0.14045, 0.09225, 0.09179, 0.06733, 0.09056, 0.07691, 0.0733, 0.06586]], "num_positive": [23.0], "roi_reg_loss": [0.91256], "roi_cls_loss": [0.69068]}
{"mode": "train", "epoch": 1, "iter": 10, "lr": 5e-05, "time": 3.16715, "data_time": 0.06302, "memory": 8647, "transfer_time": 0.1057, "forward_time": 2.99835, "loss_parse_time": 2.99849, "loss": [3.1081], "hm_loss": [0.0], "loc_loss": [0.84256], "loc_loss_elem": [[0.12239, 0.0911, 0.07642, 0.07994, 0.09702, 0.06316, 0.18901, 0.12351]], "num_positive": [52.4], "roi_reg_loss": [0.78051], "roi_cls_loss": [0.64248]}
{"mode": "train", "epoch": 1, "iter": 15, "lr": 5e-05, "time": 3.14174, "data_time": 0.05468, "memory": 8648, "transfer_time": 0.09512, "forward_time": 2.97892, "loss_parse_time": 2.97905, "loss": [2.95002], "hm_loss": [0.0], "loc_loss": [0.77214], "loc_loss_elem": [[0.10177, 0.10304, 0.08728, 0.08443, 0.0883, 0.07199, 0.11917, 0.11617]], "num_positive": [35.0], "roi_reg_loss": [0.79579], "roi_cls_loss": [0.60994]}
{"mode": "train", "epoch": 1, "iter": 20, "lr": 5e-05, "time": 3.14561, "data_time": 0.0595, "memory": 8648, "transfer_time": 0.09849, "forward_time": 2.9777, "loss_parse_time": 2.97783, "loss": [3.18966], "hm_loss": [0.0], "loc_loss": [0.89662], "loc_loss_elem": [[0.11255, 0.09129, 0.08915, 0.09434, 0.09127, 0.0705, 0.20067, 0.14686]], "num_positive": [53.0], "roi_reg_loss": [0.80017], "roi_cls_loss": [0.59625]}
{"mode": "train", "epoch": 1, "iter": 25, "lr": 5e-05, "time": 3.15232, "data_time": 0.06417, "memory": 8648, "transfer_time": 0.10464, "forward_time": 2.99162, "loss_parse_time": 2.99176, "loss": [2.41642], "hm_loss": [0.0], "loc_loss": [0.55227], "loc_loss_elem": [[0.12511, 0.07948, 0.07359, 0.05857, 0.05841, 0.062, 0.039, 0.05612]], "num_positive": [24.0], "roi_reg_loss": [0.77688], "roi_cls_loss": [0.53499]}
{"mode": "train", "epoch": 1, "iter": 30, "lr": 5e-05, "time": 3.15441, "data_time": 0.05923, "memory": 8648, "transfer_time": 0.09865, "forward_time": 2.98688, "loss_parse_time": 2.98701, "loss": [3.09669], "hm_loss": [0.0], "loc_loss": [0.84076], "loc_loss_elem": [[0.11811, 0.09515, 0.0978, 0.07202, 0.09465, 0.07531, 0.15561, 0.13212]], "num_positive": [42.2], "roi_reg_loss": [0.81508], "roi_cls_loss": [0.60008]}
{"mode": "train", "epoch": 1, "iter": 35, "lr": 5e-05, "time": 3.16053, "data_time": 0.06647, "memory": 8648, "transfer_time": 0.10736, "forward_time": 2.99076, "loss_parse_time": 2.99089, "loss": [3.01662], "hm_loss": [0.0], "loc_loss": [0.80368], "loc_loss_elem": [[0.14794, 0.09944, 0.08651, 0.08256, 0.10199, 0.0656, 0.12593, 0.0937]], "num_positive": [33.2], "roi_reg_loss": [0.84048], "roi_cls_loss": [0.56878]}
