{"mode": "train", "epoch": 1, "iter": 5, "lr": 5e-05, "time": 7.1356, "data_time": 1.40105, "memory": 8151, "transfer_time": 1.44024, "forward_time": 7.01284, "loss_parse_time": 7.01297, "loss": [3.00121], "hm_loss": [0.0], "loc_loss": [0.69829], "loc_loss_elem": [[0.14054, 0.09218, 0.09174, 0.06728, 0.09052, 0.07685, 0.07326, 0.06591]], "num_positive": [23.0], "roi_reg_loss": [0.91457], "roi_cls_loss": [0.69005]}
{"mode": "train", "epoch": 1, "iter": 10, "lr": 5e-05, "time": 5.71899, "data_time": 0.05849, "memory": 8151, "transfer_time": 0.09882, "forward_time": 5.60089, "loss_parse_time": 5.60103, "loss": [3.10758], "hm_loss": [0.0], "loc_loss": [0.84383], "loc_loss_elem": [[0.12246, 0.09106, 0.07648, 0.0801, 0.09719, 0.06312, 0.18929, 0.12412]], "num_positive": [52.4], "roi_reg_loss": [0.77635], "roi_cls_loss": [0.64358]}
