{"mode": "train", "epoch": 1, "iter": 5, "lr": 5e-05, "time": 7.15979, "data_time": 1.38386, "memory": 8151, "transfer_time": 1.42634, "forward_time": 7.03787, "loss_parse_time": 7.03801, "loss": [3.00124], "hm_loss": [0.0], "loc_loss": [0.6983], "loc_loss_elem": [[0.14054, 0.09219, 0.09174, 0.06729, 0.09052, 0.07685, 0.07326, 0.06591]], "num_positive": [23.0], "roi_reg_loss": [0.9146], "roi_cls_loss": [0.69005]}
{"mode": "train", "epoch": 1, "iter": 10, "lr": 5e-05, "time": 5.75418, "data_time": 0.0468, "memory": 8151, "transfer_time": 0.0853, "forward_time": 5.63829, "loss_parse_time": 5.63843, "loss": [3.11274], "hm_loss": [0.0], "loc_loss": [0.8438], "loc_loss_elem": [[0.12246, 0.09106, 0.07649, 0.0801, 0.0972, 0.06312, 0.18926, 0.12413]], "num_positive": [52.4], "roi_reg_loss": [0.78066], "roi_cls_loss": [0.64447]}
{"mode": "train", "epoch": 1, "iter": 15, "lr": 5e-05, "time": 5.74835, "data_time": 0.05269, "memory": 8151, "transfer_time": 0.09042, "forward_time": 5.63308, "loss_parse_time": 5.63321, "loss": [2.94889], "hm_loss": [0.0], "loc_loss": [0.77229], "loc_loss_elem": [[0.10164, 0.10305, 0.08729, 0.08442, 0.08822, 0.07189, 0.11896, 0.11684]], "num_positive": [35.0], "roi_reg_loss": [0.78987], "roi_cls_loss": [0.61444]}
{"mode": "train", "epoch": 1, "iter": 20, "lr": 5e-05, "time": 5.75389, "data_time": 0.05592, "memory": 8151, "transfer_time": 0.09417, "forward_time": 5.63384, "loss_parse_time": 5.63397, "loss": [3.1903], "hm_loss": [0.0], "loc_loss": [0.89892], "loc_loss_elem": [[0.11219, 0.09093, 0.08903, 0.09485, 0.09145, 0.0707, 0.20225, 0.14752]], "num_positive": [53.0], "roi_reg_loss": [0.80481], "roi_cls_loss": [0.58765]}
{"mode": "train", "epoch": 1, "iter": 25, "lr": 5e-05, "time": 5.7553, "data_time": 0.05512, "memory": 8152, "transfer_time": 0.09398, "forward_time": 5.63381, "loss_parse_time": 5.63395, "loss": [2.45338], "hm_loss": [0.0], "loc_loss": [0.5535], "loc_loss_elem": [[0.12557, 0.07985, 0.0737, 0.05851, 0.05871, 0.06211, 0.03897, 0.05608]], "num_positive": [24.0], "roi_reg_loss": [0.78056], "roi_cls_loss": [0.56582]}
