{"mode": "train", "epoch": 1, "iter": 5, "lr": 5e-05, "time": 3.67061, "data_time": 1.23354, "memory": 12155, "transfer_time": 1.28104, "forward_time": 3.47293, "loss_parse_time": 3.47308, "loss": [3.14262], "hm_loss": [0.0], "loc_loss": [0.68385], "loc_loss_elem": [[0.12413, 0.09568, 0.07964, 0.06761, 0.07299, 0.06508, 0.11029, 0.06842]], "num_positive": [45.8], "roi_reg_loss": [1.02922], "roi_cls_loss": [0.7457]}
{"mode": "train", "epoch": 1, "iter": 10, "lr": 5e-05, "time": 2.49565, "data_time": 0.05497, "memory": 12187, "transfer_time": 0.09645, "forward_time": 2.30051, "loss_parse_time": 2.30065, "loss": [3.05298], "hm_loss": [0.0], "loc_loss": [0.74255], "loc_loss_elem": [[0.10352, 0.08564, 0.06701, 0.07977, 0.08397, 0.05796, 0.139, 0.12569]], "num_positive": [86.8], "roi_reg_loss": [0.86445], "roi_cls_loss": [0.70343]}
{"mode": "train", "epoch": 1, "iter": 15, "lr": 5e-05, "time": 2.4617, "data_time": 0.05294, "memory": 12193, "transfer_time": 0.09517, "forward_time": 2.26685, "loss_parse_time": 2.267, "loss": [3.16367], "hm_loss": [0.0], "loc_loss": [0.74128], "loc_loss_elem": [[0.09468, 0.09462, 0.08796, 0.07688, 0.07384, 0.06165, 0.12321, 0.12844]], "num_positive": [59.6], "roi_reg_loss": [0.94978], "roi_cls_loss": [0.73133]}
{"mode": "train", "epoch": 1, "iter": 20, "lr": 5e-05, "time": 2.46937, "data_time": 0.05584, "memory": 12193, "transfer_time": 0.09688, "forward_time": 2.27369, "loss_parse_time": 2.27383, "loss": [3.00559], "hm_loss": [0.0], "loc_loss": [0.76212], "loc_loss_elem": [[0.10006, 0.08286, 0.07629, 0.086, 0.08321, 0.05798, 0.15974, 0.11597]], "num_positive": [85.4], "roi_reg_loss": [0.86403], "roi_cls_loss": [0.6173]}
{"mode": "train", "epoch": 1, "iter": 25, "lr": 5e-05, "time": 2.43472, "data_time": 0.05776, "memory": 12193, "transfer_time": 0.09972, "forward_time": 2.2426, "loss_parse_time": 2.24274, "loss": [2.57981], "hm_loss": [0.0], "loc_loss": [0.56506], "loc_loss_elem": [[0.11995, 0.09334, 0.0711, 0.05583, 0.05946, 0.05978, 0.0432, 0.0624]], "num_positive": [41.4], "roi_reg_loss": [0.91468], "roi_cls_loss": [0.53501]}
{"mode": "train", "epoch": 1, "iter": 30, "lr": 5e-05, "time": 2.47518, "data_time": 0.05, "memory": 12193, "transfer_time": 0.09053, "forward_time": 2.27917, "loss_parse_time": 2.27932, "loss": [3.037], "hm_loss": [0.0], "loc_loss": [0.755], "loc_loss_elem": [[0.10578, 0.09177, 0.08393, 0.07129, 0.08037, 0.06875, 0.13345, 0.11965]], "num_positive": [71.2], "roi_reg_loss": [0.91578], "roi_cls_loss": [0.61122]}
{"mode": "train", "epoch": 1, "iter": 35, "lr": 5e-05, "time": 2.46269, "data_time": 0.05588, "memory": 12211, "transfer_time": 0.09702, "forward_time": 2.26909, "loss_parse_time": 2.26923, "loss": [3.1173], "hm_loss": [0.0], "loc_loss": [0.75777], "loc_loss_elem": [[0.12419, 0.09176, 0.08045, 0.07987, 0.08983, 0.06039, 0.13325, 0.09805]], "num_positive": [60.6], "roi_reg_loss": [1.00649], "roi_cls_loss": [0.59526]}
{"mode": "train", "epoch": 1, "iter": 40, "lr": 5e-05, "time": 2.49301, "data_time": 0.05673, "memory": 12236, "transfer_time": 0.09868, "forward_time": 2.29161, "loss_parse_time": 2.29176, "loss": [2.87852], "hm_loss": [0.0], "loc_loss": [0.75096], "loc_loss_elem": [[0.11136, 0.09253, 0.07398, 0.07236, 0.08377, 0.0647, 0.12715, 0.12511]], "num_positive": [67.2], "roi_reg_loss": [0.86772], "roi_cls_loss": [0.50888]}
{"mode": "train", "epoch": 1, "iter": 45, "lr": 5e-05, "time": 2.48909, "data_time": 0.05154, "memory": 12253, "transfer_time": 0.09221, "forward_time": 2.29549, "loss_parse_time": 2.29563, "loss": [2.91892], "hm_loss": [0.0], "loc_loss": [0.73613], "loc_loss_elem": [[0.11199, 0.09326, 0.07403, 0.07798, 0.07645, 0.06781, 0.11937, 0.11523]], "num_positive": [90.8], "roi_reg_loss": [0.9005], "roi_cls_loss": [0.54617]}
{"mode": "train", "epoch": 1, "iter": 50, "lr": 5e-05, "time": 2.44521, "data_time": 0.05104, "memory": 12253, "transfer_time": 0.09933, "forward_time": 2.24937, "loss_parse_time": 2.24951, "loss": [2.88741], "hm_loss": [0.0], "loc_loss": [0.78177], "loc_loss_elem": [[0.11044, 0.0889, 0.07494, 0.0737, 0.08994, 0.06394, 0.1362, 0.1437]], "num_positive": [65.2], "roi_reg_loss": [0.8396], "roi_cls_loss": [0.48427]}
{"mode": "train", "epoch": 1, "iter": 55, "lr": 5e-05, "time": 3.70591, "data_time": 0.05818, "memory": 12253, "transfer_time": 0.09798, "forward_time": 3.50708, "loss_parse_time": 3.50723, "loss": [3.36141], "hm_loss": [0.0], "loc_loss": [0.96643], "loc_loss_elem": [[0.12709, 0.10402, 0.10047, 0.07856, 0.08289, 0.0792, 0.21522, 0.17898]], "num_positive": [92.2], "roi_reg_loss": [0.89995], "roi_cls_loss": [0.5286]}
{"mode": "train", "epoch": 1, "iter": 60, "lr": 5e-05, "time": 4.38798, "data_time": 0.71578, "memory": 12253, "transfer_time": 0.7552, "forward_time": 4.19208, "loss_parse_time": 4.19222, "loss": [2.76886], "hm_loss": [0.0], "loc_loss": [0.73651], "loc_loss_elem": [[0.10326, 0.08501, 0.07277, 0.07187, 0.08354, 0.05933, 0.15073, 0.11001]], "num_positive": [65.4], "roi_reg_loss": [0.85477], "roi_cls_loss": [0.44106]}
{"mode": "train", "epoch": 1, "iter": 65, "lr": 5e-05, "time": 5.34915, "data_time": 1.20921, "memory": 12253, "transfer_time": 1.24769, "forward_time": 5.15281, "loss_parse_time": 5.15296, "loss": [2.82417], "hm_loss": [0.0], "loc_loss": [0.71275], "loc_loss_elem": [[0.11887, 0.09032, 0.07847, 0.06577, 0.0794, 0.06514, 0.10453, 0.11023]], "num_positive": [62.2], "roi_reg_loss": [0.95377], "roi_cls_loss": [0.4449]}
{"mode": "train", "epoch": 1, "iter": 70, "lr": 5e-05, "time": 4.15108, "data_time": 0.52896, "memory": 12253, "transfer_time": 0.56813, "forward_time": 3.95835, "loss_parse_time": 3.95851, "loss": [2.8707], "hm_loss": [0.0], "loc_loss": [0.75379], "loc_loss_elem": [[0.11324, 0.09248, 0.09258, 0.06745, 0.07478, 0.06679, 0.13056, 0.1159]], "num_positive": [61.6], "roi_reg_loss": [0.94887], "roi_cls_loss": [0.41426]}
{"mode": "train", "epoch": 1, "iter": 75, "lr": 5e-05, "time": 4.47732, "data_time": 1.86522, "memory": 12253, "transfer_time": 1.90328, "forward_time": 4.2824, "loss_parse_time": 4.28255, "loss": [2.59211], "hm_loss": [0.0], "loc_loss": [0.67098], "loc_loss_elem": [[0.11601, 0.09414, 0.08853, 0.07246, 0.07396, 0.06951, 0.08464, 0.07174]], "num_positive": [64.0], "roi_reg_loss": [0.874], "roi_cls_loss": [0.37616]}
{"mode": "train", "epoch": 1, "iter": 80, "lr": 5e-05, "time": 7.29507, "data_time": 4.90481, "memory": 12253, "transfer_time": 4.94767, "forward_time": 7.09987, "loss_parse_time": 7.10001, "loss": [2.53936], "hm_loss": [0.0], "loc_loss": [0.62764], "loc_loss_elem": [[0.10963, 0.0883, 0.07686, 0.06502, 0.07489, 0.05953, 0.07311, 0.08031]], "num_positive": [42.6], "roi_reg_loss": [0.92284], "roi_cls_loss": [0.36123]}
{"mode": "train", "epoch": 1, "iter": 85, "lr": 5e-05, "time": 4.34696, "data_time": 2.00261, "memory": 12253, "transfer_time": 2.04282, "forward_time": 4.15759, "loss_parse_time": 4.15774, "loss": [2.53674], "hm_loss": [0.0], "loc_loss": [0.69444], "loc_loss_elem": [[0.11422, 0.0811, 0.0753, 0.06394, 0.07886, 0.06383, 0.10252, 0.11466]], "num_positive": [62.8], "roi_reg_loss": [0.81689], "roi_cls_loss": [0.33098]}
{"mode": "train", "epoch": 1, "iter": 90, "lr": 5e-05, "time": 4.68768, "data_time": 2.27671, "memory": 12253, "transfer_time": 2.31754, "forward_time": 4.4934, "loss_parse_time": 4.49355, "loss": [2.59451], "hm_loss": [0.0], "loc_loss": [0.66781], "loc_loss_elem": [[0.11434, 0.10217, 0.0808, 0.06611, 0.06912, 0.07075, 0.07842, 0.0861]], "num_positive": [59.8], "roi_reg_loss": [0.9102], "roi_cls_loss": [0.34868]}
{"mode": "train", "epoch": 1, "iter": 95, "lr": 5e-05, "time": 4.9086, "data_time": 2.49514, "memory": 12253, "transfer_time": 2.53227, "forward_time": 4.71221, "loss_parse_time": 4.71236, "loss": [2.6194], "hm_loss": [0.0], "loc_loss": [0.69926], "loc_loss_elem": [[0.10525, 0.09187, 0.07287, 0.07787, 0.07774, 0.06586, 0.11692, 0.09088]], "num_positive": [75.6], "roi_reg_loss": [0.87067], "roi_cls_loss": [0.35021]}
{"mode": "train", "epoch": 1, "iter": 100,