{"mode": "train", "epoch": 1, "iter": 5, "lr": 0.0003, "time": 4.97013, "data_time": 1.45323, "memory": 10294, "transfer_time": 1.49591, "forward_time": 4.8129, "loss_parse_time": 4.81305, "loss": [2665.9925], "hm_loss": [2663.96782], "loc_loss": [0.68485], "loc_loss_elem": [[0.12434, 0.09554, 0.07992, 0.06743, 0.07305, 0.06509, 0.11087, 0.06861]], "num_positive": [45.8], "roi_reg_loss": [0.09725], "roi_cls_loss": [0.55777]}
{"mode": "train", "epoch": 1, "iter": 10, "lr": 0.0003, "time": 3.50536, "data_time": 0.05592, "memory": 10320, "transfer_time": 0.09837, "forward_time": 3.3494, "loss_parse_time": 3.34954, "loss": [1311.7637], "hm_loss": [1309.50244], "loc_loss": [0.74217], "loc_loss_elem": [[0.10364, 0.0858, 0.06739, 0.07993, 0.08413, 0.05792, 0.13895, 0.12441]], "num_positive": [86.8], "roi_reg_loss": [0.32571], "roi_cls_loss": [0.45123]}
{"mode": "train", "epoch": 1, "iter": 15, "lr": 0.0003, "time": 3.51294, "data_time": 0.05226, "memory": 10330, "transfer_time": 0.09525, "forward_time": 3.36261, "loss_parse_time": 3.36275, "loss": [2416.751], "hm_loss": [2414.52776], "loc_loss": [0.74446], "loc_loss_elem": [[0.09473, 0.09438, 0.08699, 0.07781, 0.07384, 0.06228, 0.12617, 0.12825]], "num_positive": [59.6], "roi_reg_loss": [0.39376], "roi_cls_loss": [0.34065]}
{"mode": "train", "epoch": 1, "iter": 20, "lr": 0.0003, "time": 3.49215, "data_time": 0.04824, "memory": 10330, "transfer_time": 0.08963, "forward_time": 3.34291, "loss_parse_time": 3.34304, "loss": [1467.83856], "hm_loss": [1465.61174], "loc_loss": [0.77369], "loc_loss_elem": [[0.09925, 0.08353, 0.07638, 0.08668, 0.08236, 0.05841, 0.16361, 0.12346]], "num_positive": [85.4], "roi_reg_loss": [0.37651], "roi_cls_loss": [0.30294]}
{"mode": "train", "epoch": 1, "iter": 25, "lr": 0.0003, "time": 3.49272, "data_time": 0.05549, "memory": 10330, "transfer_time": 0.09792, "forward_time": 3.34333, "loss_parse_time": 3.34348, "loss": [2765.28711], "hm_loss": [2763.79224], "loc_loss": [0.56427], "loc_loss_elem": [[0.1206, 0.09294, 0.07119, 0.05637, 0.06034, 0.06005, 0.04321, 0.05958]], "num_positive": [41.4], "roi_reg_loss": [0.10704], "roi_cls_loss": [0.25928]}
{"mode": "train", "epoch": 1, "iter": 30, "lr": 0.0003, "time": 3.53063, "data_time": 0.06287, "memory": 10331, "transfer_time": 0.10734, "forward_time": 3.37516, "loss_parse_time": 3.3753, "loss": [2126.72721], "hm_loss": [2125.00258], "loc_loss": [0.75421], "loc_loss_elem": [[0.10596, 0.09289, 0.08621, 0.07091, 0.08026, 0.06941, 0.12816, 0.12041]], "num_positive": [71.2], "roi_reg_loss": [0.0], "roi_cls_loss": [0.21615]}
{"mode": "train", "epoch": 1, "iter": 35, "lr": 0.0003, "time": 3.50245, "data_time": 0.04771, "memory": 10345, "transfer_time": 0.08777, "forward_time": 3.34966, "loss_parse_time": 3.3498, "loss": [1975.0114], "hm_loss": [1973.08984], "loc_loss": [0.75542], "loc_loss_elem": [[0.12297, 0.09264, 0.07888, 0.07924, 0.09102, 0.06101, 0.13394, 0.09571]], "num_positive": [60.6], "roi_reg_loss": [0.2217], "roi_cls_loss": [0.189]}
{"mode": "train", "epoch": 1, "iter": 40, "lr": 0.0003, "time": 3.53857, "data_time": 0.0622, "memory": 10375, "transfer_time": 0.10355, "forward_time": 3.38157, "loss_parse_time": 3.38171, "loss": [1763.99858], "hm_loss": [1761.9511], "loc_loss": [0.75601], "loc_loss_elem": [[0.11156, 0.09379, 0.07442, 0.07422, 0.08556, 0.06638, 0.12473, 0.12536]], "num_positive": [67.2], "roi_reg_loss": [0.36927], "roi_cls_loss": [0.1662]}
{"mode": "train", "epoch": 1, "iter": 45, "lr": 0.0003, "time": 3.53628, "data_time": 0.05773, "memory": 10391, "transfer_time": 0.09791, "forward_time": 3.38499, "loss_parse_time": 3.38513, "loss": [1278.5076], "hm_loss": [1276.59457], "loc_loss": [0.7592], "loc_loss_elem": [[0.11386, 0.09403, 0.07888, 0.07994, 0.08258, 0.06935, 0.12813, 0.11243]], "num_positive": [90.8], "roi_reg_loss": [0.25173], "roi_cls_loss": [0.14288]}
{"mode": "train", "epoch": 1, "iter": 50, "lr": 0.0003, "time": 3.54705, "data_time": 0.05604, "memory": 10391, "transfer_time": 0.10212, "forward_time": 3.39638, "loss_parse_time": 3.39652, "loss": [1801.01719], "hm_loss": [1798.82517], "loc_loss": [0.79425], "loc_loss_elem": [[0.10962, 0.0914, 0.0764, 0.07626, 0.09153, 0.06518, 0.14797, 0.1359]], "num_positive": [65.2], "roi_reg_loss": [0.48024], "roi_cls_loss": [0.12328]}
{"mode": "train", "epoch": 1, "iter": 55, "lr": 0.0003, "time": 3.54534, "data_time": 0.05599, "memory": 10391, "transfer_time": 0.09832, "forward_time": 3.39738, "loss_parse_time": 3.39753, "loss": [1296.11594], "hm_loss": [1293.50125], "loc_loss": [1.00321], "loc_loss_elem": [[0.12844, 0.10806, 0.10469, 0.08362, 0.09439, 0.08317, 0.22619, 0.17465]], "num_positive": [92.2], "roi_reg_loss": [0.48031], "roi_cls_loss": [0.12795]}
{"mode": "train", "epoch": 1, "iter": 60, "lr": 0.0003, "time": 3.53479, "data_time": 0.05801, "memory": 10391, "transfer_time": 0.09895, "forward_time": 3.37503, "loss_parse_time": 3.37517, "loss": [2135.41086], "hm_loss": [2133.43799], "loc_loss": [0.76036], "loc_loss_elem": [[0.10593, 0.0863, 0.07697, 0.07538, 0.08686, 0.06313, 0.16249, 0.1033]], "num_positive": [65.4], "roi_reg_loss": [0.35018], "roi_cls_loss": [0.10203]}
{"mode": "train", "epoch": 1, "iter": 65, "lr": 0.0003, "time": 3.54945, "data_time": 0.05551, "memory": 10391, "transfer_time": 0.0969, "forward_time": 3.39062, "loss_parse_time": 3.39076, "loss": [1932.65977], "hm_loss": [1930.54819], "loc_loss": [0.76182], "loc_loss_elem": [[0.12479, 0.09223, 0.08218, 0.06966, 0.08697, 0.07005, 0.11659, 0.11934]], "num_positive": [62.2], "roi_reg_loss": [0.49277], "roi_cls_loss": [0.09516]}
{"mode": "train", "epoch": 1, "iter": 70, "lr": 0.0003, "time": 3.53587, "data_time": 0.05431, "memory": 10391, "transfer_time": 0.09676, "forward_time": 3.38508, "loss_parse_time": 3.38523, "loss": [2059.78389], "hm_loss": [2057.67229], "loc_loss": [0.79992], "loc_loss_elem": [[0.11373, 0.09619, 0.09998, 0.06864, 0.08378, 0.07171, 0.14409, 0.12178]], "num_positive": [61.6], "roi_reg_loss": [0.42745], "roi_cls_loss": [0.08436]}
{"mode": "train", "epoch": 1, "iter": 75, "lr": 0.0003, "time": 3.54907, "data_time": 0.05975, "memory": 10391, "transfer_time": 0.10266, "forward_time": 3.39438, "loss_parse_time": 3.39452, "loss": [1823.57769], "hm_loss": [1821.81008], "loc_loss": [0.72041], "loc_loss_elem": [[0.11753, 0.09713, 0.09638, 0.07516, 0.0747, 0.07103, 0.10338, 0.0851]], "num_positive": [64.0], "roi_reg_loss": [0.24644], "roi_cls_loss": [0.0803]}
{"mode": "train", "epoch": 1, "iter": 80, "lr": 0.0003, "time": 3.54453, "data_time": 0.05262, "memory": 10391, "transfer_time": 0.09377, "forward_time": 3.38994, "loss_parse_time": 3.39008, "loss": [3073.11997], "hm_loss": [3071.62273], "loc_loss": [0.71378], "loc_loss_elem": [[0.11019, 0.09658, 0.08784, 0.07788, 0.09705, 0.06998, 0.09377, 0.08049]], "num_positive": [42.6], "roi_reg_loss": [0.0], "roi_cls_loss": [0.06974]}
{"mode": "train", "epoch": 1, "iter": 85, "lr": 0.0003, "time": 3.53802, "data_time": 0.05189, "memory": 10391, "transfer_time": 0.09718, "forward_time": 3.38009, "loss_parse_time": 3.38023, "loss": [1881.77698], "hm_loss": [1880.01116], "loc_loss": [0.74215], "loc_loss_elem": [[0.11699, 0.08635, 0.09023, 0.07084, 0.08473, 0.06618, 0.1114, 0.11542]], "num_positive": [62.8], "roi_reg_loss": [0.20953], "roi_cls_loss": [0.07202]}
{"mode": "train", "epoch": 1, "iter": 90, "lr": 0.0003, "time": 3.52471, "data_time": 0.05267, "memory": 10391, "transfer_time": 0.09598, "forward_time": 3.3734, "loss_parse_time": 3.37354, "loss": [2160.86575], "hm_loss": [2159.15459], "loc_loss": [0.74306], "loc_loss_elem": [[0.12044, 0.10368, 0.10668, 0.07271, 0.07149, 0.07906, 0.08508, 0.10392]], "num_positive": [59.8], "roi_reg_loss": [0.15773], "roi_cls_loss": [0.06738]}
{"mode": "train", "epoch": 1, "iter": 95, "lr": 0.0003, "time": 3.53296, "data_time": 0.05534, "memory": 10391, "transfer_time": 0.09793, "forward_time": 3.38225, "loss_parse_time": 3.38238, "loss": [1671.02827], "hm_loss": [1668.88093], "loc_loss": [0.76785],