{"mode": "train", "epoch": 1, "iter": 5, "lr": 0.0003, "time": 3.13172, "data_time": 1.40375, "memory": 8407, "transfer_time": 1.46061, "forward_time": 2.97457, "loss_parse_time": 2.97473, "loss": [3.57676], "hm_loss": [0.36354], "loc_loss": [0.68173], "loc_loss_elem": [[0.12395, 0.09539, 0.0793, 0.06762, 0.07272, 0.06479, 0.11027, 0.06769]], "num_positive": [45.8], "roi_reg_loss": [1.30945], "roi_cls_loss": [0.54032]}
{"mode": "train", "epoch": 1, "iter": 10, "lr": 0.0003, "time": 1.64769, "data_time": 0.05371, "memory": 8408, "transfer_time": 0.0991, "forward_time": 1.49413, "loss_parse_time": 1.49426, "loss": [3.29176], "hm_loss": [0.27318], "loc_loss": [0.73024], "loc_loss_elem": [[0.10313, 0.08537, 0.06632, 0.07913, 0.08281, 0.0576, 0.13108, 0.1248]], "num_positive": [86.8], "roi_reg_loss": [1.12198], "roi_cls_loss": [0.43611]}
{"mode": "train", "epoch": 1, "iter": 15, "lr": 0.0003, "time": 1.65525, "data_time": 0.05408, "memory": 8408, "transfer_time": 0.10071, "forward_time": 1.50199, "loss_parse_time": 1.50213, "loss": [3.23314], "hm_loss": [0.37455], "loc_loss": [0.72367], "loc_loss_elem": [[0.09378, 0.09338, 0.08563, 0.07508, 0.07233, 0.06072, 0.11911, 0.12363]], "num_positive": [59.6], "roi_reg_loss": [1.08135], "roi_cls_loss": [0.3299]}
{"mode": "train", "epoch": 1, "iter": 20, "lr": 0.0003, "time": 1.66164, "data_time": 0.05772, "memory": 8408, "transfer_time": 0.10249, "forward_time": 1.51152, "loss_parse_time": 1.51168, "loss": [3.01032], "hm_loss": [0.26999], "loc_loss": [0.74542], "loc_loss_elem": [[0.09746, 0.0814, 0.07567, 0.08455, 0.08147, 0.05658, 0.15457, 0.11373]], "num_positive": [85.4], "roi_reg_loss": [0.9901], "roi_cls_loss": [0.2594]}
{"mode": "train", "epoch": 1, "iter": 25, "lr": 0.0003, "time": 1.65607, "data_time": 0.05492, "memory": 8408, "transfer_time": 0.10172, "forward_time": 1.50794, "loss_parse_time": 1.50808, "loss": [2.74839], "hm_loss": [0.27887], "loc_loss": [0.54956], "loc_loss_elem": [[0.1176, 0.09178, 0.06961, 0.0549, 0.05865, 0.05891, 0.0386, 0.05952]], "num_positive": [41.4], "roi_reg_loss": [1.16779], "roi_cls_loss": [0.20262]}
{"mode": "train", "epoch": 1, "iter": 30, "lr": 0.0003, "time": 1.66315, "data_time": 0.05431, "memory": 8408, "transfer_time": 0.09974, "forward_time": 1.51417, "loss_parse_time": 1.5143, "loss": [2.96493], "hm_loss": [0.36959], "loc_loss": [0.73865], "loc_loss_elem": [[0.10533, 0.08984, 0.07545, 0.07193, 0.08049, 0.06804, 0.1305, 0.11707]], "num_positive": [71.2], "roi_reg_loss": [0.94907], "roi_cls_loss": [0.16898]}
{"mode": "train", "epoch": 1, "iter": 35, "lr": 0.0003, "time": 1.65882, "data_time": 0.0534, "memory": 8408, "transfer_time": 0.09828, "forward_time": 1.50815, "loss_parse_time": 1.50829, "loss": [2.86305], "hm_loss": [0.3486], "loc_loss": [0.7286], "loc_loss_elem": [[0.12111, 0.09148, 0.07643, 0.07742, 0.08686, 0.05847, 0.12634, 0.0905]], "num_positive": [60.6], "roi_reg_loss": [0.91919], "roi_cls_loss": [0.13806]}
{"mode": "train", "epoch": 1, "iter": 40, "lr": 0.0003, "time": 1.66898, "data_time": 0.05309, "memory": 8409, "transfer_time": 0.09767, "forward_time": 1.51526, "loss_parse_time": 1.51541, "loss": [2.93828], "hm_loss": [0.28157], "loc_loss": [0.73103], "loc_loss_elem": [[0.10849, 0.09128, 0.07156, 0.06992, 0.08263, 0.06387, 0.12029, 0.12299]], "num_positive": [67.2], "roi_reg_loss": [1.07135], "roi_cls_loss": [0.1233]}
{"mode": "train", "epoch": 1, "iter": 45, "lr": 0.0003, "time": 1.6648, "data_time": 0.05221, "memory": 8409, "transfer_time": 0.09858, "forward_time": 1.51621, "loss_parse_time": 1.51636, "loss": [2.89445], "hm_loss": [0.23712], "loc_loss": [0.71085], "loc_loss_elem": [[0.10978, 0.09065, 0.07062, 0.07647, 0.07358, 0.06697, 0.1121, 0.11069]], "num_positive": [90.8], "roi_reg_loss": [1.12171], "roi_cls_loss": [0.11394]}
{"mode": "train", "epoch": 1, "iter": 50, "lr": 0.0003, "time": 1.67323, "data_time": 0.05692, "memory": 8409, "transfer_time": 0.10223, "forward_time": 1.52174, "loss_parse_time": 1.5219, "loss": [2.8241], "hm_loss": [0.2744], "loc_loss": [0.7419], "loc_loss_elem": [[0.10792, 0.08585, 0.07201, 0.07239, 0.08808, 0.06239, 0.11883, 0.13444]], "num_positive": [65.2], "roi_reg_loss": [0.97794], "roi_cls_loss": [0.08795]}
{"mode": "train", "epoch": 1, "iter": 55, "lr": 0.0003, "time": 1.66962, "data_time": 0.0528, "memory": 8409, "transfer_time": 0.09746, "forward_time": 1.51228, "loss_parse_time": 1.51243, "loss": [3.30373], "hm_loss": [0.34039], "loc_loss": [0.923], "loc_loss_elem": [[0.12532, 0.09985, 0.09617, 0.07664, 0.07645, 0.07753, 0.2029, 0.16815]], "num_positive": [92.2], "roi_reg_loss": [1.03212], "roi_cls_loss": [0.08522]}
{"mode": "train", "epoch": 1, "iter": 60, "lr": 0.0003, "time": 1.67185, "data_time": 0.05302, "memory": 8409, "transfer_time": 0.09775, "forward_time": 1.52037, "loss_parse_time": 1.52051, "loss": [2.84732], "hm_loss": [0.2655], "loc_loss": [0.71326], "loc_loss_elem": [[0.09984, 0.08505, 0.06966, 0.07272, 0.08379, 0.05938, 0.13526, 0.10756]], "num_positive": [65.4], "roi_reg_loss": [1.08618], "roi_cls_loss": [0.06912]}
{"mode": "train", "epoch": 1, "iter": 65, "lr": 0.0003, "time": 1.67935, "data_time": 0.06256, "memory": 8409, "transfer_time": 0.1064, "forward_time": 1.52267, "loss_parse_time": 1.52281, "loss": [2.73168], "hm_loss": [0.27098], "loc_loss": [0.68327], "loc_loss_elem": [[0.11541, 0.08654, 0.07611, 0.06419, 0.07444, 0.06133, 0.10094, 0.10431]], "num_positive": [62.2], "roi_reg_loss": [1.02162], "roi_cls_loss": [0.07252]}
{"mode": "train", "epoch": 1, "iter": 70, "lr": 0.0003, "time": 1.67203, "data_time": 0.05503, "memory": 8409, "transfer_time": 0.10145, "forward_time": 1.52067, "loss_parse_time": 1.52081, "loss": [2.8539], "hm_loss": [0.34868], "loc_loss": [0.73373], "loc_loss_elem": [[0.11015, 0.09177, 0.08951, 0.06854, 0.07527, 0.06466, 0.11771, 0.11613]], "num_positive": [61.6], "roi_reg_loss": [0.96977], "roi_cls_loss": [0.068]}
{"mode": "train", "epoch": 1, "iter": 75, "lr": 0.0003, "time": 1.67064, "data_time": 0.05351, "memory": 8409, "transfer_time": 0.09864, "forward_time": 1.51678, "loss_parse_time": 1.51692, "loss": [2.69291], "hm_loss": [0.28966], "loc_loss": [0.63386], "loc_loss_elem": [[0.11577, 0.08908, 0.08615, 0.07057, 0.06843, 0.06645, 0.07637, 0.06104]], "num_positive": [64.0], "roi_reg_loss": [1.07473], "roi_cls_loss": [0.06081]}
{"mode": "train", "epoch": 1, "iter": 80, "lr": 0.0003, "time": 1.66975, "data_time": 0.05498, "memory": 8409, "transfer_time": 0.1013, "forward_time": 1.51545, "loss_parse_time": 1.51559, "loss": [2.46881], "hm_loss": [0.2844], "loc_loss": [0.58335], "loc_loss_elem": [[0.10524, 0.08343, 0.07328, 0.0622, 0.07152, 0.0585, 0.06085, 0.06834]], "num_positive": [42.6], "roi_reg_loss": [0.96564], "roi_cls_loss": [0.05208]}
{"mode": "train", "epoch": 1, "iter": 85, "lr": 0.0003, "time": 1.66705, "data_time": 0.05033, "memory": 8409, "transfer_time": 0.09407, "forward_time": 1.51554, "loss_parse_time": 1.5157, "loss": [2.44793], "hm_loss": [0.29949], "loc_loss": [0.65281], "loc_loss_elem": [[0.11085, 0.07821, 0.07051, 0.06199, 0.07481, 0.06099, 0.08801, 0.10743]], "num_positive": [62.8], "roi_reg_loss": [0.788], "roi_cls_loss": [0.0548]}
{"mode": "train", "epoch": 1, "iter": 90, "lr": 0.0003, "time": 1.65939, "data_time": 0.05066, "memory": 8409, "transfer_time": 0.09374, "forward_time": 1.50897, "loss_parse_time": 1.50911, "loss": [2.61304], "hm_loss": [0.28937], "loc_loss": [0.64385], "loc_loss_elem": [[0.11361, 0.10043, 0.07578, 0.06533, 0.06804, 0.07089, 0.0699, 0.07988]], "num_positive": [59.8], "roi_reg_loss": [0.98618], "roi_cls_loss": [0.04979]}
{"mode": "train", "epoch": 1, "iter": 95, "lr": 0.0003, "time": 1.66901, "data_time": 0.05274, "memory": 8409, "transfer_time": 0.09813, "forward_time": 1.52088, "loss_parse_time": 1.52103, "loss": [2.58695], "hm_loss": [0.27979], "loc_loss": [0.68002], "loc_loss_elem": [[0.10379, 0.09091, 0.07112, 0.07687, 0.07651, 0.06437, 0.10521, 0.09124]], "num_positive": [75.6],