{"mode": "train", "epoch": 1, "iter": 5, "lr": 0.0003, "time": 4.15855, "data_time": 1.74445, "memory": 10521, "transfer_time": 1.79953, "forward_time": 3.96932, "loss_parse_time": 3.96949, "loss": [3.50277], "hm_loss": [0.36438], "loc_loss": [0.68067], "loc_loss_elem": [[0.12385, 0.09547, 0.07921, 0.06764, 0.07267, 0.06483, 0.1095, 0.06749]], "num_positive": [45.8], "roi_reg_loss": [1.00925], "roi_cls_loss": [0.7678]}
{"mode": "train", "epoch": 1, "iter": 10, "lr": 0.0003, "time": 2.37787, "data_time": 0.06121, "memory": 10548, "transfer_time": 0.11303, "forward_time": 2.18717, "loss_parse_time": 2.18734, "loss": [3.16869], "hm_loss": [0.27356], "loc_loss": [0.73035], "loc_loss_elem": [[0.10318, 0.08538, 0.06629, 0.07925, 0.08281, 0.0576, 0.13115, 0.1247]], "num_positive": [86.8], "roi_reg_loss": [0.83569], "roi_cls_loss": [0.59873]}
{"mode": "train", "epoch": 1, "iter": 15, "lr": 0.0003, "time": 2.38033, "data_time": 0.06047, "memory": 10559, "transfer_time": 0.10738, "forward_time": 2.19841, "loss_parse_time": 2.19855, "loss": [3.15438], "hm_loss": [0.37596], "loc_loss": [0.72043], "loc_loss_elem": [[0.09403, 0.09323, 0.08565, 0.07509, 0.07249, 0.06066, 0.11716, 0.12211]], "num_positive": [59.6], "roi_reg_loss": [0.87785], "roi_cls_loss": [0.4597]}
{"mode": "train", "epoch": 1, "iter": 20, "lr": 0.0003, "time": 2.37901, "data_time": 0.05465, "memory": 10559, "transfer_time": 0.1016, "forward_time": 2.19453, "loss_parse_time": 2.19468, "loss": [3.00357], "hm_loss": [0.27006], "loc_loss": [0.74812], "loc_loss_elem": [[0.09767, 0.08187, 0.07575, 0.08469, 0.08126, 0.05657, 0.15605, 0.11427]], "num_positive": [85.4], "roi_reg_loss": [0.85199], "roi_cls_loss": [0.38528]}
{"mode": "train", "epoch": 1, "iter": 25, "lr": 0.0003, "time": 2.38749, "data_time": 0.05932, "memory": 10559, "transfer_time": 0.10373, "forward_time": 2.19894, "loss_parse_time": 2.19909, "loss": [2.59486], "hm_loss": [0.27917], "loc_loss": [0.54961], "loc_loss_elem": [[0.11756, 0.09181, 0.06965, 0.05492, 0.05862, 0.05891, 0.03859, 0.05956]], "num_positive": [41.4], "roi_reg_loss": [0.95655], "roi_cls_loss": [0.25992]}
{"mode": "train", "epoch": 1, "iter": 30, "lr": 0.0003, "time": 2.3913, "data_time": 0.05546, "memory": 10559, "transfer_time": 0.10155, "forward_time": 2.20343, "loss_parse_time": 2.20358, "loss": [3.03858], "hm_loss": [0.36874], "loc_loss": [0.7358], "loc_loss_elem": [[0.10543, 0.08984, 0.07519, 0.07193, 0.08047, 0.06807, 0.12845, 0.11641]], "num_positive": [71.2], "roi_reg_loss": [0.91431], "roi_cls_loss": [0.28392]}
{"mode": "train", "epoch": 1, "iter": 35, "lr": 0.0003, "time": 2.35514, "data_time": 0.05007, "memory": 10574, "transfer_time": 0.09539, "forward_time": 2.17209, "loss_parse_time": 2.17224, "loss": [3.11699], "hm_loss": [0.34742], "loc_loss": [0.72831], "loc_loss_elem": [[0.12083, 0.09149, 0.07651, 0.07733, 0.08677, 0.05845, 0.12646, 0.09046]], "num_positive": [60.6], "roi_reg_loss": [1.03232], "roi_cls_loss": [0.28063]}
{"mode": "train", "epoch": 1, "iter": 40, "lr": 0.0003, "time": 2.38688, "data_time": 0.05582, "memory": 10603, "transfer_time": 0.10287, "forward_time": 2.19913, "loss_parse_time": 2.19928, "loss": [2.80132], "hm_loss": [0.28134], "loc_loss": [0.73091], "loc_loss_elem": [[0.10838, 0.09118, 0.0715, 0.07, 0.08262, 0.06381, 0.12042, 0.12301]], "num_positive": [67.2], "roi_reg_loss": [0.83245], "roi_cls_loss": [0.22571]}
{"mode": "train", "epoch": 1, "iter": 45, "lr": 0.0003, "time": 2.382, "data_time": 0.05299, "memory": 10619, "transfer_time": 0.09729, "forward_time": 2.20162, "loss_parse_time": 2.20176, "loss": [2.80166], "hm_loss": [0.23748], "loc_loss": [0.71122], "loc_loss_elem": [[0.10984, 0.09059, 0.07064, 0.07656, 0.07361, 0.06697, 0.11205, 0.11097]], "num_positive": [90.8], "roi_reg_loss": [0.87558], "roi_cls_loss": [0.26616]}
{"mode": "train", "epoch": 1, "iter": 50, "lr": 0.0003, "time": 2.39148, "data_time": 0.05523, "memory": 10619, "transfer_time": 0.10156, "forward_time": 2.20232, "loss_parse_time": 2.20246, "loss": [2.82042], "hm_loss": [0.27415], "loc_loss": [0.7428], "loc_loss_elem": [[0.10803, 0.08589, 0.07192, 0.07233, 0.08821, 0.06245, 0.11945, 0.1345]], "num_positive": [65.2], "roi_reg_loss": [0.85994], "roi_cls_loss": [0.20074]}
{"mode": "train", "epoch": 1, "iter": 55, "lr": 0.0003, "time": 2.37846, "data_time": 0.05704, "memory": 10619, "transfer_time": 0.10334, "forward_time": 2.19405, "loss_parse_time": 2.19419, "loss": [3.36066], "hm_loss": [0.34048], "loc_loss": [0.92606], "loc_loss_elem": [[0.1254, 0.09961, 0.09626, 0.07679, 0.07664, 0.07757, 0.2037, 0.17009]], "num_positive": [92.2], "roi_reg_loss": [0.89336], "roi_cls_loss": [0.27469]}
{"mode": "train", "epoch": 1, "iter": 60, "lr": 0.0003, "time": 2.38626, "data_time": 0.05871, "memory": 10619, "transfer_time": 0.1031, "forward_time": 2.20001, "loss_parse_time": 2.20015, "loss": [2.76305], "hm_loss": [0.26553], "loc_loss": [0.71227], "loc_loss_elem": [[0.09971, 0.08496, 0.06966, 0.07273, 0.08374, 0.05941, 0.1343, 0.10774]], "num_positive": [65.4], "roi_reg_loss": [0.8769], "roi_cls_loss": [0.1961]}
{"mode": "train", "epoch": 1, "iter": 65, "lr": 0.0003, "time": 2.38265, "data_time": 0.05487, "memory": 10619, "transfer_time": 0.10069, "forward_time": 2.19386, "loss_parse_time": 2.194, "loss": [2.86617], "hm_loss": [0.27126], "loc_loss": [0.68326], "loc_loss_elem": [[0.11539, 0.08649, 0.07602, 0.0642, 0.07422, 0.06134, 0.10129, 0.10431]], "num_positive": [62.2], "roi_reg_loss": [1.05006], "roi_cls_loss": [0.17833]}
{"mode": "train", "epoch": 1, "iter": 70, "lr": 0.0003, "time": 2.41166, "data_time": 0.05568, "memory": 10619, "transfer_time": 0.10149, "forward_time": 2.22499, "loss_parse_time": 2.22513, "loss": [2.93091], "hm_loss": [0.34899], "loc_loss": [0.73568], "loc_loss_elem": [[0.11043, 0.09204, 0.08953, 0.06878, 0.07551, 0.06463, 0.11847, 0.1163]], "num_positive": [61.6], "roi_reg_loss": [0.92867], "roi_cls_loss": [0.18189]}
{"mode": "train", "epoch": 1, "iter": 75, "lr": 0.0003, "time": 2.39521, "data_time": 0.05546, "memory": 10619, "transfer_time": 0.10036, "forward_time": 2.20741, "loss_parse_time": 2.20757, "loss": [2.65554], "hm_loss": [0.28783], "loc_loss": [0.63412], "loc_loss_elem": [[0.11581, 0.0891, 0.08611, 0.07068, 0.06853, 0.06627, 0.07668, 0.06095]], "num_positive": [64.0], "roi_reg_loss": [0.93481], "roi_cls_loss": [0.16466]}
{"mode": "train", "epoch": 1, "iter": 80, "lr": 0.0003, "time": 2.37472, "data_time": 0.05289, "memory": 10619, "transfer_time": 0.09868, "forward_time": 2.18317, "loss_parse_time": 2.18332, "loss": [2.4825], "hm_loss": [0.28561], "loc_loss": [0.58549], "loc_loss_elem": [[0.10543, 0.08377, 0.07362, 0.06212, 0.072, 0.05853, 0.06129, 0.06873]], "num_positive": [42.6], "roi_reg_loss": [0.90037], "roi_cls_loss": [0.12554]}
{"mode": "train", "epoch": 1, "iter": 85, "lr": 0.0003, "time": 2.38578, "data_time": 0.06115, "memory": 10619, "transfer_time": 0.10747, "forward_time": 2.19986, "loss_parse_time": 2.20001, "loss": [2.5942], "hm_loss": [0.29762], "loc_loss": [0.65299], "loc_loss_elem": [[0.1108, 0.07807, 0.07051, 0.0619, 0.07491, 0.06081, 0.0876, 0.10838]], "num_positive": [62.8], "roi_reg_loss": [0.84678], "roi_cls_loss": [0.14382]}
{"mode": "train", "epoch": 1, "iter": 90, "lr": 0.0003, "time": 2.38757, "data_time": 0.06184, "memory": 10619, "transfer_time": 0.10548, "forward_time": 2.20253, "loss_parse_time": 2.20267, "loss": [2.65453], "hm_loss": [0.29007], "loc_loss": [0.64406], "loc_loss_elem": [[0.11352, 0.1004, 0.07595, 0.06522, 0.06779, 0.07092, 0.07047, 0.07979]], "num_positive": [59.8], "roi_reg_loss": [0.93163], "roi_cls_loss": [0.14473]}
{"mode": "train", "epoch": 1, "iter": 95, "lr": 0.0003, "time": 2.37721, "data_time": 0.05386, "memory": 10619, "transfer_time": 0.09798, "forward_time": 2.19457, "loss_parse_time": 2.19471, "loss": [2.65666], "hm_loss": [0.27991], "loc_loss": [0.67998], "loc_loss_elem": [[0.10408, 0.09081, 0.0713, 0.07702, 0.07655, 0.06427, 0.10475, 0.09119]],