{"mode": "train", "epoch": 1, "iter": 5, "lr": 5e-05, "time": 5.33389, "data_time": 1.24041, "memory": 8147, "transfer_time": 1.2803, "forward_time": 5.25628, "loss_parse_time": 5.25641, "loss": [2.76934], "hm_loss": [0.0], "loc_loss": [0.99005], "loc_loss_elem": [[0.16433, 0.14125, 0.10225, 0.10491, 0.14415, 0.07427, 0.11536, 0.14353]], "num_positive": [11.8], "roi_reg_loss": [0.0], "roi_cls_loss": [0.78924]}
{"mode": "train", "epoch": 1, "iter": 10, "lr": 5e-05, "time": 4.12506, "data_time": 0.05604, "memory": 8147, "transfer_time": 0.09581, "forward_time": 4.04879, "loss_parse_time": 4.04893, "loss": [2.77411], "hm_loss": [0.0], "loc_loss": [0.98761], "loc_loss_elem": [[0.14314, 0.12113, 0.09375, 0.093, 0.12864, 0.07773, 0.19403, 0.1362]], "num_positive": [25.2], "roi_reg_loss": [0.0], "roi_cls_loss": [0.79889]}
{"mode": "train", "epoch": 1, "iter": 15, "lr": 5e-05, "time": 4.11106, "data_time": 0.05747, "memory": 8147, "transfer_time": 0.09797, "forward_time": 4.03886, "loss_parse_time": 4.039, "loss": [2.88913], "hm_loss": [0.0], "loc_loss": [1.07734], "loc_loss_elem": [[0.13398, 0.13732, 0.10516, 0.12504, 0.15738, 0.08703, 0.18541, 0.146]], "num_positive": [20.6], "roi_reg_loss": [0.0], "roi_cls_loss": [0.73446]}
{"mode": "train", "epoch": 1, "iter": 20, "lr": 5e-05, "time": 4.13624, "data_time": 0.06335, "memory": 8147, "transfer_time": 0.10284, "forward_time": 4.06368, "loss_parse_time": 4.06381, "loss": [3.19914], "hm_loss": [0.0], "loc_loss": [1.21531], "loc_loss_elem": [[0.15162, 0.15247, 0.12549, 0.1112, 0.11981, 0.09302, 0.26786, 0.19384]], "num_positive": [25.8], "roi_reg_loss": [0.0], "roi_cls_loss": [0.76853]}
