{"mode": "train", "epoch": 1, "iter": 5, "lr": 0.0003, "time": 3.12651, "data_time": 1.44302, "memory": 8407, "transfer_time": 1.49246, "forward_time": 2.97019, "loss_parse_time": 2.97035, "loss": [2.78027], "hm_loss": [0.36354], "loc_loss": [0.68173], "loc_loss_elem": [[0.12395, 0.09539, 0.0793, 0.06762, 0.07272, 0.06479, 0.11027, 0.06769]], "num_positive": [45.8], "roi_reg_loss": [0.47826], "roi_cls_loss": [0.57503]}
{"mode": "train", "epoch": 1, "iter": 10, "lr": 0.0003, "time": 1.64613, "data_time": 0.05281, "memory": 8408, "transfer_time": 0.09886, "forward_time": 1.49824, "loss_parse_time": 1.49838, "loss": [2.87327], "hm_loss": [0.27318], "loc_loss": [0.73024], "loc_loss_elem": [[0.10313, 0.08537, 0.06632, 0.07913, 0.08281, 0.0576, 0.13108, 0.1248]], "num_positive": [86.8], "roi_reg_loss": [0.72341], "roi_cls_loss": [0.41618]}
{"mode": "train", "epoch": 1, "iter": 15, "lr": 0.0003, "time": 1.65461, "data_time": 0.05403, "memory": 8408, "transfer_time": 0.09813, "forward_time": 1.49975, "loss_parse_time": 1.4999, "loss": [2.92543], "hm_loss": [0.37455], "loc_loss": [0.72367], "loc_loss_elem": [[0.09378, 0.09338, 0.08563, 0.07508, 0.07233, 0.06072, 0.11911, 0.12363]], "num_positive": [59.6], "roi_reg_loss": [0.81589], "roi_cls_loss": [0.28766]}
{"mode": "train", "epoch": 1, "iter": 20, "lr": 0.0003, "time": 1.65203, "data_time": 0.05343, "memory": 8408, "transfer_time": 0.09703, "forward_time": 1.49927, "loss_parse_time": 1.49941, "loss": [2.48603], "hm_loss": [0.26999], "loc_loss": [0.74542], "loc_loss_elem": [[0.09746, 0.0814, 0.07567, 0.08455, 0.08147, 0.05658, 0.15457, 0.11373]], "num_positive": [85.4], "roi_reg_loss": [0.49011], "roi_cls_loss": [0.2351]}
{"mode": "train", "epoch": 1, "iter": 25, "lr": 0.0003, "time": 1.64788, "data_time": 0.05042, "memory": 8408, "transfer_time": 0.0968, "forward_time": 1.49844, "loss_parse_time": 1.49858, "loss": [1.99603], "hm_loss": [0.27887], "loc_loss": [0.54956], "loc_loss_elem": [[0.1176, 0.09178, 0.06961, 0.0549, 0.05865, 0.05891, 0.0386, 0.05952]], "num_positive": [41.4], "roi_reg_loss": [0.44799], "roi_cls_loss": [0.17005]}
{"mode": "train", "epoch": 1, "iter": 30, "lr": 0.0003, "time": 1.67028, "data_time": 0.0538, "memory": 8408, "transfer_time": 0.10148, "forward_time": 1.52064, "loss_parse_time": 1.52078, "loss": [2.5149], "hm_loss": [0.36959], "loc_loss": [0.73865], "loc_loss_elem": [[0.10533, 0.08984, 0.07545, 0.07193, 0.08049, 0.06804, 0.1305, 0.11707]], "num_positive": [71.2], "roi_reg_loss": [0.53594], "roi_cls_loss": [0.13208]}
{"mode": "train", "epoch": 1, "iter": 35, "lr": 0.0003, "time": 1.6559, "data_time": 0.0531, "memory": 8408, "transfer_time": 0.09817, "forward_time": 1.50509, "loss_parse_time": 1.50524, "loss": [2.55002], "hm_loss": [0.3486], "loc_loss": [0.7286], "loc_loss_elem": [[0.12111, 0.09148, 0.07643, 0.07742, 0.08686, 0.05847, 0.12634, 0.0905]], "num_positive": [60.6], "roi_reg_loss": [0.64185], "roi_cls_loss": [0.10236]}
{"mode": "train", "epoch": 1, "iter": 40, "lr": 0.0003, "time": 1.67437, "data_time": 0.05549, "memory": 8409, "transfer_time": 0.10002, "forward_time": 1.51829, "loss_parse_time": 1.51844, "loss": [2.41003], "hm_loss": [0.28157], "loc_loss": [0.73103], "loc_loss_elem": [[0.10849, 0.09128, 0.07156, 0.06992, 0.08263, 0.06387, 0.12029, 0.12299]], "num_positive": [67.2], "roi_reg_loss": [0.57902], "roi_cls_loss": [0.08737]}
{"mode": "train", "epoch": 1, "iter": 45, "lr": 0.0003, "time": 1.67289, "data_time": 0.04801, "memory": 8409, "transfer_time": 0.09298, "forward_time": 1.52566, "loss_parse_time": 1.5258, "loss": [2.29813], "hm_loss": [0.23712], "loc_loss": [0.71085], "loc_loss_elem": [[0.10978, 0.09065, 0.07062, 0.07647, 0.07358, 0.06697, 0.1121, 0.11069]], "num_positive": [90.8], "roi_reg_loss": [0.56811], "roi_cls_loss": [0.07121]}
{"mode": "train", "epoch": 1, "iter": 50, "lr": 0.0003, "time": 1.67173, "data_time": 0.06004, "memory": 8409, "transfer_time": 0.10843, "forward_time": 1.5193, "loss_parse_time": 1.51945, "loss": [2.16828], "hm_loss": [0.2744], "loc_loss": [0.7419], "loc_loss_elem": [[0.10792, 0.08585, 0.07201, 0.07239, 0.08808, 0.06239, 0.11883, 0.13444]], "num_positive": [65.2], "roi_reg_loss": [0.35112], "roi_cls_loss": [0.05896]}
{"mode": "train", "epoch": 1, "iter": 55, "lr": 0.0003, "time": 1.67794, "data_time": 0.05806, "memory": 8409, "transfer_time": 0.10484, "forward_time": 1.52273, "loss_parse_time": 1.52287, "loss": [3.18083], "hm_loss": [0.34039], "loc_loss": [0.923], "loc_loss_elem": [[0.12532, 0.09985, 0.09617, 0.07664, 0.07645, 0.07753, 0.2029, 0.16815]], "num_positive": [92.2], "roi_reg_loss": [0.93794], "roi_cls_loss": [0.05649]}
{"mode": "train", "epoch": 1, "iter": 60, "lr": 0.0003, "time": 1.66593, "data_time": 0.05154, "memory": 8409, "transfer_time": 0.09619, "forward_time": 1.51176, "loss_parse_time": 1.5119, "loss": [2.25833], "hm_loss": [0.2655], "loc_loss": [0.71326], "loc_loss_elem": [[0.09984, 0.08505, 0.06966, 0.07272, 0.08379, 0.05938, 0.13526, 0.10756]], "num_positive": [65.4], "roi_reg_loss": [0.51715], "roi_cls_loss": [0.04916]}
{"mode": "train", "epoch": 1, "iter": 65, "lr": 0.0003, "time": 1.69057, "data_time": 0.05219, "memory": 8409, "transfer_time": 0.09697, "forward_time": 1.53649, "loss_parse_time": 1.53664, "loss": [2.44372], "hm_loss": [0.27098], "loc_loss": [0.68327], "loc_loss_elem": [[0.11541, 0.08654, 0.07611, 0.06419, 0.07444, 0.06133, 0.10094, 0.10431]], "num_positive": [62.2], "roi_reg_loss": [0.76304], "roi_cls_loss": [0.04315]}
{"mode": "train", "epoch": 1, "iter": 70, "lr": 0.0003, "time": 1.68231, "data_time": 0.05265, "memory": 8409, "transfer_time": 0.09989, "forward_time": 1.53433, "loss_parse_time": 1.5345, "loss": [2.36734], "hm_loss": [0.34868], "loc_loss": [0.73373], "loc_loss_elem": [[0.11015, 0.09177, 0.08951, 0.06854, 0.07527, 0.06466, 0.11771, 0.11613]], "num_positive": [61.6], "roi_reg_loss": [0.51441], "roi_cls_loss": [0.03679]}
{"mode": "train", "epoch": 1, "iter": 75, "lr": 0.0003, "time": 1.67307, "data_time": 0.0563, "memory": 8409, "transfer_time": 0.10042, "forward_time": 1.52395, "loss_parse_time": 1.5241, "loss": [2.26822], "hm_loss": [0.28966], "loc_loss": [0.63386], "loc_loss_elem": [[0.11577, 0.08908, 0.08615, 0.07057, 0.06843, 0.06645, 0.07637, 0.06104]], "num_positive": [64.0], "roi_reg_loss": [0.67951], "roi_cls_loss": [0.03134]}
{"mode": "train", "epoch": 1, "iter": 80, "lr": 0.0003, "time": 1.6712, "data_time": 0.05529, "memory": 8409, "transfer_time": 0.1014, "forward_time": 1.51541, "loss_parse_time": 1.51556, "loss": [1.89416], "hm_loss": [0.2844], "loc_loss": [0.58335], "loc_loss_elem": [[0.10524, 0.08343, 0.07328, 0.0622, 0.07152, 0.0585, 0.06085, 0.06834]], "num_positive": [42.6], "roi_reg_loss": [0.41424], "roi_cls_loss": [0.02883]}
{"mode": "train", "epoch": 1, "iter": 85, "lr": 0.0003, "time": 1.67225, "data_time": 0.05476, "memory": 8409, "transfer_time": 0.09942, "forward_time": 1.52341, "loss_parse_time": 1.52358, "loss": [1.8665], "hm_loss": [0.29949], "loc_loss": [0.65281], "loc_loss_elem": [[0.11085, 0.07821, 0.07051, 0.06199, 0.07481, 0.06099, 0.08801, 0.10743]], "num_positive": [62.8], "roi_reg_loss": [0.23353], "roi_cls_loss": [0.02785]}
{"mode": "train", "epoch": 1, "iter": 90, "lr": 0.0003, "time": 1.66925, "data_time": 0.05489, "memory": 8409, "transfer_time": 0.10032, "forward_time": 1.517, "loss_parse_time": 1.51715, "loss": [1.90711], "hm_loss": [0.28937], "loc_loss": [0.64385], "loc_loss_elem": [[0.11361, 0.10043, 0.07578, 0.06533, 0.06804, 0.07089, 0.0699, 0.07988]], "num_positive": [59.8], "roi_reg_loss": [0.30709], "roi_cls_loss": [0.02295]}
{"mode": "train", "epoch": 1, "iter": 95, "lr": 0.0003, "time": 1.66361, "data_time": 0.05576, "memory": 8409, "transfer_time": 0.0994, "forward_time": 1.51327, "loss_parse_time": 1.51342, "loss": [2.20572], "hm_loss": [0.27979], "loc_loss": [0.68002], "loc_loss_elem": [[0.10379, 0.09091, 0.07112, 0.07687, 0.07651, 0.06437, 0.10521, 0.09124]], "num_positive": [75.6],