{"mode": "train", "epoch": 1, "iter": 5, "lr": 5e-05, "time": 9.43493, "data_time": 1.70001, "memory": 9583, "transfer_time": 1.77553, "forward_time": 9.0539, "loss_parse_time": 9.05405, "loss": [2.8372], "hm_loss": [0.0], "loc_loss": [0.64033], "loc_loss_elem": [[0.10285, 0.09464, 0.08726, 0.06476, 0.06509, 0.06547, 0.08409, 0.07617]], "num_positive": [191.2], "roi_reg_loss": [0.88833], "roi_cls_loss": [0.66822]}
{"mode": "train", "epoch": 1, "iter": 10, "lr": 5e-05, "time": 7.88849, "data_time": 0.29066, "memory": 9583, "transfer_time": 0.36016, "forward_time": 7.5219, "loss_parse_time": 7.52204, "loss": [2.68605], "hm_loss": [0.0], "loc_loss": [0.63048], "loc_loss_elem": [[0.10336, 0.09063, 0.08067, 0.06562, 0.0635, 0.06676, 0.08208, 0.07785]], "num_positive": [203.0], "roi_reg_loss": [0.86329], "roi_cls_loss": [0.5618]}
{"mode": "train", "epoch": 1, "iter": 15, "lr": 5e-05, "time": 7.90866, "data_time": 0.16744, "memory": 10009, "transfer_time": 0.23866, "forward_time": 7.53042, "loss_parse_time": 7.53056, "loss": [2.6609], "hm_loss": [0.0], "loc_loss": [0.64515], "loc_loss_elem": [[0.10648, 0.08683, 0.07282, 0.06467, 0.07338, 0.06116, 0.09365, 0.08616]], "num_positive": [202.8], "roi_reg_loss": [0.8719], "roi_cls_loss": [0.4987]}
{"mode": "train", "epoch": 1, "iter": 20, "lr": 5e-05, "time": 8.02907, "data_time": 0.29499, "memory": 10009, "transfer_time": 0.36439, "forward_time": 7.65289, "loss_parse_time": 7.65304, "loss": [2.45925], "hm_loss": [0.0], "loc_loss": [0.59691], "loc_loss_elem": [[0.09196, 0.08246, 0.06244, 0.06445, 0.07041, 0.05518, 0.08611, 0.0839]], "num_positive": [236.6], "roi_reg_loss": [0.79751], "roi_cls_loss": [0.46792]}
{"mode": "train", "epoch": 1, "iter": 25, "lr": 5e-05, "time": 7.87996, "data_time": 0.2733, "memory": 10009, "transfer_time": 0.34379, "forward_time": 7.51819, "loss_parse_time": 7.51833, "loss": [2.65291], "hm_loss": [0.0], "loc_loss": [0.68903], "loc_loss_elem": [[0.10105, 0.0882, 0.07916, 0.07015, 0.07825, 0.06256, 0.11276, 0.09691]], "num_positive": [267.2], "roi_reg_loss": [0.81166], "roi_cls_loss": [0.4632]}
{"mode": "train", "epoch": 1, "iter": 30, "lr": 5e-05, "time": 7.8363, "data_time": 0.1546, "memory": 10009, "transfer_time": 0.22284, "forward_time": 7.47342, "loss_parse_time": 7.47355, "loss": [2.47544], "hm_loss": [0.0], "loc_loss": [0.62443], "loc_loss_elem": [[0.09873, 0.08594, 0.07929, 0.06256, 0.07305, 0.06649, 0.085, 0.07336]], "num_positive": [193.0], "roi_reg_loss": [0.83479], "roi_cls_loss": [0.39179]}
{"mode": "train", "epoch": 1, "iter": 35, "lr": 5e-05, "time": 8.01052, "data_time": 0.27763, "memory": 10009, "transfer_time": 0.34805, "forward_time": 7.62629, "loss_parse_time": 7.62643, "loss": [2.59181], "hm_loss": [0.0], "loc_loss": [0.65536], "loc_loss_elem": [[0.10157, 0.08752, 0.07071, 0.06848, 0.072, 0.0568, 0.09599, 0.10229]], "num_positive": [304.2], "roi_reg_loss": [0.80458], "roi_cls_loss": [0.47651]}
{"mode": "train", "epoch": 1, "iter": 40, "lr": 5e-05, "time": 7.92888, "data_time": 0.28625, "memory": 10009, "transfer_time": 0.35717, "forward_time": 7.55127, "loss_parse_time": 7.55141, "loss": [2.55282], "hm_loss": [0.0], "loc_loss": [0.61324], "loc_loss_elem": [[0.10642, 0.08878, 0.08308, 0.06702, 0.06356, 0.06225, 0.0734, 0.06874]], "num_positive": [231.8], "roi_reg_loss": [0.91402], "roi_cls_loss": [0.41233]}
{"mode": "train", "epoch": 1, "iter": 45, "lr": 5e-05, "time": 7.91315, "data_time": 0.16106, "memory": 10009, "transfer_time": 0.23027, "forward_time": 7.53915, "loss_parse_time": 7.5393, "loss": [2.69369], "hm_loss": [0.0], "loc_loss": [0.70988], "loc_loss_elem": [[0.10292, 0.09979, 0.08256, 0.06862, 0.07586, 0.06792, 0.1081, 0.10411]], "num_positive": [192.2], "roi_reg_loss": [0.8793], "roi_cls_loss": [0.39463]}
{"mode": "train", "epoch": 1, "iter": 50, "lr": 5e-05, "time": 8.04344, "data_time": 0.27566, "memory": 10009, "transfer_time": 0.34433, "forward_time": 7.66325, "loss_parse_time": 7.6634, "loss": [2.67135], "hm_loss": [0.0], "loc_loss": [0.70793], "loc_loss_elem": [[0.10257, 0.09199, 0.07073, 0.07533, 0.08276, 0.06078, 0.11267, 0.1111]], "num_positive": [294.0], "roi_reg_loss": [0.80827], "roi_cls_loss": [0.44723]}
{"mode": "train", "epoch": 1, "iter": 55, "lr": 5e-05, "time": 7.95616, "data_time": 0.29909, "memory": 10009, "transfer_time": 0.37421, "forward_time": 7.57934, "loss_parse_time": 7.57948, "loss": [2.63756], "hm_loss": [0.0], "loc_loss": [0.66452], "loc_loss_elem": [[0.09871, 0.09102, 0.07736, 0.07146, 0.06976, 0.06557, 0.09099, 0.09965]], "num_positive": [241.8], "roi_reg_loss": [0.91115], "roi_cls_loss": [0.39737]}
{"mode": "train", "epoch": 1, "iter": 60, "lr": 5e-05, "time": 7.91701, "data_time": 0.16825, "memory": 10009, "transfer_time": 0.24353, "forward_time": 7.54675, "loss_parse_time": 7.54689, "loss": [2.54406], "hm_loss": [0.0], "loc_loss": [0.65202], "loc_loss_elem": [[0.0997, 0.09221, 0.076, 0.06537, 0.06884, 0.06008, 0.09852, 0.09131]], "num_positive": [279.2], "roi_reg_loss": [0.83124], "roi_cls_loss": [0.40878]}
