{"mode": "train", "epoch": 1, "iter": 5, "lr": 5e-05, "time": 7.18228, "data_time": 1.40034, "memory": 8151, "transfer_time": 1.43815, "forward_time": 7.06401, "loss_parse_time": 7.06414, "loss": [3.00105], "hm_loss": [0.0], "loc_loss": [0.69825], "loc_loss_elem": [[0.14053, 0.09218, 0.09174, 0.06729, 0.09052, 0.07684, 0.07325, 0.0659]], "num_positive": [23.0], "roi_reg_loss": [0.9134], "roi_cls_loss": [0.69115]}
{"mode": "train", "epoch": 1, "iter": 10, "lr": 5e-05, "time": 5.81027, "data_time": 0.05298, "memory": 8151, "transfer_time": 0.09219, "forward_time": 5.68875, "loss_parse_time": 5.68888, "loss": [3.10877], "hm_loss": [0.0], "loc_loss": [0.84379], "loc_loss_elem": [[0.12246, 0.09106, 0.07648, 0.0801, 0.09719, 0.06312, 0.18926, 0.12412]], "num_positive": [52.4], "roi_reg_loss": [0.78262], "roi_cls_loss": [0.63857]}
{"mode": "train", "epoch": 1, "iter": 15, "lr": 5e-05, "time": 5.80016, "data_time": 0.05563, "memory": 8151, "transfer_time": 0.09473, "forward_time": 5.67987, "loss_parse_time": 5.68001, "loss": [2.95106], "hm_loss": [0.0], "loc_loss": [0.77217], "loc_loss_elem": [[0.10164, 0.10303, 0.08728, 0.08441, 0.08821, 0.07189, 0.11895, 0.11675]], "num_positive": [35.0], "roi_reg_loss": [0.79063], "roi_cls_loss": [0.61609]}
{"mode": "train", "epoch": 1, "iter": 20, "lr": 5e-05, "time": 5.80195, "data_time": 0.05016, "memory": 8151, "transfer_time": 0.08872, "forward_time": 5.68599, "loss_parse_time": 5.68612, "loss": [3.17061], "hm_loss": [0.0], "loc_loss": [0.89889], "loc_loss_elem": [[0.11219, 0.09093, 0.08903, 0.09484, 0.09145, 0.0707, 0.20221, 0.14754]], "num_positive": [53.0], "roi_reg_loss": [0.78108], "roi_cls_loss": [0.59175]}
{"mode": "train", "epoch": 1, "iter": 25, "lr": 5e-05, "time": 5.81191, "data_time": 0.05533, "memory": 8152, "transfer_time": 0.09209, "forward_time": 5.69659, "loss_parse_time": 5.69673, "loss": [2.41568], "hm_loss": [0.0], "loc_loss": [0.55348], "loc_loss_elem": [[0.12556, 0.07984, 0.0737, 0.05851, 0.05871, 0.06212, 0.03898, 0.05607]], "num_positive": [24.0], "roi_reg_loss": [0.78648], "roi_cls_loss": [0.52224]}
