{"mode": "train", "epoch": 1, "iter": 5, "lr": 0.0003, "time": 3.76409, "data_time": 1.39872, "memory": 10520, "transfer_time": 1.44623, "forward_time": 3.57702, "loss_parse_time": 3.57717, "loss": [3.6612], "hm_loss": [0.36438], "loc_loss": [0.68067], "loc_loss_elem": [[0.12385, 0.09547, 0.07921, 0.06764, 0.07267, 0.06483, 0.1095, 0.06749]], "num_positive": [45.8], "roi_reg_loss": [1.02694], "roi_cls_loss": [0.90853]}
{"mode": "train", "epoch": 1, "iter": 10, "lr": 0.0003, "time": 2.32467, "data_time": 0.04894, "memory": 10549, "transfer_time": 0.09111, "forward_time": 2.143, "loss_parse_time": 2.14315, "loss": [3.55101], "hm_loss": [0.27356], "loc_loss": [0.73035], "loc_loss_elem": [[0.10318, 0.08538, 0.06629, 0.07925, 0.08281, 0.0576, 0.13115, 0.1247]], "num_positive": [86.8], "roi_reg_loss": [1.06084], "roi_cls_loss": [0.75591]}
{"mode": "train", "epoch": 1, "iter": 15, "lr": 0.0003, "time": 2.33089, "data_time": 0.05669, "memory": 10558, "transfer_time": 0.09825, "forward_time": 2.1438, "loss_parse_time": 2.14395, "loss": [3.46521], "hm_loss": [0.37596], "loc_loss": [0.72043], "loc_loss_elem": [[0.09403, 0.09323, 0.08565, 0.07509, 0.07249, 0.06066, 0.11716, 0.12211]], "num_positive": [59.6], "roi_reg_loss": [1.0917], "roi_cls_loss": [0.55669]}
{"mode": "train", "epoch": 1, "iter": 20, "lr": 0.0003, "time": 2.36292, "data_time": 0.05939, "memory": 10558, "transfer_time": 0.10183, "forward_time": 2.17739, "loss_parse_time": 2.17753, "loss": [3.35918], "hm_loss": [0.27006], "loc_loss": [0.74812], "loc_loss_elem": [[0.09767, 0.08187, 0.07575, 0.08469, 0.08126, 0.05657, 0.15605, 0.11427]], "num_positive": [85.4], "roi_reg_loss": [1.13046], "roi_cls_loss": [0.46242]}
{"mode": "train", "epoch": 1, "iter": 25, "lr": 0.0003, "time": 2.37321, "data_time": 0.05488, "memory": 10558, "transfer_time": 0.09693, "forward_time": 2.18921, "loss_parse_time": 2.18935, "loss": [2.83312], "hm_loss": [0.27917], "loc_loss": [0.54961], "loc_loss_elem": [[0.11756, 0.09181, 0.06965, 0.05492, 0.05862, 0.05891, 0.03859, 0.05956]], "num_positive": [41.4], "roi_reg_loss": [1.09701], "roi_cls_loss": [0.3577]}
{"mode": "train", "epoch": 1, "iter": 30, "lr": 0.0003, "time": 2.40328, "data_time": 0.05655, "memory": 10558, "transfer_time": 0.09934, "forward_time": 2.21616, "loss_parse_time": 2.2163, "loss": [3.18091], "hm_loss": [0.36874], "loc_loss": [0.7358], "loc_loss_elem": [[0.10543, 0.08984, 0.07519, 0.07193, 0.08047, 0.06807, 0.12845, 0.11641]], "num_positive": [71.2], "roi_reg_loss": [1.03143], "roi_cls_loss": [0.30913]}
{"mode": "train", "epoch": 1, "iter": 35, "lr": 0.0003, "time": 2.38944, "data_time": 0.05527, "memory": 10575, "transfer_time": 0.09765, "forward_time": 2.2001, "loss_parse_time": 2.20024, "loss": [3.15443], "hm_loss": [0.34742], "loc_loss": [0.72831], "loc_loss_elem": [[0.12083, 0.09149, 0.07651, 0.07733, 0.08677, 0.05845, 0.12646, 0.09046]], "num_positive": [60.6], "roi_reg_loss": [1.09059], "roi_cls_loss": [0.25981]}
{"mode": "train", "epoch": 1, "iter": 40, "lr": 0.0003, "time": 2.39595, "data_time": 0.05671, "memory": 10602, "transfer_time": 0.09822, "forward_time": 2.20863, "loss_parse_time": 2.20877, "loss": [3.06184], "hm_loss": [0.28134], "loc_loss": [0.73091], "loc_loss_elem": [[0.10838, 0.09118, 0.0715, 0.07, 0.08262, 0.06381, 0.12042, 0.12301]], "num_positive": [67.2], "roi_reg_loss": [1.10999], "roi_cls_loss": [0.20869]}
{"mode": "train", "epoch": 1, "iter": 45, "lr": 0.0003, "time": 2.37514, "data_time": 0.04894, "memory": 10619, "transfer_time": 0.09068, "forward_time": 2.19395, "loss_parse_time": 2.19408, "loss": [2.95118], "hm_loss": [0.23748], "loc_loss": [0.71122], "loc_loss_elem": [[0.10984, 0.09059, 0.07064, 0.07656, 0.07361, 0.06697, 0.11205, 0.11097]], "num_positive": [90.8], "roi_reg_loss": [1.08638], "roi_cls_loss": [0.20487]}
{"mode": "train", "epoch": 1, "iter": 50, "lr": 0.0003, "time": 2.38898, "data_time": 0.05476, "memory": 10619, "transfer_time": 0.09806, "forward_time": 2.20605, "loss_parse_time": 2.2062, "loss": [2.96714], "hm_loss": [0.27415], "loc_loss": [0.7428], "loc_loss_elem": [[0.10803, 0.08589, 0.07192, 0.07233, 0.08821, 0.06245, 0.11945, 0.1345]], "num_positive": [65.2], "roi_reg_loss": [1.03666], "roi_cls_loss": [0.17074]}
{"mode": "train", "epoch": 1, "iter": 55, "lr": 0.0003, "time": 2.38264, "data_time": 0.05631, "memory": 10619, "transfer_time": 0.09993, "forward_time": 2.20225, "loss_parse_time": 2.20239, "loss": [3.52344], "hm_loss": [0.34048], "loc_loss": [0.92606], "loc_loss_elem": [[0.1254, 0.09961, 0.09626, 0.07679, 0.07664, 0.07757, 0.2037, 0.17009]], "num_positive": [92.2], "roi_reg_loss": [1.17499], "roi_cls_loss": [0.15584]}
{"mode": "train", "epoch": 1, "iter": 60, "lr": 0.0003, "time": 2.36565, "data_time": 0.05705, "memory": 10619, "transfer_time": 0.0982, "forward_time": 2.17865, "loss_parse_time": 2.17879, "loss": [3.10887], "hm_loss": [0.26553], "loc_loss": [0.71227], "loc_loss_elem": [[0.09971, 0.08496, 0.06966, 0.07273, 0.08374, 0.05941, 0.1343, 0.10774]], "num_positive": [65.4], "roi_reg_loss": [1.28313], "roi_cls_loss": [0.13568]}
{"mode": "train", "epoch": 1, "iter": 65, "lr": 0.0003, "time": 2.40422, "data_time": 0.05454, "memory": 10619, "transfer_time": 0.09792, "forward_time": 2.21306, "loss_parse_time": 2.21321, "loss": [2.96957], "hm_loss": [0.27126], "loc_loss": [0.68326], "loc_loss_elem": [[0.11539, 0.08649, 0.07602, 0.0642, 0.07422, 0.06134, 0.10129, 0.10431]], "num_positive": [62.2], "roi_reg_loss": [1.20037], "roi_cls_loss": [0.13143]}
{"mode": "train", "epoch": 1, "iter": 70, "lr": 0.0003, "time": 2.3848, "data_time": 0.0546, "memory": 10619, "transfer_time": 0.09813, "forward_time": 2.19649, "loss_parse_time": 2.19662, "loss": [3.09515], "hm_loss": [0.34899], "loc_loss": [0.73568], "loc_loss_elem": [[0.11043, 0.09204, 0.08953, 0.06878, 0.07551, 0.06463, 0.11847, 0.1163]], "num_positive": [61.6], "roi_reg_loss": [1.14958], "roi_cls_loss": [0.12522]}
{"mode": "train", "epoch": 1, "iter": 75, "lr": 0.0003, "time": 2.39124, "data_time": 0.05978, "memory": 10619, "transfer_time": 0.10178, "forward_time": 2.20172, "loss_parse_time": 2.20186, "loss": [2.9381], "hm_loss": [0.28783], "loc_loss": [0.63412], "loc_loss_elem": [[0.11581, 0.0891, 0.08611, 0.07068, 0.06853, 0.06627, 0.07668, 0.06095]], "num_positive": [64.0], "roi_reg_loss": [1.26017], "roi_cls_loss": [0.12186]}
{"mode": "train", "epoch": 1, "iter": 80, "lr": 0.0003, "time": 2.37909, "data_time": 0.0518, "memory": 10619, "transfer_time": 0.0928, "forward_time": 2.1925, "loss_parse_time": 2.19264, "loss": [2.72058], "hm_loss": [0.28561], "loc_loss": [0.58549], "loc_loss_elem": [[0.10543, 0.08377, 0.07362, 0.06212, 0.072, 0.05853, 0.06129, 0.06873]], "num_positive": [42.6], "roi_reg_loss": [1.17128], "roi_cls_loss": [0.0927]}
{"mode": "train", "epoch": 1, "iter": 85, "lr": 0.0003, "time": 2.37363, "data_time": 0.05125, "memory": 10619, "transfer_time": 0.09317, "forward_time": 2.18822, "loss_parse_time": 2.18836, "loss": [2.78042], "hm_loss": [0.29762], "loc_loss": [0.65299], "loc_loss_elem": [[0.1108, 0.07807, 0.07051, 0.0619, 0.07491, 0.06081, 0.0876, 0.10838]], "num_positive": [62.8], "roi_reg_loss": [1.0654], "roi_cls_loss": [0.11142]}
