{"mode": "train", "epoch": 1, "iter": 5, "lr": 5e-05, "time": 25.50439, "data_time": 1.11567, "memory": 10647, "transfer_time": 1.18902, "forward_time": 25.14346, "loss_parse_time": 25.14361, "loss": [2.95503], "hm_loss": [0.0], "loc_loss": [0.60658], "loc_loss_elem": [[0.10316, 0.08867, 0.08126, 0.06088, 0.06187, 0.06604, 0.06151, 0.0832]], "num_positive": [178.8], "roi_reg_loss": [0.95774], "roi_cls_loss": [0.78412]}
