{"mode": "train", "epoch": 1, "iter": 5, "lr": 0.0003, "time": 3.12296, "data_time": 1.43573, "memory": 8407, "transfer_time": 1.48684, "forward_time": 2.96649, "loss_parse_time": 2.96666, "loss": [2.91555], "hm_loss": [0.0], "loc_loss": [0.68129], "loc_loss_elem": [[0.12387, 0.09536, 0.07938, 0.06753, 0.07246, 0.06498, 0.11016, 0.06756]], "num_positive": [45.8], "roi_reg_loss": [1.03543], "roi_cls_loss": [0.51754]}
{"mode": "train", "epoch": 1, "iter": 10, "lr": 0.0003, "time": 1.64694, "data_time": 0.05265, "memory": 8408, "transfer_time": 0.09587, "forward_time": 1.50088, "loss_parse_time": 1.50102, "loss": [2.74399], "hm_loss": [0.0], "loc_loss": [0.73461], "loc_loss_elem": [[0.10299, 0.0855, 0.06654, 0.07908, 0.08331, 0.05783, 0.13523, 0.12414]], "num_positive": [86.8], "roi_reg_loss": [0.84964], "roi_cls_loss": [0.42512]}
{"mode": "train", "epoch": 1, "iter": 15, "lr": 0.0003, "time": 1.6562, "data_time": 0.05927, "memory": 8408, "transfer_time": 0.10579, "forward_time": 1.50519, "loss_parse_time": 1.50533, "loss": [2.67286], "hm_loss": [0.0], "loc_loss": [0.72083], "loc_loss_elem": [[0.09392, 0.0936, 0.08586, 0.07513, 0.07195, 0.06099, 0.11709, 0.1223]], "num_positive": [59.6], "roi_reg_loss": [0.90044], "roi_cls_loss": [0.33076]}
{"mode": "train", "epoch": 1, "iter": 20, "lr": 0.0003, "time": 1.65055, "data_time": 0.05427, "memory": 8408, "transfer_time": 0.10036, "forward_time": 1.50534, "loss_parse_time": 1.50547, "loss": [2.68625], "hm_loss": [0.0], "loc_loss": [0.75079], "loc_loss_elem": [[0.09858, 0.08185, 0.07581, 0.08477, 0.08117, 0.05678, 0.16041, 0.11143]], "num_positive": [85.4], "roi_reg_loss": [0.87106], "roi_cls_loss": [0.3136]}
{"mode": "train", "epoch": 1, "iter": 25, "lr": 0.0003, "time": 1.64999, "data_time": 0.05728, "memory": 8408, "transfer_time": 0.1032, "forward_time": 1.50219, "loss_parse_time": 1.50233, "loss": [2.26521], "hm_loss": [0.0], "loc_loss": [0.5509], "loc_loss_elem": [[0.11797, 0.09157, 0.06958, 0.05479, 0.05844, 0.05916, 0.04019, 0.0592]], "num_positive": [41.4], "roi_reg_loss": [0.97025], "roi_cls_loss": [0.19317]}
{"mode": "train", "epoch": 1, "iter": 30, "lr": 0.0003, "time": 1.66266, "data_time": 0.05331, "memory": 8408, "transfer_time": 0.10083, "forward_time": 1.51014, "loss_parse_time": 1.51027, "loss": [2.63109], "hm_loss": [0.0], "loc_loss": [0.73652], "loc_loss_elem": [[0.10575, 0.08969, 0.07637, 0.07148, 0.08001, 0.06774, 0.12852, 0.11695]], "num_positive": [71.2], "roi_reg_loss": [0.92513], "roi_cls_loss": [0.23293]}
{"mode": "train", "epoch": 1, "iter": 35, "lr": 0.0003, "time": 1.64664, "data_time": 0.05389, "memory": 8408, "transfer_time": 0.10224, "forward_time": 1.49305, "loss_parse_time": 1.49319, "loss": [2.74174], "hm_loss": [0.0], "loc_loss": [0.73048], "loc_loss_elem": [[0.12283, 0.09107, 0.07753, 0.07681, 0.08568, 0.0589, 0.12734, 0.09033]], "num_positive": [60.6], "roi_reg_loss": [1.04592], "roi_cls_loss": [0.23485]}
{"mode": "train", "epoch": 1, "iter": 40, "lr": 0.0003, "time": 1.65366, "data_time": 0.05452, "memory": 8409, "transfer_time": 0.10037, "forward_time": 1.50518, "loss_parse_time": 1.50533, "loss": [2.48528], "hm_loss": [0.0], "loc_loss": [0.73732], "loc_loss_elem": [[0.10905, 0.09149, 0.07181, 0.07034, 0.08258, 0.06388, 0.1246, 0.12358]], "num_positive": [67.2], "roi_reg_loss": [0.83], "roi_cls_loss": [0.18064]}
{"mode": "train", "epoch": 1, "iter": 45, "lr": 0.0003, "time": 1.65525, "data_time": 0.05554, "memory": 8409, "transfer_time": 0.10297, "forward_time": 1.50417, "loss_parse_time": 1.50432, "loss": [2.54535], "hm_loss": [0.0], "loc_loss": [0.71431], "loc_loss_elem": [[0.11019, 0.09084, 0.07082, 0.07653, 0.07311, 0.06693, 0.11463, 0.11126]], "num_positive": [90.8], "roi_reg_loss": [0.88385], "roi_cls_loss": [0.23288]}
{"mode": "train", "epoch": 1, "iter": 50, "lr": 0.0003, "time": 1.64795, "data_time": 0.05694, "memory": 8409, "transfer_time": 0.10163, "forward_time": 1.49589, "loss_parse_time": 1.49603, "loss": [2.53034], "hm_loss": [0.0], "loc_loss": [0.74948], "loc_loss_elem": [[0.10847, 0.08639, 0.07148, 0.07254, 0.08818, 0.06231, 0.12476, 0.13534]], "num_positive": [65.2], "roi_reg_loss": [0.8567], "roi_cls_loss": [0.17468]}
{"mode": "train", "epoch": 1, "iter": 55, "lr": 0.0003, "time": 1.65644, "data_time": 0.06383, "memory": 8409, "transfer_time": 0.10886, "forward_time": 1.50696, "loss_parse_time": 1.5071, "loss": [2.98198], "hm_loss": [0.0], "loc_loss": [0.91671], "loc_loss_elem": [[0.1251, 0.10072, 0.09583, 0.0768, 0.07575, 0.07746, 0.19891, 0.16615]], "num_positive": [92.2], "roi_reg_loss": [0.89515], "roi_cls_loss": [0.25342]}
{"mode": "train", "epoch": 1, "iter": 60, "lr": 0.0003, "time": 1.64856, "data_time": 0.05146, "memory": 8409, "transfer_time": 0.09741, "forward_time": 1.50144, "loss_parse_time": 1.50158, "loss": [2.48764], "hm_loss": [0.0], "loc_loss": [0.71418], "loc_loss_elem": [[0.10078, 0.08526, 0.06948, 0.07254, 0.08309, 0.05936, 0.13526, 0.1084]], "num_positive": [65.4], "roi_reg_loss": [0.88396], "roi_cls_loss": [0.17532]}
{"mode": "train", "epoch": 1, "iter": 65, "lr": 0.0003, "time": 1.66178, "data_time": 0.05205, "memory": 8409, "transfer_time": 0.09706, "forward_time": 1.51398, "loss_parse_time": 1.51412, "loss": [2.56276], "hm_loss": [0.0], "loc_loss": [0.68233], "loc_loss_elem": [[0.11451, 0.08703, 0.07607, 0.0642, 0.0744, 0.06165, 0.10037, 0.10411]], "num_positive": [62.2], "roi_reg_loss": [1.02389], "roi_cls_loss": [0.17421]}
{"mode": "train", "epoch": 1, "iter": 70, "lr": 0.0003, "time": 1.65024, "data_time": 0.05094, "memory": 8409, "transfer_time": 0.09808, "forward_time": 1.50005, "loss_parse_time": 1.50019, "loss": [2.55947], "hm_loss": [0.0], "loc_loss": [0.73136], "loc_loss_elem": [[0.11093, 0.09126, 0.09, 0.06792, 0.07368, 0.06522, 0.11764, 0.11471]], "num_positive": [61.6], "roi_reg_loss": [0.93365], "roi_cls_loss": [0.16311]}
{"mode": "train", "epoch": 1, "iter": 75, "lr": 0.0003, "time": 1.66112, "data_time": 0.05833, "memory": 8409, "transfer_time": 0.10335, "forward_time": 1.5076, "loss_parse_time": 1.50774, "loss": [2.37733], "hm_loss": [0.0], "loc_loss": [0.63475], "loc_loss_elem": [[0.11601, 0.08978, 0.08587, 0.07029, 0.0683, 0.06656, 0.07674, 0.06121]], "num_positive": [64.0], "roi_reg_loss": [0.95042], "roi_cls_loss": [0.1574]}
{"mode": "train", "epoch": 1, "iter": 80, "lr": 0.0003, "time": 1.65384, "data_time": 0.05195, "memory": 8409, "transfer_time": 0.09958, "forward_time": 1.50488, "loss_parse_time": 1.50502, "loss": [2.18413], "hm_loss": [0.0], "loc_loss": [0.5863], "loc_loss_elem": [[0.10445, 0.08348, 0.07413, 0.06314, 0.07114, 0.0586, 0.06237, 0.06898]], "num_positive": [42.6], "roi_reg_loss": [0.89023], "roi_cls_loss": [0.12131]}
{"mode": "train", "epoch": 1, "iter": 85, "lr": 0.0003, "time": 1.65709, "data_time": 0.05057, "memory": 8409, "transfer_time": 0.09726, "forward_time": 1.51359, "loss_parse_time": 1.51374, "loss": [2.29101], "hm_loss": [0.0], "loc_loss": [0.65476], "loc_loss_elem": [[0.11143, 0.07807, 0.07097, 0.06185, 0.07569, 0.06103, 0.0901, 0.10562]], "num_positive": [62.8], "roi_reg_loss": [0.84509], "roi_cls_loss": [0.13639]}
{"mode": "train", "epoch": 1, "iter": 90, "lr": 0.0003, "time": 1.6593, "data_time": 0.0532, "memory": 8409, "transfer_time": 0.09668, "forward_time": 1.51434, "loss_parse_time": 1.51449, "loss": [2.36867], "hm_loss": [0.0], "loc_loss": [0.64212], "loc_loss_elem": [[0.11284, 0.10029, 0.07548, 0.06552, 0.06772, 0.07024, 0.07064, 0.07938]], "num_positive": [59.8], "roi_reg_loss": [0.94751], "roi_cls_loss": [0.13691]}
{"mode": "train", "epoch": 1, "iter": 95, "lr": 0.0003, "time": 1.66083, "data_time": 0.05499, "memory": 8409, "transfer_time": 0.09984, "forward_time": 1.51339, "loss_parse_time": 1.51352, "loss": [2.37695], "hm_loss": [0.0], "loc_loss": [0.67406], "loc_loss_elem": [[0.10312, 0.09093, 0.07108, 0.07658, 0.07632, 0.06446, 0.10115, 0.09043]], "num_positive": [75.6], "roi_reg_loss": [0.8631], "roi_cls_loss": [0.16572]}
