{"mode": "train", "epoch": 1, "iter": 5, "lr": 5e-05, "time": 4.05051, "data_time": 1.52154, "memory": 12161, "transfer_time": 1.57046, "forward_time": 3.85115, "loss_parse_time": 3.85131, "loss": [3.12085], "hm_loss": [0.0], "loc_loss": [0.71626], "loc_loss_elem": [[0.1116, 0.09, 0.08872, 0.07071, 0.07728, 0.06567, 0.11031, 0.10196]], "num_positive": [59.4], "roi_reg_loss": [0.94825], "roi_cls_loss": [0.74008]}
{"mode": "train", "epoch": 1, "iter": 10, "lr": 5e-05, "time": 2.45435, "data_time": 0.05673, "memory": 12208, "transfer_time": 0.10379, "forward_time": 2.26052, "loss_parse_time": 2.26066, "loss": [2.94059], "hm_loss": [0.0], "loc_loss": [0.64486], "loc_loss_elem": [[0.10994, 0.08944, 0.08477, 0.07492, 0.06855, 0.07536, 0.06327, 0.0786]], "num_positive": [50.8], "roi_reg_loss": [0.92298], "roi_cls_loss": [0.7279]}
{"mode": "train", "epoch": 1, "iter": 15, "lr": 5e-05, "time": 2.49069, "data_time": 0.06288, "memory": 12208, "transfer_time": 0.11069, "forward_time": 2.29805, "loss_parse_time": 2.29821, "loss": [3.3004], "hm_loss": [0.0], "loc_loss": [0.84023], "loc_loss_elem": [[0.12212, 0.0902, 0.07749, 0.0751, 0.09067, 0.06452, 0.1883, 0.13183]], "num_positive": [57.4], "roi_reg_loss": [0.94066], "roi_cls_loss": [0.67928]}
{"mode": "train", "epoch": 1, "iter": 20, "lr": 5e-05, "time": 2.49224, "data_time": 0.06846, "memory": 12285, "transfer_time": 0.11477, "forward_time": 2.29813, "loss_parse_time": 2.29829, "loss": [2.837], "hm_loss": [0.0], "loc_loss": [0.65883], "loc_loss_elem": [[0.0992, 0.08849, 0.0665, 0.0694, 0.0908, 0.05425, 0.09294, 0.09725]], "num_positive": [62.0], "roi_reg_loss": [0.88319], "roi_cls_loss": [0.63615]}
{"mode": "train", "epoch": 1, "iter": 25, "lr": 5e-05, "time": 2.51969, "data_time": 0.06814, "memory": 12285, "transfer_time": 0.11845, "forward_time": 2.32544, "loss_parse_time": 2.32561, "loss": [2.96778], "hm_loss": [0.0], "loc_loss": [0.72451], "loc_loss_elem": [[0.11483, 0.08541, 0.07553, 0.07071, 0.08426, 0.06482, 0.12143, 0.10751]], "num_positive": [82.4], "roi_reg_loss": [0.89583], "roi_cls_loss": [0.62293]}
{"mode": "train", "epoch": 1, "iter": 30, "lr": 5e-05, "time": 2.45961, "data_time": 0.05887, "memory": 12285, "transfer_time": 0.10409, "forward_time": 2.26642, "loss_parse_time": 2.26658, "loss": [2.96797], "hm_loss": [0.0], "loc_loss": [0.73923], "loc_loss_elem": [[0.11655, 0.08917, 0.08684, 0.06836, 0.08287, 0.07354, 0.12688, 0.09502]], "num_positive": [53.4], "roi_reg_loss": [0.94851], "roi_cls_loss": [0.541]}
{"mode": "train", "epoch": 1, "iter": 35, "lr": 5e-05, "time": 2.51596, "data_time": 0.06308, "memory": 12285, "transfer_time": 0.11039, "forward_time": 2.31901, "loss_parse_time": 2.31918, "loss": [3.13657], "hm_loss": [0.0], "loc_loss": [0.82872], "loc_loss_elem": [[0.11757, 0.09049, 0.08082, 0.08256, 0.08997, 0.06181, 0.15548, 0.15001]], "num_positive": [74.2], "roi_reg_loss": [0.92886], "roi_cls_loss": [0.55027]}
