{"mode": "train", "epoch": 1, "iter": 5, "lr": 5e-05, "time": 6.8884, "data_time": 1.28128, "memory": 8147, "transfer_time": 1.32141, "forward_time": 6.81128, "loss_parse_time": 6.81141, "loss": [2.76934], "hm_loss": [0.0], "loc_loss": [0.99005], "loc_loss_elem": [[0.16433, 0.14125, 0.10225, 0.10491, 0.14415, 0.07427, 0.11536, 0.14353]], "num_positive": [11.8], "roi_reg_loss": [0.0], "roi_cls_loss": [0.78924]}
{"mode": "train", "epoch": 1, "iter": 10, "lr": 5e-05, "time": 5.6113, "data_time": 0.05856, "memory": 8147, "transfer_time": 0.09757, "forward_time": 5.53682, "loss_parse_time": 5.53694, "loss": [2.77411], "hm_loss": [0.0], "loc_loss": [0.98761], "loc_loss_elem": [[0.14314, 0.12113, 0.09375, 0.093, 0.12864, 0.07773, 0.19403, 0.1362]], "num_positive": [25.2], "roi_reg_loss": [0.0], "roi_cls_loss": [0.79889]}
{"mode": "train", "epoch": 1, "iter": 15, "lr": 5e-05, "time": 5.58464, "data_time": 0.05199, "memory": 8147, "transfer_time": 0.09161, "forward_time": 5.51541, "loss_parse_time": 5.51553, "loss": [2.88913], "hm_loss": [0.0], "loc_loss": [1.07734], "loc_loss_elem": [[0.13398, 0.13732, 0.10516, 0.12504, 0.15738, 0.08703, 0.18541, 0.146]], "num_positive": [20.6], "roi_reg_loss": [0.0], "roi_cls_loss": [0.73446]}
