{"mode": "train", "epoch": 1, "iter": 5, "lr": 5e-05, "time": 5.54666, "data_time": 3.90234, "memory": 8147, "transfer_time": 3.94042, "forward_time": 5.46403, "loss_parse_time": 5.46417, "loss": [2.76934], "hm_loss": [0.0], "loc_loss": [0.99005], "loc_loss_elem": [[0.16433, 0.14125, 0.10225, 0.10491, 0.14415, 0.07427, 0.11536, 0.14353]], "num_positive": [11.8], "roi_reg_loss": [0.0], "roi_cls_loss": [0.78924]}
{"mode": "train", "epoch": 1, "iter": 10, "lr": 5e-05, "time": 1.17176, "data_time": 0.05022, "memory": 8147, "transfer_time": 0.09401, "forward_time": 1.09237, "loss_parse_time": 1.09251, "loss": [2.77411], "hm_loss": [0.0], "loc_loss": [0.98761], "loc_loss_elem": [[0.14314, 0.12113, 0.09375, 0.093, 0.12864, 0.07773, 0.19403, 0.1362]], "num_positive": [25.2], "roi_reg_loss": [0.0], "roi_cls_loss": [0.79889]}
{"mode": "train", "epoch": 1, "iter": 15, "lr": 5e-05, "time": 1.137, "data_time": 0.04943, "memory": 8147, "transfer_time": 0.09455, "forward_time": 1.0577, "loss_parse_time": 1.05784, "loss": [2.88913], "hm_loss": [0.0], "loc_loss": [1.07734], "loc_loss_elem": [[0.13398, 0.13732, 0.10516, 0.12504, 0.15738, 0.08703, 0.18541, 0.146]], "num_positive": [20.6], "roi_reg_loss": [0.0], "roi_cls_loss": [0.73446]}
{"mode": "train", "epoch": 1, "iter": 20, "lr": 5e-05, "time": 1.14085, "data_time": 0.0599, "memory": 8147, "transfer_time": 0.10189, "forward_time": 1.06384, "loss_parse_time": 1.06397, "loss": [3.19914], "hm_loss": [0.0], "loc_loss": [1.21531], "loc_loss_elem": [[0.15162, 0.15247, 0.12549, 0.1112, 0.11981, 0.09302, 0.26786, 0.19384]], "num_positive": [25.8], "roi_reg_loss": [0.0], "roi_cls_loss": [0.76853]}
{"mode": "train", "epoch": 1, "iter": 25, "lr": 5e-05, "time": 1.13847, "data_time": 0.05229, "memory": 8147, "transfer_time": 0.09667, "forward_time": 1.06511, "loss_parse_time": 1.06524, "loss": [2.29463], "hm_loss": [0.0], "loc_loss": [0.73196], "loc_loss_elem": [[0.1422, 0.12382, 0.08756, 0.06023, 0.07213, 0.06927, 0.116, 0.06074]], "num_positive": [15.2], "roi_reg_loss": [0.0], "roi_cls_loss": [0.83071]}
{"mode": "train", "epoch": 1, "iter": 30, "lr": 5e-05, "time": 1.15331, "data_time": 0.0545, "memory": 8147, "transfer_time": 0.09933, "forward_time": 1.07989, "loss_parse_time": 1.08003, "loss": [2.88266], "hm_loss": [0.0], "loc_loss": [1.05091], "loc_loss_elem": [[0.14942, 0.11512, 0.13526, 0.10433, 0.1674, 0.08741, 0.17709, 0.11488]], "num_positive": [20.8], "roi_reg_loss": [0.0], "roi_cls_loss": [0.78085]}
{"mode": "train", "epoch": 1, "iter": 35, "lr": 5e-05, "time": 1.14598, "data_time": 0.06048, "memory": 8147, "transfer_time": 0.10325, "forward_time": 1.06897, "loss_parse_time": 1.0691, "loss": [3.17588], "hm_loss": [0.0], "loc_loss": [1.20919], "loc_loss_elem": [[0.17876, 0.16902, 0.15306, 0.09873, 0.14716, 0.11559, 0.19667, 0.1502]], "num_positive": [19.2], "roi_reg_loss": [0.0], "roi_cls_loss": [0.75749]}
{"mode": "train", "epoch": 1, "iter": 40, "lr": 5e-05, "time": 1.14092, "data_time": 0.05047, "memory": 8147, "transfer_time": 0.09398, "forward_time": 1.06513, "loss_parse_time": 1.06526, "loss": [2.65484], "hm_loss": [0.0], "loc_loss": [0.97794], "loc_loss_elem": [[0.16218, 0.13973, 0.09476, 0.0767, 0.13116, 0.07652, 0.16251, 0.13438]], "num_positive": [17.2], "roi_reg_loss": [0.0], "roi_cls_loss": [0.69896]}
{"mode": "train", "epoch": 1, "iter": 45, "lr": 5e-05, "time": 1.14256, "data_time": 0.05301, "memory": 8147, "transfer_time": 0.09768, "forward_time": 1.06516, "loss_parse_time": 1.06529, "loss": [2.62288], "hm_loss": [0.0], "loc_loss": [0.95432], "loc_loss_elem": [[0.15645, 0.15899, 0.11743, 0.0887, 0.11329, 0.09525, 0.11385, 0.11036]], "num_positive": [24.0], "roi_reg_loss": [0.0], "roi_cls_loss": [0.71425]}
{"mode": "train", "epoch": 1, "iter": 50, "lr": 5e-05, "time": 1.15214, "data_time": 0.06276, "memory": 8147, "transfer_time": 0.10385, "forward_time": 1.07297, "loss_parse_time": 1.07311, "loss": [2.82014], "hm_loss": [0.0], "loc_loss": [1.04439], "loc_loss_elem": [[0.14321, 0.13863, 0.11858, 0.08297, 0.13457, 0.08294, 0.22259, 0.12091]], "num_positive": [26.2], "roi_reg_loss": [0.0], "roi_cls_loss": [0.73135]}
{"mode": "train", "epoch": 1, "iter": 55, "lr": 5e-05, "time": 1.1538, "data_time": 0.05357, "memory": 8147, "transfer_time": 0.09818, "forward_time": 1.07464, "loss_parse_time": 1.07477, "loss": [2.83513], "hm_loss": [0.0], "loc_loss": [1.05538], "loc_loss_elem": [[0.16536, 0.14162, 0.12966, 0.09464, 0.09828, 0.09429, 0.17088, 0.16065]], "num_positive": [23.0], "roi_reg_loss": [0.0], "roi_cls_loss": [0.72437]}
{"mode": "train", "epoch": 1, "iter": 60, "lr": 5e-05, "time": 1.15947, "data_time": 0.05241, "memory": 8147, "transfer_time": 0.09724, "forward_time": 1.0844, "loss_parse_time": 1.08454, "loss": [2.68152], "hm_loss": [0.0], "loc_loss": [0.96669], "loc_loss_elem": [[0.12644, 0.11782, 0.11177, 0.08996, 0.11176, 0.09603, 0.20951, 0.10341]], "num_positive": [18.6], "roi_reg_loss": [0.0], "roi_cls_loss": [0.74815]}
