{"mode": "train", "epoch": 1, "iter": 5, "lr": 5e-05, "time": 3.92565, "data_time": 1.25068, "memory": 8147, "transfer_time": 1.29174, "forward_time": 3.8448, "loss_parse_time": 3.84494, "loss": [2.76934], "hm_loss": [0.0], "loc_loss": [0.99005], "loc_loss_elem": [[0.16433, 0.14125, 0.10225, 0.10491, 0.14415, 0.07427, 0.11536, 0.14353]], "num_positive": [11.8], "roi_reg_loss": [0.0], "roi_cls_loss": [0.78924]}
{"mode": "train", "epoch": 1, "iter": 10, "lr": 5e-05, "time": 2.70104, "data_time": 0.05262, "memory": 8147, "transfer_time": 0.09316, "forward_time": 2.62477, "loss_parse_time": 2.6249, "loss": [2.77411], "hm_loss": [0.0], "loc_loss": [0.98761], "loc_loss_elem": [[0.14314, 0.12113, 0.09375, 0.093, 0.12864, 0.07773, 0.19403, 0.1362]], "num_positive": [25.2], "roi_reg_loss": [0.0], "roi_cls_loss": [0.79889]}
{"mode": "train", "epoch": 1, "iter": 15, "lr": 5e-05, "time": 2.69243, "data_time": 0.06325, "memory": 8147, "transfer_time": 0.10506, "forward_time": 2.61968, "loss_parse_time": 2.61981, "loss": [2.88913], "hm_loss": [0.0], "loc_loss": [1.07734], "loc_loss_elem": [[0.13398, 0.13732, 0.10516, 0.12504, 0.15738, 0.08703, 0.18541, 0.146]], "num_positive": [20.6], "roi_reg_loss": [0.0], "roi_cls_loss": [0.73446]}
{"mode": "train", "epoch": 1, "iter": 20, "lr": 5e-05, "time": 2.67892, "data_time": 0.055, "memory": 8147, "transfer_time": 0.09385, "forward_time": 2.60484, "loss_parse_time": 2.60497, "loss": [3.19915], "hm_loss": [0.0], "loc_loss": [1.21531], "loc_loss_elem": [[0.15162, 0.15247, 0.12549, 0.1112, 0.11981, 0.09302, 0.26786, 0.19384]], "num_positive": [25.8], "roi_reg_loss": [0.0], "roi_cls_loss": [0.76853]}
{"mode": "train", "epoch": 1, "iter": 25, "lr": 5e-05, "time": 2.67817, "data_time": 0.05694, "memory": 8147, "transfer_time": 0.09694, "forward_time": 2.60585, "loss_parse_time": 2.60598, "loss": [2.29463], "hm_loss": [0.0], "loc_loss": [0.73196], "loc_loss_elem": [[0.1422, 0.12382, 0.08756, 0.06023, 0.07213, 0.06927, 0.116, 0.06074]], "num_positive": [15.2], "roi_reg_loss": [0.0], "roi_cls_loss": [0.83072]}
