{"mode": "train", "epoch": 1, "iter": 5, "lr": 5e-05, "time": 4.363, "data_time": 1.80132, "memory": 12193, "transfer_time": 1.85465, "forward_time": 4.16719, "loss_parse_time": 4.16737, "loss": [9.50704], "hm_loss": [0.0], "loc_loss": [4.37284], "loc_loss_elem": [[0.25517, 0.26136, 1.26031, 0.4254, 0.75063, 0.14913, 0.84653, 0.42433]], "num_positive": [59.4], "roi_reg_loss": [0.0], "roi_cls_loss": [0.76135]}
{"mode": "train", "epoch": 1, "iter": 10, "lr": 5e-05, "time": 2.46087, "data_time": 0.06394, "memory": 12217, "transfer_time": 0.10864, "forward_time": 2.26691, "loss_parse_time": 2.26706, "loss": [9.54659], "hm_loss": [0.0], "loc_loss": [4.39177], "loc_loss_elem": [[0.30016, 0.28769, 1.10299, 0.47447, 0.70555, 0.18649, 0.85048, 0.48395]], "num_positive": [50.8], "roi_reg_loss": [0.0], "roi_cls_loss": [0.76306]}
{"mode": "train", "epoch": 1, "iter": 15, "lr": 5e-05, "time": 2.49267, "data_time": 0.06486, "memory": 12217, "transfer_time": 0.11328, "forward_time": 2.29857, "loss_parse_time": 2.29872, "loss": [10.31949], "hm_loss": [0.0], "loc_loss": [4.78993], "loc_loss_elem": [[0.2854, 0.24866, 1.53115, 0.46979, 0.84245, 0.16999, 0.83117, 0.41131]], "num_positive": [57.4], "roi_reg_loss": [0.0], "roi_cls_loss": [0.73964]}
{"mode": "train", "epoch": 1, "iter": 20, "lr": 5e-05, "time": 2.52315, "data_time": 0.055, "memory": 12217, "transfer_time": 0.10153, "forward_time": 2.33087, "loss_parse_time": 2.33103, "loss": [9.41326], "hm_loss": [0.0], "loc_loss": [4.22611], "loc_loss_elem": [[0.2637, 0.26516, 1.107, 0.41741, 0.71997, 0.18349, 0.82453, 0.44485]], "num_positive": [62.0], "roi_reg_loss": [0.24017], "roi_cls_loss": [0.72087]}
{"mode": "train", "epoch": 1, "iter": 25, "lr": 5e-05, "time": 2.44012, "data_time": 0.06798, "memory": 12217, "transfer_time": 0.11578, "forward_time": 2.24832, "loss_parse_time": 2.24849, "loss": [9.5906], "hm_loss": [0.0], "loc_loss": [4.45214], "loc_loss_elem": [[0.27613, 0.25897, 1.27491, 0.44009, 0.78209, 0.14902, 0.80449, 0.46645]], "num_positive": [82.4], "roi_reg_loss": [0.0], "roi_cls_loss": [0.68631]}
{"mode": "train", "epoch": 1, "iter": 30, "lr": 5e-05, "time": 2.47341, "data_time": 0.06721, "memory": 12217, "transfer_time": 0.11493, "forward_time": 2.27719, "loss_parse_time": 2.27736, "loss": [9.244], "hm_loss": [0.0], "loc_loss": [4.12689], "loc_loss_elem": [[0.26243, 0.27964, 1.20134, 0.38207, 0.67262, 0.1792, 0.7068, 0.44278]], "num_positive": [53.4], "roi_reg_loss": [0.31494], "roi_cls_loss": [0.67528]}
