{"mode": "train", "epoch": 1, "iter": 5, "lr": 0.0003, "time": 3.14169, "data_time": 1.42074, "memory": 8408, "transfer_time": 1.4719, "forward_time": 2.97445, "loss_parse_time": 2.97463, "loss": [2659.35562], "hm_loss": [2656.46299], "loc_loss": [0.68486], "loc_loss_elem": [[0.12434, 0.09555, 0.07992, 0.06743, 0.07306, 0.06509, 0.11087, 0.06861]], "num_positive": [45.8], "roi_reg_loss": [1.01363], "roi_cls_loss": [0.50927]}
{"mode": "train", "epoch": 1, "iter": 10, "lr": 0.0003, "time": 1.67656, "data_time": 0.05196, "memory": 8408, "transfer_time": 0.09664, "forward_time": 1.51719, "loss_parse_time": 1.51734, "loss": [1310.02314], "hm_loss": [1307.25139], "loc_loss": [0.74214], "loc_loss_elem": [[0.10364, 0.08581, 0.06739, 0.07993, 0.08412, 0.05792, 0.13895, 0.12438]], "num_positive": [86.8], "roi_reg_loss": [0.85943], "roi_cls_loss": [0.42804]}
