{"mode": "train", "epoch": 1, "iter": 5, "lr": 0.0003, "time": 3.09041, "data_time": 1.40292, "memory": 8409, "transfer_time": 1.46098, "forward_time": 2.93647, "loss_parse_time": 2.93666, "loss": [2.65609], "hm_loss": [0.0], "loc_loss": [0.68128], "loc_loss_elem": [[0.12387, 0.09536, 0.07937, 0.06753, 0.07246, 0.06497, 0.11016, 0.06756]], "num_positive": [45.8], "roi_reg_loss": [0.73302], "roi_cls_loss": [0.5605]}
{"mode": "train", "epoch": 1, "iter": 10, "lr": 0.0003, "time": 1.65048, "data_time": 0.05465, "memory": 8409, "transfer_time": 0.09987, "forward_time": 1.5011, "loss_parse_time": 1.50123, "loss": [2.5911], "hm_loss": [0.0], "loc_loss": [0.73459], "loc_loss_elem": [[0.10299, 0.08549, 0.06653, 0.07909, 0.08334, 0.05782, 0.13523, 0.12409]], "num_positive": [86.8], "roi_reg_loss": [0.70232], "roi_cls_loss": [0.41961]}
{"mode": "train", "epoch": 1, "iter": 15, "lr": 0.0003, "time": 1.65735, "data_time": 0.05468, "memory": 8409, "transfer_time": 0.0989, "forward_time": 1.50778, "loss_parse_time": 1.50791, "loss": [2.19251], "hm_loss": [0.0], "loc_loss": [0.72082], "loc_loss_elem": [[0.09394, 0.0936, 0.08584, 0.07518, 0.07199, 0.06102, 0.11701, 0.12224]], "num_positive": [59.6], "roi_reg_loss": [0.43249], "roi_cls_loss": [0.31838]}
{"mode": "train", "epoch": 1, "iter": 20, "lr": 0.0003, "time": 1.64696, "data_time": 0.04922, "memory": 8409, "transfer_time": 0.0928, "forward_time": 1.50086, "loss_parse_time": 1.501, "loss": [2.20821], "hm_loss": [0.0], "loc_loss": [0.75113], "loc_loss_elem": [[0.09858, 0.08186, 0.07584, 0.08481, 0.08122, 0.05682, 0.16063, 0.11138]], "num_positive": [85.4], "roi_reg_loss": [0.46355], "roi_cls_loss": [0.2424]}
{"mode": "train", "epoch": 1, "iter": 25, "lr": 0.0003, "time": 1.65363, "data_time": 0.05524, "memory": 8409, "transfer_time": 0.10061, "forward_time": 1.50626, "loss_parse_time": 1.5064, "loss": [1.69764], "hm_loss": [0.0], "loc_loss": [0.55107], "loc_loss_elem": [[0.11802, 0.09158, 0.06957, 0.05481, 0.05843, 0.05921, 0.04027, 0.05918]], "num_positive": [41.4], "roi_reg_loss": [0.41826], "roi_cls_loss": [0.17725]}
{"mode": "train", "epoch": 1, "iter": 30, "lr": 0.0003, "time": 1.66877, "data_time": 0.05769, "memory": 8409, "transfer_time": 0.10228, "forward_time": 1.51694, "loss_parse_time": 1.51708, "loss": [2.27157], "hm_loss": [0.0], "loc_loss": [0.73677], "loc_loss_elem": [[0.10576, 0.08971, 0.07649, 0.07147, 0.08002, 0.06774, 0.12859, 0.117]], "num_positive": [71.2], "roi_reg_loss": [0.65209], "roi_cls_loss": [0.14594]}
{"mode": "train", "epoch": 1, "iter": 35, "lr": 0.0003, "time": 1.66003, "data_time": 0.05319, "memory": 8409, "transfer_time": 0.09855, "forward_time": 1.50773, "loss_parse_time": 1.50787, "loss": [2.05646], "hm_loss": [0.0], "loc_loss": [0.73058], "loc_loss_elem": [[0.12285, 0.09108, 0.07754, 0.07681, 0.08568, 0.05894, 0.12732, 0.09037]], "num_positive": [60.6], "roi_reg_loss": [0.48507], "roi_cls_loss": [0.11022]}
{"mode": "train", "epoch": 1, "iter": 40, "lr": 0.0003, "time": 1.67209, "data_time": 0.05861, "memory": 8409, "transfer_time": 0.10352, "forward_time": 1.52435, "loss_parse_time": 1.52449, "loss": [2.18575], "hm_loss": [0.0], "loc_loss": [0.73783], "loc_loss_elem": [[0.1091, 0.0915, 0.07177, 0.07035, 0.08261, 0.06386, 0.12498, 0.12366]], "num_positive": [67.2], "roi_reg_loss": [0.6128], "roi_cls_loss": [0.09729]}
{"mode": "train", "epoch": 1, "iter": 45, "lr": 0.0003, "time": 1.66735, "data_time": 0.05798, "memory": 8409, "transfer_time": 0.104, "forward_time": 1.51991, "loss_parse_time": 1.52005, "loss": [2.04182], "hm_loss": [0.0], "loc_loss": [0.7141], "loc_loss_elem": [[0.11018, 0.09084, 0.07082, 0.07654, 0.07316, 0.06695, 0.11466, 0.11095]], "num_positive": [90.8], "roi_reg_loss": [0.52793], "roi_cls_loss": [0.08569]}
{"mode": "train", "epoch": 1, "iter": 50, "lr": 0.0003, "time": 1.66928, "data_time": 0.05942, "memory": 8409, "transfer_time": 0.10462, "forward_time": 1.52136, "loss_parse_time": 1.5215, "loss": [2.20646], "hm_loss": [0.0], "loc_loss": [0.74945], "loc_loss_elem": [[0.10847, 0.08635, 0.07148, 0.07255, 0.08816, 0.06234, 0.12476, 0.13534]], "num_positive": [65.2], "roi_reg_loss": [0.63656], "roi_cls_loss": [0.071]}
{"mode": "train", "epoch": 1, "iter": 55, "lr": 0.0003, "time": 1.65645, "data_time": 0.0528, "memory": 8409, "transfer_time": 0.09762, "forward_time": 1.51222, "loss_parse_time": 1.51236, "loss": [2.62555], "hm_loss": [0.0], "loc_loss": [0.91704], "loc_loss_elem": [[0.1251, 0.10079, 0.09585, 0.07681, 0.07582, 0.07746, 0.19889, 0.16632]], "num_positive": [92.2], "roi_reg_loss": [0.72297], "roi_cls_loss": [0.06851]}
{"mode": "train", "epoch": 1, "iter": 60, "lr": 0.0003, "time": 1.6839, "data_time": 0.05969, "memory": 8409, "transfer_time": 0.10587, "forward_time": 1.5273, "loss_parse_time": 1.52745, "loss": [2.05179], "hm_loss": [0.0], "loc_loss": [0.71438], "loc_loss_elem": [[0.10083, 0.08525, 0.06945, 0.07253, 0.08312, 0.05937, 0.13539, 0.10843]], "num_positive": [65.4], "roi_reg_loss": [0.57108], "roi_cls_loss": [0.05195]}
{"mode": "train", "epoch": 1, "iter": 65, "lr": 0.0003, "time": 1.67764, "data_time": 0.0494, "memory": 8409, "transfer_time": 0.09422, "forward_time": 1.52755, "loss_parse_time": 1.52769, "loss": [2.05479], "hm_loss": [0.0], "loc_loss": [0.68245], "loc_loss_elem": [[0.11453, 0.08706, 0.07606, 0.06419, 0.07444, 0.06164, 0.10043, 0.10411]], "num_positive": [62.2], "roi_reg_loss": [0.64406], "roi_cls_loss": [0.04582]}
{"mode": "train", "epoch": 1, "iter": 70, "lr": 0.0003, "time": 1.66325, "data_time": 0.05669, "memory": 8409, "transfer_time": 0.10514, "forward_time": 1.51159, "loss_parse_time": 1.51173, "loss": [1.88037], "hm_loss": [0.0], "loc_loss": [0.7316], "loc_loss_elem": [[0.11103, 0.0912, 0.09007, 0.06789, 0.07374, 0.06525, 0.11765, 0.11476]], "num_positive": [61.6], "roi_reg_loss": [0.37651], "roi_cls_loss": [0.04065]}
{"mode": "train", "epoch": 1, "iter": 75, "lr": 0.0003, "time": 1.6749, "data_time": 0.05688, "memory": 8409, "transfer_time": 0.10377, "forward_time": 1.52364, "loss_parse_time": 1.52378, "loss": [1.81541], "hm_loss": [0.0], "loc_loss": [0.63478], "loc_loss_elem": [[0.11599, 0.08982, 0.08591, 0.07027, 0.06829, 0.0666, 0.07666, 0.06123]], "num_positive": [64.0], "roi_reg_loss": [0.50534], "roi_cls_loss": [0.04052]}
{"mode": "train", "epoch": 1, "iter": 80, "lr": 0.0003, "time": 1.6606, "data_time": 0.05325, "memory": 8409, "transfer_time": 0.09822, "forward_time": 1.51254, "loss_parse_time": 1.51268, "loss": [1.45027], "hm_loss": [0.0], "loc_loss": [0.58692], "loc_loss_elem": [[0.1045, 0.08351, 0.0742, 0.06317, 0.07113, 0.05862, 0.06262, 0.06917]], "num_positive": [42.6], "roi_reg_loss": [0.24385], "roi_cls_loss": [0.03257]}
{"mode": "train", "epoch": 1, "iter": 85, "lr": 0.0003, "time": 1.67989, "data_time": 0.0563, "memory": 8409, "transfer_time": 0.10034, "forward_time": 1.5334, "loss_parse_time": 1.53354, "loss": [2.0373], "hm_loss": [0.0], "loc_loss": [0.65509], "loc_loss_elem": [[0.11152, 0.07804, 0.07097, 0.06186, 0.07573, 0.061, 0.09013, 0.10584]], "num_positive": [62.8], "roi_reg_loss": [0.69242], "roi_cls_loss": [0.0347]}
{"mode": "train", "epoch": 1, "iter": 90, "lr": 0.0003, "time": 1.67766, "data_time": 0.05525, "memory": 8409, "transfer_time": 0.10155, "forward_time": 1.53, "loss_parse_time": 1.53014, "loss": [1.96487], "hm_loss": [0.0], "loc_loss": [0.64204], "loc_loss_elem": [[0.11282, 0.1003, 0.07549, 0.06554, 0.06771, 0.07025, 0.0707, 0.07923]], "num_positive": [59.8], "roi_reg_loss": [0.64732], "roi_cls_loss": [0.03347]}
