{"mode": "train", "epoch": 1, "iter": 5, "lr": 5e-05, "time": 3.459, "data_time": 0.75716, "memory": 3519, "transfer_time": 0.77789, "forward_time": 3.29344, "loss_parse_time": 3.29358, "loss": [1170.54014], "hm_loss": [1167.36129], "loc_loss": [0.75175], "loc_loss_elem": [[0.12719, 0.09581, 0.10658, 0.05591, 0.06968, 0.09419, 0.06642, 0.13598]], "num_positive": [34.8], "roi_reg_loss": [1.01933], "roi_cls_loss": [0.65605]}
