{"mode": "train", "epoch": 1, "iter": 5, "lr": 0.0003, "time": 3.11538, "data_time": 1.40484, "memory": 8407, "transfer_time": 1.45114, "forward_time": 2.9605, "loss_parse_time": 2.96066, "loss": [2.79682], "hm_loss": [0.36351], "loc_loss": [0.68176], "loc_loss_elem": [[0.12396, 0.09539, 0.0793, 0.06762, 0.07272, 0.06479, 0.11026, 0.06771]], "num_positive": [45.8], "roi_reg_loss": [0.50618], "roi_cls_loss": [0.56362]}
{"mode": "train", "epoch": 1, "iter": 10, "lr": 0.0003, "time": 1.65491, "data_time": 0.05243, "memory": 8408, "transfer_time": 0.09499, "forward_time": 1.50119, "loss_parse_time": 1.50134, "loss": [2.81606], "hm_loss": [0.27315], "loc_loss": [0.73007], "loc_loss_elem": [[0.10314, 0.08537, 0.06631, 0.07913, 0.0828, 0.05759, 0.13093, 0.12481]], "num_positive": [86.8], "roi_reg_loss": [0.6611], "roi_cls_loss": [0.42167]}
{"mode": "train", "epoch": 1, "iter": 15, "lr": 0.0003, "time": 1.66408, "data_time": 0.05825, "memory": 8408, "transfer_time": 0.10563, "forward_time": 1.5118, "loss_parse_time": 1.51194, "loss": [2.53846], "hm_loss": [0.37447], "loc_loss": [0.72387], "loc_loss_elem": [[0.09378, 0.09338, 0.08564, 0.07511, 0.07237, 0.06073, 0.11911, 0.12375]], "num_positive": [59.6], "roi_reg_loss": [0.39818], "roi_cls_loss": [0.31807]}
{"mode": "train", "epoch": 1, "iter": 20, "lr": 0.0003, "time": 1.65364, "data_time": 0.05614, "memory": 8408, "transfer_time": 0.09938, "forward_time": 1.50565, "loss_parse_time": 1.50579, "loss": [2.47605], "hm_loss": [0.27004], "loc_loss": [0.7455], "loc_loss_elem": [[0.09746, 0.08141, 0.07567, 0.08459, 0.08151, 0.0566, 0.15447, 0.11379]], "num_positive": [85.4], "roi_reg_loss": [0.47499], "roi_cls_loss": [0.24003]}
{"mode": "train", "epoch": 1, "iter": 25, "lr": 0.0003, "time": 1.66008, "data_time": 0.05503, "memory": 8408, "transfer_time": 0.10078, "forward_time": 1.50735, "loss_parse_time": 1.50749, "loss": [2.01855], "hm_loss": [0.27859], "loc_loss": [0.54966], "loc_loss_elem": [[0.11763, 0.09182, 0.06962, 0.05492, 0.05864, 0.05894, 0.03859, 0.05951]], "num_positive": [41.4], "roi_reg_loss": [0.4605], "roi_cls_loss": [0.18014]}
{"mode": "train", "epoch": 1, "iter": 30, "lr": 0.0003, "time": 1.66912, "data_time": 0.05459, "memory": 8408, "transfer_time": 0.10067, "forward_time": 1.51661, "loss_parse_time": 1.51675, "loss": [2.62115], "hm_loss": [0.36948], "loc_loss": [0.73863], "loc_loss_elem": [[0.10535, 0.08985, 0.07534, 0.07194, 0.08053, 0.06805, 0.13057, 0.117]], "num_positive": [71.2], "roi_reg_loss": [0.62976], "roi_cls_loss": [0.14463]}
{"mode": "train", "epoch": 1, "iter": 35, "lr": 0.0003, "time": 1.66859, "data_time": 0.05879, "memory": 8408, "transfer_time": 0.10874, "forward_time": 1.50978, "loss_parse_time": 1.50992, "loss": [2.44957], "hm_loss": [0.34876], "loc_loss": [0.72868], "loc_loss_elem": [[0.12107, 0.0915, 0.0764, 0.07744, 0.08693, 0.05846, 0.12637, 0.09049]], "num_positive": [60.6], "roi_reg_loss": [0.53291], "roi_cls_loss": [0.11054]}
{"mode": "train", "epoch": 1, "iter": 40, "lr": 0.0003, "time": 1.67135, "data_time": 0.05434, "memory": 8409, "transfer_time": 0.09978, "forward_time": 1.51991, "loss_parse_time": 1.52006, "loss": [2.45112], "hm_loss": [0.28168], "loc_loss": [0.731], "loc_loss_elem": [[0.1085, 0.09125, 0.07155, 0.06996, 0.08267, 0.06387, 0.12024, 0.12296]], "num_positive": [67.2], "roi_reg_loss": [0.61297], "roi_cls_loss": [0.09448]}
{"mode": "train", "epoch": 1, "iter": 45, "lr": 0.0003, "time": 1.66998, "data_time": 0.05424, "memory": 8409, "transfer_time": 0.10047, "forward_time": 1.51894, "loss_parse_time": 1.51908, "loss": [2.266], "hm_loss": [0.23712], "loc_loss": [0.71071], "loc_loss_elem": [[0.10978, 0.09062, 0.0706, 0.07649, 0.07358, 0.06699, 0.11196, 0.11071]], "num_positive": [90.8], "roi_reg_loss": [0.52265], "roi_cls_loss": [0.08481]}
{"mode": "train", "epoch": 1, "iter": 50, "lr": 0.0003, "time": 1.66291, "data_time": 0.05055, "memory": 8409, "transfer_time": 0.09651, "forward_time": 1.51444, "loss_parse_time": 1.51459, "loss": [2.473], "hm_loss": [0.27408], "loc_loss": [0.74157], "loc_loss_elem": [[0.10792, 0.08582, 0.07199, 0.07239, 0.08806, 0.06241, 0.1185, 0.13449]], "num_positive": [65.2], "roi_reg_loss": [0.64591], "roi_cls_loss": [0.06986]}
{"mode": "train", "epoch": 1, "iter": 55, "lr": 0.0003, "time": 1.66852, "data_time": 0.05895, "memory": 8409, "transfer_time": 0.10403, "forward_time": 1.51567, "loss_parse_time": 1.5158, "loss": [2.97412], "hm_loss": [0.3407], "loc_loss": [0.92345], "loc_loss_elem": [[0.12535, 0.09986, 0.09621, 0.07665, 0.0765, 0.07754, 0.20304, 0.1683]], "num_positive": [92.2], "roi_reg_loss": [0.71707], "roi_cls_loss": [0.06944]}
