{"mode": "train", "epoch": 1, "iter": 5, "lr": 0.0003, "time": 3.80574, "data_time": 1.40073, "memory": 10525, "transfer_time": 1.44157, "forward_time": 3.61939, "loss_parse_time": 3.61955, "loss": [3.48927], "hm_loss": [0.36511], "loc_loss": [0.68063], "loc_loss_elem": [[0.12397, 0.09557, 0.07937, 0.06739, 0.0726, 0.06492, 0.10906, 0.06774]], "num_positive": [45.8], "roi_reg_loss": [1.16594], "roi_cls_loss": [0.59696]}
{"mode": "train", "epoch": 1, "iter": 10, "lr": 0.0003, "time": 2.33651, "data_time": 0.04984, "memory": 10553, "transfer_time": 0.09129, "forward_time": 2.14794, "loss_parse_time": 2.14807, "loss": [3.05292], "hm_loss": [0.27353], "loc_loss": [0.73072], "loc_loss_elem": [[0.10316, 0.08538, 0.06632, 0.07913, 0.08304, 0.05757, 0.13108, 0.12504]], "num_positive": [86.8], "roi_reg_loss": [0.83976], "roi_cls_loss": [0.47818]}
{"mode": "train", "epoch": 1, "iter": 15, "lr": 0.0003, "time": 2.35341, "data_time": 0.04707, "memory": 10560, "transfer_time": 0.09014, "forward_time": 2.17344, "loss_parse_time": 2.17358, "loss": [3.01789], "hm_loss": [0.37535], "loc_loss": [0.72371], "loc_loss_elem": [[0.09397, 0.09336, 0.08569, 0.07524, 0.07256, 0.06068, 0.11864, 0.12357]], "num_positive": [59.6], "roi_reg_loss": [0.86802], "roi_cls_loss": [0.32709]}
{"mode": "train", "epoch": 1, "iter": 20, "lr": 0.0003, "time": 2.37976, "data_time": 0.05751, "memory": 10560, "transfer_time": 0.09866, "forward_time": 2.19025, "loss_parse_time": 2.1904, "loss": [2.7914], "hm_loss": [0.26983], "loc_loss": [0.74593], "loc_loss_elem": [[0.09763, 0.08165, 0.07576, 0.08462, 0.08136, 0.05657, 0.15502, 0.11333]], "num_positive": [85.4], "roi_reg_loss": [0.77217], "roi_cls_loss": [0.25754]}
{"mode": "train", "epoch": 1, "iter": 25, "lr": 0.0003, "time": 2.3823, "data_time": 0.05539, "memory": 10560, "transfer_time": 0.09653, "forward_time": 2.19386, "loss_parse_time": 2.19401, "loss": [2.59752], "hm_loss": [0.28027], "loc_loss": [0.54976], "loc_loss_elem": [[0.11772, 0.09183, 0.06963, 0.05495, 0.05869, 0.05889, 0.03852, 0.05951]], "num_positive": [41.4], "roi_reg_loss": [1.02456], "roi_cls_loss": [0.19316]}
{"mode": "train", "epoch": 1, "iter": 30, "lr": 0.0003, "time": 2.39245, "data_time": 0.05848, "memory": 10560, "transfer_time": 0.10126, "forward_time": 2.20907, "loss_parse_time": 2.20922, "loss": [2.76061], "hm_loss": [0.36864], "loc_loss": [0.73737], "loc_loss_elem": [[0.10532, 0.08997, 0.07542, 0.07187, 0.08045, 0.06799, 0.12973, 0.11662]], "num_positive": [71.2], "roi_reg_loss": [0.75432], "roi_cls_loss": [0.16291]}
{"mode": "train", "epoch": 1, "iter": 35, "lr": 0.0003, "time": 2.3824, "data_time": 0.05616, "memory": 10575, "transfer_time": 0.09814, "forward_time": 2.19093, "loss_parse_time": 2.19107, "loss": [2.83416], "hm_loss": [0.34835], "loc_loss": [0.72849], "loc_loss_elem": [[0.12092, 0.09145, 0.07641, 0.07746, 0.08683, 0.05844, 0.12645, 0.09054]], "num_positive": [60.6], "roi_reg_loss": [0.90153], "roi_cls_loss": [0.1273]}
{"mode": "train", "epoch": 1, "iter": 40, "lr": 0.0003, "time": 2.38765, "data_time": 0.05205, "memory": 10605, "transfer_time": 0.09455, "forward_time": 2.20299, "loss_parse_time": 2.20313, "loss": [2.60664], "hm_loss": [0.28134], "loc_loss": [0.73145], "loc_loss_elem": [[0.10854, 0.09129, 0.07159, 0.06996, 0.08263, 0.06387, 0.1204, 0.12316]], "num_positive": [67.2], "roi_reg_loss": [0.74551], "roi_cls_loss": [0.1169]}
{"mode": "train", "epoch": 1, "iter": 45, "lr": 0.0003, "time": 2.37483, "data_time": 0.04847, "memory": 10622, "transfer_time": 0.09074, "forward_time": 2.18987, "loss_parse_time": 2.19, "loss": [2.43972], "hm_loss": [0.2378], "loc_loss": [0.71136], "loc_loss_elem": [[0.10979, 0.09061, 0.07069, 0.07652, 0.07364, 0.06696, 0.11226, 0.1109]], "num_positive": [90.8], "roi_reg_loss": [0.68836], "roi_cls_loss": [0.09083]}
{"mode": "train", "epoch": 1, "iter": 50, "lr": 0.0003, "time": 2.37518, "data_time": 0.04996, "memory": 10622, "transfer_time": 0.09232, "forward_time": 2.18997, "loss_parse_time": 2.19011, "loss": [2.70157], "hm_loss": [0.27536], "loc_loss": [0.74332], "loc_loss_elem": [[0.10814, 0.08579, 0.07196, 0.07231, 0.08813, 0.06238, 0.11976, 0.13484]], "num_positive": [65.2], "roi_reg_loss": [0.85865], "roi_cls_loss": [0.08092]}
{"mode": "train", "epoch": 1, "iter": 55, "lr": 0.0003, "time": 2.38892, "data_time": 0.05487, "memory": 10622, "transfer_time": 0.09778, "forward_time": 2.20497, "loss_parse_time": 2.20511, "loss": [3.08845], "hm_loss": [0.34045], "loc_loss": [0.92579], "loc_loss_elem": [[0.12538, 0.09975, 0.09625, 0.07675, 0.07637, 0.07751, 0.20364, 0.17015]], "num_positive": [92.2], "roi_reg_loss": [0.82388], "roi_cls_loss": [0.07254]}
{"mode": "train", "epoch": 1, "iter": 60, "lr": 0.0003, "time": 2.36098, "data_time": 0.04583, "memory": 10622, "transfer_time": 0.08728, "forward_time": 2.17493, "loss_parse_time": 2.17507, "loss": [2.48334], "hm_loss": [0.26632], "loc_loss": [0.71199], "loc_loss_elem": [[0.09982, 0.0852, 0.06965, 0.07282, 0.08376, 0.05941, 0.13407, 0.10726]], "num_positive": [65.4], "roi_reg_loss": [0.73165], "roi_cls_loss": [0.06139]}
{"mode": "train", "epoch": 1, "iter": 65, "lr": 0.0003, "time": 2.40358, "data_time": 0.0572, "memory": 10622, "transfer_time": 0.10078, "forward_time": 2.21337, "loss_parse_time": 2.21351, "loss": [2.4334], "hm_loss": [0.27106], "loc_loss": [0.68336], "loc_loss_elem": [[0.11542, 0.08655, 0.0761, 0.06429, 0.07425, 0.06141, 0.10095, 0.10439]], "num_positive": [62.2], "roi_reg_loss": [0.73422], "roi_cls_loss": [0.06139]}
{"mode": "train", "epoch": 1, "iter": 70, "lr": 0.0003, "time": 2.37796, "data_time": 0.05535, "memory": 10622, "transfer_time": 0.09778, "forward_time": 2.18968, "loss_parse_time": 2.18982, "loss": [2.80421], "hm_loss": [0.34925], "loc_loss": [0.73493], "loc_loss_elem": [[0.11037, 0.09199, 0.08943, 0.06873, 0.07547, 0.06467, 0.11797, 0.11628]], "num_positive": [61.6], "roi_reg_loss": [0.92564], "roi_cls_loss": [0.05947]}
{"mode": "train", "epoch": 1, "iter": 75, "lr": 0.0003, "time": 2.36113, "data_time": 0.04749, "memory": 10622, "transfer_time": 0.0894, "forward_time": 2.18105, "loss_parse_time": 2.1812, "loss": [2.41596], "hm_loss": [0.2889], "loc_loss": [0.63412], "loc_loss_elem": [[0.11589, 0.08904, 0.08623, 0.07064, 0.06846, 0.06633, 0.07656, 0.06097]], "num_positive": [64.0], "roi_reg_loss": [0.81051], "roi_cls_loss": [0.04831]}
{"mode": "train", "epoch": 1, "iter": 80, "lr": 0.0003, "time": 2.38326, "data_time": 0.05764, "memory": 10622, "transfer_time": 0.10028, "forward_time": 2.19514, "loss_parse_time": 2.19528, "loss": [2.26268], "hm_loss": [0.28417], "loc_loss": [0.58252], "loc_loss_elem": [[0.10515, 0.0834, 0.07343, 0.06222, 0.07148, 0.05859, 0.06047, 0.06777]], "num_positive": [42.6], "roi_reg_loss": [0.77085], "roi_cls_loss": [0.04262]}
{"mode": "train", "epoch": 1, "iter": 85, "lr": 0.0003, "time": 2.38516, "data_time": 0.05699, "memory": 10622, "transfer_time": 0.09812, "forward_time": 2.1984, "loss_parse_time": 2.19854, "loss": [2.36096], "hm_loss": [0.29867], "loc_loss": [0.65331], "loc_loss_elem": [[0.11076, 0.07803, 0.07045, 0.06196, 0.0749, 0.06094, 0.08812, 0.10813]], "num_positive": [62.8], "roi_reg_loss": [0.70574], "roi_cls_loss": [0.04993]}
{"mode": "train", "epoch": 1, "iter": 90, "lr": 0.0003, "time": 2.37918, "data_time": 0.05061, "memory": 10622, "transfer_time": 0.09125, "forward_time": 2.1965, "loss_parse_time": 2.19664, "loss": [2.36555], "hm_loss": [0.2894], "loc_loss": [0.64457], "loc_loss_elem": [[0.11364, 0.10055, 0.07594, 0.06525, 0.06792, 0.07102, 0.0706, 0.07964]], "num_positive": [59.8], "roi_reg_loss": [0.74918], "roi_cls_loss": [0.03782]}
{"mode": "train", "epoch": 1, "iter": 95, "lr": 0.0003, "time": 2.37744, "data_time": 0.05917, "memory": 10622, "transfer_time": 0.10072, "forward_time": 2.1947, "loss_parse_time": 2.19484, "loss": [2.4285], "hm_loss": [0.27981], "loc_loss": [0.67939], "loc_loss_elem": [[0.10394, 0.09092, 0.07113, 0.07694, 0.07658, 0.06436, 0.10439, 0.09112]],