{"mode": "train", "epoch": 1, "iter": 5, "lr": 5e-05, "time": 6.47232, "data_time": 2.51038, "memory": 5476, "transfer_time": 2.53833, "forward_time": 6.36776, "loss_parse_time": 6.3679, "loss": [3.09009], "hm_loss": [0.0], "loc_loss": [0.76582], "loc_loss_elem": [[0.11942, 0.09663, 0.09491, 0.08231, 0.09194, 0.07169, 0.13121, 0.07769]], "num_positive": [21.0], "roi_reg_loss": [0.8632], "roi_cls_loss": [0.69525]}
{"mode": "train", "epoch": 1, "iter": 10, "lr": 5e-05, "time": 3.98472, "data_time": 0.03692, "memory": 5476, "transfer_time": 0.0628, "forward_time": 3.8884, "loss_parse_time": 3.88854, "loss": [2.94158], "hm_loss": [0.0], "loc_loss": [0.73066], "loc_loss_elem": [[0.13299, 0.09116, 0.08503, 0.07612, 0.07627, 0.07188, 0.08197, 0.11524]], "num_positive": [28.2], "roi_reg_loss": [0.81269], "roi_cls_loss": [0.66756]}
