{"mode": "train", "epoch": 1, "iter": 5, "lr": 0.0003, "time": 5.28161, "data_time": 1.74766, "memory": 10293, "transfer_time": 1.79442, "forward_time": 5.12702, "loss_parse_time": 5.12717, "loss": [2666.00593], "hm_loss": [2663.97017], "loc_loss": [0.68485], "loc_loss_elem": [[0.12434, 0.09555, 0.07992, 0.06743, 0.07306, 0.06509, 0.11087, 0.06861]], "num_positive": [45.8], "roi_reg_loss": [0.0], "roi_cls_loss": [0.66602]}
