{"mode": "train", "epoch": 1, "iter": 5, "lr": 0.0003, "time": 3.11323, "data_time": 1.40226, "memory": 8407, "transfer_time": 1.45327, "forward_time": 2.95113, "loss_parse_time": 2.95128, "loss": [2.79682], "hm_loss": [0.36351], "loc_loss": [0.68176], "loc_loss_elem": [[0.12396, 0.09539, 0.0793, 0.06762, 0.07272, 0.06479, 0.11026, 0.06771]], "num_positive": [45.8], "roi_reg_loss": [0.50618], "roi_cls_loss": [0.56362]}
{"mode": "train", "epoch": 1, "iter": 10, "lr": 0.0003, "time": 1.65619, "data_time": 0.05144, "memory": 8408, "transfer_time": 0.09533, "forward_time": 1.50214, "loss_parse_time": 1.50228, "loss": [2.81595], "hm_loss": [0.27315], "loc_loss": [0.73007], "loc_loss_elem": [[0.10314, 0.08537, 0.06631, 0.07913, 0.0828, 0.05759, 0.13093, 0.12481]], "num_positive": [86.8], "roi_reg_loss": [0.66098], "roi_cls_loss": [0.42168]}
{"mode": "train", "epoch": 1, "iter": 15, "lr": 0.0003, "time": 1.65359, "data_time": 0.05367, "memory": 8408, "transfer_time": 0.09897, "forward_time": 1.5021, "loss_parse_time": 1.50224, "loss": [2.5393], "hm_loss": [0.37447], "loc_loss": [0.72387], "loc_loss_elem": [[0.09378, 0.09338, 0.08564, 0.07511, 0.07237, 0.06073, 0.11911, 0.12375]], "num_positive": [59.6], "roi_reg_loss": [0.3992], "roi_cls_loss": [0.31789]}
{"mode": "train", "epoch": 1, "iter": 20, "lr": 0.0003, "time": 1.65305, "data_time": 0.05277, "memory": 8408, "transfer_time": 0.09625, "forward_time": 1.50165, "loss_parse_time": 1.50178, "loss": [2.4712], "hm_loss": [0.27004], "loc_loss": [0.7455], "loc_loss_elem": [[0.09746, 0.08141, 0.07567, 0.08459, 0.08151, 0.0566, 0.15447, 0.11379]], "num_positive": [85.4], "roi_reg_loss": [0.47042], "roi_cls_loss": [0.23974]}
{"mode": "train", "epoch": 1, "iter": 25, "lr": 0.0003, "time": 1.65224, "data_time": 0.05479, "memory": 8408, "transfer_time": 0.09839, "forward_time": 1.49744, "loss_parse_time": 1.49758, "loss": [2.0172], "hm_loss": [0.27859], "loc_loss": [0.54966], "loc_loss_elem": [[0.11763, 0.09182, 0.06962, 0.05492, 0.05864, 0.05894, 0.03859, 0.05951]], "num_positive": [41.4], "roi_reg_loss": [0.45952], "roi_cls_loss": [0.17976]}
{"mode": "train", "epoch": 1, "iter": 30, "lr": 0.0003, "time": 1.66729, "data_time": 0.05248, "memory": 8408, "transfer_time": 0.09769, "forward_time": 1.51091, "loss_parse_time": 1.51104, "loss": [2.61924], "hm_loss": [0.36948], "loc_loss": [0.73863], "loc_loss_elem": [[0.10535, 0.08985, 0.07534, 0.07194, 0.08053, 0.06805, 0.13057, 0.117]], "num_positive": [71.2], "roi_reg_loss": [0.62765], "roi_cls_loss": [0.14485]}
{"mode": "train", "epoch": 1, "iter": 35, "lr": 0.0003, "time": 1.65848, "data_time": 0.057, "memory": 8408, "transfer_time": 0.10233, "forward_time": 1.50185, "loss_parse_time": 1.50199, "loss": [2.47695], "hm_loss": [0.34876], "loc_loss": [0.72868], "loc_loss_elem": [[0.12107, 0.0915, 0.0764, 0.07744, 0.08693, 0.05846, 0.12637, 0.09049]], "num_positive": [60.6], "roi_reg_loss": [0.56072], "roi_cls_loss": [0.11011]}
{"mode": "train", "epoch": 1, "iter": 40, "lr": 0.0003, "time": 1.6604, "data_time": 0.05417, "memory": 8409, "transfer_time": 0.09903, "forward_time": 1.51052, "loss_parse_time": 1.51065, "loss": [2.45427], "hm_loss": [0.28168], "loc_loss": [0.731], "loc_loss_elem": [[0.1085, 0.09125, 0.07155, 0.06996, 0.08267, 0.06387, 0.12024, 0.12296]], "num_positive": [67.2], "roi_reg_loss": [0.61599], "roi_cls_loss": [0.09461]}
{"mode": "train", "epoch": 1, "iter": 45, "lr": 0.0003, "time": 1.66658, "data_time": 0.06125, "memory": 8409, "transfer_time": 0.10822, "forward_time": 1.51226, "loss_parse_time": 1.5124, "loss": [2.2604], "hm_loss": [0.23712], "loc_loss": [0.71071], "loc_loss_elem": [[0.10978, 0.09062, 0.0706, 0.07649, 0.07358, 0.06699, 0.11196, 0.11071]], "num_positive": [90.8], "roi_reg_loss": [0.51673], "roi_cls_loss": [0.08513]}
{"mode": "train", "epoch": 1, "iter": 50, "lr": 0.0003, "time": 1.66446, "data_time": 0.05502, "memory": 8409, "transfer_time": 0.10078, "forward_time": 1.51291, "loss_parse_time": 1.51304, "loss": [2.47494], "hm_loss": [0.27408], "loc_loss": [0.74157], "loc_loss_elem": [[0.10792, 0.08582, 0.07199, 0.07239, 0.08806, 0.06241, 0.1185, 0.13449]], "num_positive": [65.2], "roi_reg_loss": [0.64788], "roi_cls_loss": [0.06984]}
{"mode": "train", "epoch": 1, "iter": 55, "lr": 0.0003, "time": 1.66943, "data_time": 0.0568, "memory": 8409, "transfer_time": 0.10136, "forward_time": 1.51619, "loss_parse_time": 1.51633, "loss": [2.97764], "hm_loss": [0.3407], "loc_loss": [0.92345], "loc_loss_elem": [[0.12535, 0.09986, 0.09621, 0.07665, 0.0765, 0.07754, 0.20304, 0.1683]], "num_positive": [92.2], "roi_reg_loss": [0.72099], "roi_cls_loss": [0.06905]}
{"mode": "train", "epoch": 1, "iter": 60, "lr": 0.0003, "time": 1.66152, "data_time": 0.05288, "memory": 8409, "transfer_time": 0.09754, "forward_time": 1.50966, "loss_parse_time": 1.5098, "loss": [2.27933], "hm_loss": [0.26559], "loc_loss": [0.7135], "loc_loss_elem": [[0.09985, 0.08505, 0.06968, 0.07271, 0.08379, 0.05939, 0.13524, 0.10779]], "num_positive": [65.4], "roi_reg_loss": [0.53414], "roi_cls_loss": [0.05262]}
{"mode": "train", "epoch": 1, "iter": 65, "lr": 0.0003, "time": 1.66556, "data_time": 0.05726, "memory": 8409, "transfer_time": 0.10166, "forward_time": 1.51414, "loss_parse_time": 1.51428, "loss": [2.33111], "hm_loss": [0.27082], "loc_loss": [0.68314], "loc_loss_elem": [[0.11542, 0.08652, 0.07607, 0.06421, 0.07437, 0.06134, 0.101, 0.10422]], "num_positive": [62.2], "roi_reg_loss": [0.64803], "roi_cls_loss": [0.04599]}
{"mode": "train", "epoch": 1, "iter": 70, "lr": 0.0003, "time": 1.66724, "data_time": 0.05, "memory": 8409, "transfer_time": 0.09418, "forward_time": 1.51539, "loss_parse_time": 1.51553, "loss": [2.24036], "hm_loss": [0.34853], "loc_loss": [0.73406], "loc_loss_elem": [[0.11018, 0.09179, 0.08953, 0.06856, 0.07528, 0.06463, 0.11793, 0.11615]], "num_positive": [61.6], "roi_reg_loss": [0.38194], "roi_cls_loss": [0.04176]}
{"mode": "train", "epoch": 1, "iter": 75, "lr": 0.0003, "time": 1.6584, "data_time": 0.05044, "memory": 8409, "transfer_time": 0.09529, "forward_time": 1.50671, "loss_parse_time": 1.50685, "loss": [2.13408], "hm_loss": [0.28899], "loc_loss": [0.6341], "loc_loss_elem": [[0.11574, 0.0891, 0.08612, 0.07062, 0.06839, 0.06643, 0.07662, 0.06109]], "num_positive": [64.0], "roi_reg_loss": [0.53675], "roi_cls_loss": [0.04014]}
{"mode": "train", "epoch": 1, "iter": 80, "lr": 0.0003, "time": 1.66284, "data_time": 0.04948, "memory": 8409, "transfer_time": 0.09496, "forward_time": 1.50808, "loss_parse_time": 1.50822, "loss": [1.82644], "hm_loss": [0.28449], "loc_loss": [0.58416], "loc_loss_elem": [[0.10525, 0.08355, 0.07323, 0.06222, 0.07181, 0.05845, 0.06111, 0.06853]], "num_positive": [42.6], "roi_reg_loss": [0.34023], "roi_cls_loss": [0.0334]}
{"mode": "train", "epoch": 1, "iter": 85, "lr": 0.0003, "time": 1.6701, "data_time": 0.05552, "memory": 8409, "transfer_time": 0.09931, "forward_time": 1.5142, "loss_parse_time": 1.51434, "loss": [2.32122], "hm_loss": [0.29907], "loc_loss": [0.65273], "loc_loss_elem": [[0.11085, 0.07822, 0.07053, 0.06198, 0.07477, 0.06097, 0.08809, 0.10731]], "num_positive": [62.8], "roi_reg_loss": [0.68258], "roi_cls_loss": [0.03412]}
{"mode": "train", "epoch": 1, "iter": 90, "lr": 0.0003, "time": 1.65841, "data_time": 0.05126, "memory": 8409, "transfer_time": 0.09456, "forward_time": 1.50712, "loss_parse_time": 1.50725, "loss": [2.30275], "hm_loss": [0.28908], "loc_loss": [0.64334], "loc_loss_elem": [[0.11359, 0.10044, 0.0758, 0.06532, 0.06809, 0.07091, 0.0694, 0.07978]], "num_positive": [59.8], "roi_reg_loss": [0.69392], "roi_cls_loss": [0.03308]}
{"mode": "train", "epoch": 1, "iter": 95, "lr": 0.0003, "time": 1.65822, "data_time": 0.05057, "memory": 8409, "transfer_time": 0.09427, "forward_time": 1.51218, "loss_parse_time": 1.51231, "loss": [2.2357], "hm_loss": [0.27991], "loc_loss": [0.67997], "loc_loss_elem": [[0.1038, 0.09091, 0.07117, 0.07684, 0.07651, 0.0644, 0.10538, 0.09097]], "num_positive": [75.6],