{"mode": "train", "epoch": 1, "iter": 5, "lr": 5e-05, "time": 6.38722, "data_time": 1.23848, "memory": 6751, "transfer_time": 1.29264, "forward_time": 6.09271, "loss_parse_time": 6.09286, "loss": [2.91452], "hm_loss": [0.0], "loc_loss": [0.66271], "loc_loss_elem": [[0.10585, 0.0903, 0.08264, 0.0667, 0.06456, 0.06345, 0.10756, 0.08165]], "num_positive": [124.2], "roi_reg_loss": [0.91772], "roi_cls_loss": [0.67138]}
{"mode": "train", "epoch": 1, "iter": 10, "lr": 5e-05, "time": 5.07116, "data_time": 0.05388, "memory": 7010, "transfer_time": 0.10191, "forward_time": 4.78675, "loss_parse_time": 4.7869, "loss": [2.88798], "hm_loss": [0.0], "loc_loss": [0.70244], "loc_loss_elem": [[0.0984, 0.0875, 0.07007, 0.07167, 0.07963, 0.05606, 0.12358, 0.11552]], "num_positive": [248.4], "roi_reg_loss": [0.82034], "roi_cls_loss": [0.66276]}
{"mode": "train", "epoch": 1, "iter": 15, "lr": 5e-05, "time": 5.09114, "data_time": 0.04904, "memory": 7010, "transfer_time": 0.09789, "forward_time": 4.8115, "loss_parse_time": 4.81164, "loss": [2.7582], "hm_loss": [0.0], "loc_loss": [0.64359], "loc_loss_elem": [[0.11337, 0.09701, 0.073, 0.06566, 0.06953, 0.06218, 0.07739, 0.08545]], "num_positive": [138.2], "roi_reg_loss": [0.92857], "roi_cls_loss": [0.54244]}
{"mode": "train", "epoch": 1, "iter": 20, "lr": 5e-05, "time": 5.1764, "data_time": 0.05304, "memory": 7010, "transfer_time": 0.10255, "forward_time": 4.89589, "loss_parse_time": 4.89604, "loss": [2.74432], "hm_loss": [0.0], "loc_loss": [0.63405], "loc_loss_elem": [[0.11086, 0.09106, 0.08215, 0.06273, 0.06221, 0.06279, 0.08932, 0.07294]], "num_positive": [176.6], "roi_reg_loss": [0.93004], "roi_cls_loss": [0.54617]}
{"mode": "train", "epoch": 1, "iter": 25, "lr": 5e-05, "time": 5.12784, "data_time": 0.05005, "memory": 7010, "transfer_time": 0.09917, "forward_time": 4.844, "loss_parse_time": 4.84415, "loss": [2.58477], "hm_loss": [0.0], "loc_loss": [0.60734], "loc_loss_elem": [[0.10281, 0.09656, 0.08668, 0.06376, 0.0626, 0.06536, 0.05849, 0.07108]], "num_positive": [114.6], "roi_reg_loss": [0.9226], "roi_cls_loss": [0.4475]}
{"mode": "train", "epoch": 1, "iter": 30, "lr": 5e-05, "time": 5.06065, "data_time": 0.04806, "memory": 7010, "transfer_time": 0.09329, "forward_time": 4.78004, "loss_parse_time": 4.78018, "loss": [2.48766], "hm_loss": [0.0], "loc_loss": [0.55646], "loc_loss_elem": [[0.1039, 0.09071, 0.06979, 0.06041, 0.0621, 0.05766, 0.05677, 0.05512]], "num_positive": [179.6], "roi_reg_loss": [0.9093], "roi_cls_loss": [0.46544]}
{"mode": "train", "epoch": 1, "iter": 35, "lr": 5e-05, "time": 5.12441, "data_time": 0.04783, "memory": 7010, "transfer_time": 0.09853, "forward_time": 4.83556, "loss_parse_time": 4.83571, "loss": [2.64864], "hm_loss": [0.0], "loc_loss": [0.67598], "loc_loss_elem": [[0.10156, 0.09347, 0.08261, 0.06519, 0.06617, 0.06381, 0.10695, 0.09622]], "num_positive": [175.0], "roi_reg_loss": [0.8805], "roi_cls_loss": [0.41618]}
{"mode": "train", "epoch": 1, "iter": 40, "lr": 5e-05, "time": 5.04369, "data_time": 0.05187, "memory": 7010, "transfer_time": 0.10027, "forward_time": 4.77559, "loss_parse_time": 4.77574, "loss": [2.72028], "hm_loss": [0.0], "loc_loss": [0.71608], "loc_loss_elem": [[0.1076, 0.08096, 0.08846, 0.07333, 0.07912, 0.06741, 0.12124, 0.09796]], "num_positive": [181.8], "roi_reg_loss": [0.86278], "roi_cls_loss": [0.42534]}
{"mode": "train", "epoch": 1, "iter": 45, "lr": 5e-05, "time": 5.08048, "data_time": 0.04478, "memory": 7010, "transfer_time": 0.0909, "forward_time": 4.79358, "loss_parse_time": 4.79373, "loss": [2.61923], "hm_loss": [0.0], "loc_loss": [0.67864], "loc_loss_elem": [[0.09891, 0.08983, 0.0744, 0.06804, 0.07548, 0.05906, 0.1045, 0.10842]], "num_positive": [152.8], "roi_reg_loss": [0.88067], "roi_cls_loss": [0.38128]}
{"mode": "train", "epoch": 1, "iter": 50, "lr": 5e-05, "time": 5.1212, "data_time": 0.05238, "memory": 7010, "transfer_time": 0.10134, "forward_time": 4.83089, "loss_parse_time": 4.83103, "loss": [2.76466], "hm_loss": [0.0], "loc_loss": [0.72337], "loc_loss_elem": [[0.09568, 0.09759, 0.08082, 0.07357, 0.07802, 0.06435, 0.12034, 0.113]], "num_positive": [215.2], "roi_reg_loss": [0.86443], "roi_cls_loss": [0.4535]}
{"mode": "train", "epoch": 1, "iter": 55, "lr": 5e-05, "time": 5.07095, "data_time": 0.04399, "memory": 7010, "transfer_time": 0.0917, "forward_time": 4.79969, "loss_parse_time": 4.79983, "loss": [2.55384], "hm_loss": [0.0], "loc_loss": [0.62956], "loc_loss_elem": [[0.11268, 0.08821, 0.08166, 0.06173, 0.06364, 0.06804, 0.08281, 0.07078]], "num_positive": [146.0], "roi_reg_loss": [0.90941], "roi_cls_loss": [0.38532]}
{"mode": "train", "epoch": 1, "iter": 60, "lr": 5e-05, "time": 5.08306, "data_time": 0.04529, "memory": 7010, "transfer_time": 0.09271, "forward_time": 4.80637, "loss_parse_time": 4.80652, "loss": [2.57019], "hm_loss": [0.0], "loc_loss": [0.67002], "loc_loss_elem": [[0.10441, 0.0965, 0.06748, 0.07456, 0.08114, 0.05895, 0.09508, 0.09189]], "num_positive": [124.6], "roi_reg_loss": [0.8913], "roi_cls_loss": [0.33886]}
{"mode": "train", "epoch": 1, "iter": 65, "lr": 5e-05, "time": 5.00846, "data_time": 0.04159, "memory": 7010, "transfer_time": 0.08804, "forward_time": 4.7507, "loss_parse_time": 4.75085, "loss": [2.56489], "hm_loss": [0.0], "loc_loss": [0.64055], "loc_loss_elem": [[0.10467, 0.09555, 0.07942, 0.06023, 0.0713, 0.06867, 0.08772, 0.07298]], "num_positive": [184.2], "roi_reg_loss": [0.86852], "roi_cls_loss": [0.41528]}
{"mode": "train", "epoch": 1, "iter": 70, "lr": 5e-05, "time": 5.04955, "data_time": 0.04238, "memory": 7010, "transfer_time": 0.09, "forward_time": 4.76981, "loss_parse_time": 4.76996, "loss": [2.7107], "hm_loss": [0.0], "loc_loss": [0.67721], "loc_loss_elem": [[0.10116, 0.09029, 0.07969, 0.07004, 0.07838, 0.0648, 0.08948, 0.10338]], "num_positive": [203.4], "roi_reg_loss": [0.89206], "roi_cls_loss": [0.46422]}
{"mode": "train", "epoch": 1, "iter": 75, "lr": 5e-05, "time": 4.9968, "data_time": 0.04778, "memory": 7010, "transfer_time": 0.09809, "forward_time": 4.728, "loss_parse_time": 4.72815, "loss": [2.59402], "hm_loss": [0.0], "loc_loss": [0.66129], "loc_loss_elem": [[0.09931, 0.0966, 0.0742, 0.07472, 0.07424, 0.05899, 0.09386, 0.08936]], "num_positive": [159.4], "roi_reg_loss": [0.88168], "roi_cls_loss": [0.38976]}
{"mode": "train", "epoch": 1, "iter": 80, "lr": 5e-05, "time": 5.07807, "data_time": 0.05072, "memory": 7010, "transfer_time": 0.09808, "forward_time": 4.80431, "loss_parse_time": 4.80446, "loss": [2.43049], "hm_loss": [0.0], "loc_loss": [0.59625], "loc_loss_elem": [[0.08948, 0.09191, 0.07804, 0.06548, 0.07183, 0.06717, 0.06825, 0.06409]], "num_positive": [151.0], "roi_reg_loss": [0.88743], "roi_cls_loss": [0.35055]}
