{"mode": "train", "epoch": 1, "iter": 5, "lr": 5e-05, "time": 5.41478, "data_time": 2.66407, "memory": 12155, "transfer_time": 2.71009, "forward_time": 5.21976, "loss_parse_time": 5.2199, "loss": [3.14262], "hm_loss": [0.0], "loc_loss": [0.68385], "loc_loss_elem": [[0.12413, 0.09568, 0.07964, 0.06761, 0.07299, 0.06508, 0.11029, 0.06842]], "num_positive": [45.8], "roi_reg_loss": [1.02922], "roi_cls_loss": [0.7457]}
{"mode": "train", "epoch": 1, "iter": 10, "lr": 5e-05, "time": 4.47409, "data_time": 1.21596, "memory": 12187, "transfer_time": 1.26057, "forward_time": 4.2779, "loss_parse_time": 4.27805, "loss": [3.05299], "hm_loss": [0.0], "loc_loss": [0.74255], "loc_loss_elem": [[0.10352, 0.08564, 0.06701, 0.07977, 0.08397, 0.05796, 0.139, 0.12569]], "num_positive": [86.8], "roi_reg_loss": [0.86445], "roi_cls_loss": [0.70343]}
{"mode": "train", "epoch": 1, "iter": 15, "lr": 5e-05, "time": 5.86266, "data_time": 3.17084, "memory": 12193, "transfer_time": 3.21139, "forward_time": 5.67001, "loss_parse_time": 5.67016, "loss": [3.16369], "hm_loss": [0.0], "loc_loss": [0.74128], "loc_loss_elem": [[0.09468, 0.09462, 0.08796, 0.07688, 0.07384, 0.06165, 0.12321, 0.12844]], "num_positive": [59.6], "roi_reg_loss": [0.94979], "roi_cls_loss": [0.73134]}
{"mode": "train", "epoch": 1, "iter": 20, "lr": 5e-05, "time": 8.75083, "data_time": 6.42305, "memory": 12193, "transfer_time": 6.46406, "forward_time": 8.55556, "loss_parse_time": 8.5557, "loss": [3.0056], "hm_loss": [0.0], "loc_loss": [0.76212], "loc_loss_elem": [[0.10006, 0.08286, 0.07629, 0.086, 0.08321, 0.05798, 0.15974, 0.11597]], "num_positive": [85.4], "roi_reg_loss": [0.86405], "roi_cls_loss": [0.61731]}
{"mode": "train", "epoch": 1, "iter": 25, "lr": 5e-05, "time": 4.83901, "data_time": 2.47931, "memory": 12193, "transfer_time": 2.5175, "forward_time": 4.64874, "loss_parse_time": 4.64888, "loss": [2.57985], "hm_loss": [0.0], "loc_loss": [0.56506], "loc_loss_elem": [[0.11995, 0.09334, 0.0711, 0.05583, 0.05946, 0.05978, 0.0432, 0.0624]], "num_positive": [41.4], "roi_reg_loss": [0.91463], "roi_cls_loss": [0.5351]}
{"mode": "train", "epoch": 1, "iter": 30, "lr": 5e-05, "time": 4.13271, "data_time": 1.76713, "memory": 12193, "transfer_time": 1.81042, "forward_time": 3.93706, "loss_parse_time": 3.93721, "loss": [3.03702], "hm_loss": [0.0], "loc_loss": [0.755], "loc_loss_elem": [[0.10578, 0.09177, 0.08393, 0.07129, 0.08037, 0.06875, 0.13345, 0.11965]], "num_positive": [71.2], "roi_reg_loss": [0.91574], "roi_cls_loss": [0.61128]}
{"mode": "train", "epoch": 1, "iter": 35, "lr": 5e-05, "time": 8.14194, "data_time": 5.77177, "memory": 12211, "transfer_time": 5.81269, "forward_time": 7.94425, "loss_parse_time": 7.9444, "loss": [3.11715], "hm_loss": [0.0], "loc_loss": [0.75777], "loc_loss_elem": [[0.12419, 0.09176, 0.08045, 0.07987, 0.08983, 0.06039, 0.13325, 0.09805]], "num_positive": [60.6], "roi_reg_loss": [1.00645], "roi_cls_loss": [0.59516]}
{"mode": "train", "epoch": 1, "iter": 40, "lr": 5e-05, "time": 8.73789, "data_time": 6.35452, "memory": 12236, "transfer_time": 6.39901, "forward_time": 8.5424, "loss_parse_time": 8.54254, "loss": [2.87855], "hm_loss": [0.0], "loc_loss": [0.75096], "loc_loss_elem": [[0.11136, 0.09253, 0.07398, 0.07236, 0.08377, 0.0647, 0.12715, 0.12511]], "num_positive": [67.2], "roi_reg_loss": [0.86775], "roi_cls_loss": [0.50888]}
