{"mode": "train", "epoch": 1, "iter": 5, "lr": 5e-05, "time": 4.33141, "data_time": 1.45319, "memory": 11665, "transfer_time": 1.47705, "forward_time": 4.14337, "loss_parse_time": 4.14351, "loss": [3.17374], "hm_loss": [0.32826], "loc_loss": [0.66639], "loc_loss_elem": [[0.0994, 0.09423, 0.08365, 0.05651, 0.05948, 0.08149, 0.08717, 0.10447]], "num_positive": [57.4], "roi_reg_loss": [0.83103], "roi_cls_loss": [0.68167]}
{"mode": "train", "epoch": 1, "iter": 10, "lr": 5e-05, "time": 2.82031, "data_time": 0.08234, "memory": 12096, "transfer_time": 0.10478, "forward_time": 2.63291, "loss_parse_time": 2.63305, "loss": [2.77902], "hm_loss": [0.25139], "loc_loss": [0.59201], "loc_loss_elem": [[0.09435, 0.08791, 0.0873, 0.05794, 0.05068, 0.0699, 0.05994, 0.08399]], "num_positive": [64.4], "roi_reg_loss": [0.77574], "roi_cls_loss": [0.56787]}
{"mode": "train", "epoch": 1, "iter": 15, "lr": 5e-05, "time": 2.85423, "data_time": 0.11207, "memory": 12096, "transfer_time": 0.13278, "forward_time": 2.67582, "loss_parse_time": 2.67596, "loss": [2.80577], "hm_loss": [0.29361], "loc_loss": [0.57806], "loc_loss_elem": [[0.08909, 0.0849, 0.07502, 0.06526, 0.06235, 0.06352, 0.06122, 0.07671]], "num_positive": [67.4], "roi_reg_loss": [0.85445], "roi_cls_loss": [0.50158]}
{"mode": "train", "epoch": 1, "iter": 20, "lr": 5e-05, "time": 2.91788, "data_time": 0.13508, "memory": 12157, "transfer_time": 0.15773, "forward_time": 2.71232, "loss_parse_time": 2.71246, "loss": [3.01718], "hm_loss": [0.26761], "loc_loss": [0.68343], "loc_loss_elem": [[0.10476, 0.09322, 0.0826, 0.06219, 0.07883, 0.08383, 0.09531, 0.08268]], "num_positive": [69.6], "roi_reg_loss": [0.89184], "roi_cls_loss": [0.49087]}
{"mode": "train", "epoch": 1, "iter": 25, "lr": 5e-05, "time": 2.80704, "data_time": 0.07159, "memory": 12157, "transfer_time": 0.09277, "forward_time": 2.64572, "loss_parse_time": 2.64585, "loss": [2.98867], "hm_loss": [0.23183], "loc_loss": [0.63102], "loc_loss_elem": [[0.10148, 0.09423, 0.07855, 0.05882, 0.06231, 0.07587, 0.07049, 0.08928]], "num_positive": [96.8], "roi_reg_loss": [0.91678], "roi_cls_loss": [0.57802]}
{"mode": "train", "epoch": 1, "iter": 30, "lr": 5e-05, "time": 2.81291, "data_time": 0.10361, "memory": 12157, "transfer_time": 0.12349, "forward_time": 2.63459, "loss_parse_time": 2.63473, "loss": [2.76656], "hm_loss": [0.25451], "loc_loss": [0.61683], "loc_loss_elem": [[0.09421, 0.08334, 0.08796, 0.05335, 0.05797, 0.06973, 0.07485, 0.09542]], "num_positive": [68.8], "roi_reg_loss": [0.84217], "roi_cls_loss": [0.43624]}
{"mode": "train", "epoch": 1, "iter": 35, "lr": 5e-05, "time": 2.85977, "data_time": 0.11708, "memory": 12157, "transfer_time": 0.13735, "forward_time": 2.68052, "loss_parse_time": 2.68066, "loss": [2.73142], "hm_loss": [0.23388], "loc_loss": [0.64014], "loc_loss_elem": [[0.08819, 0.08747, 0.0912, 0.05656, 0.06579, 0.06331, 0.08382, 0.10378]], "num_positive": [86.0], "roi_reg_loss": [0.74627], "roi_cls_loss": [0.471]}
{"mode": "train", "epoch": 1, "iter": 40, "lr": 5e-05, "time": 2.83467, "data_time": 0.09308, "memory": 12157, "transfer_time": 0.11408, "forward_time": 2.65956, "loss_parse_time": 2.6597, "loss": [2.75552], "hm_loss": [0.30897], "loc_loss": [0.59388], "loc_loss_elem": [[0.10727, 0.09258, 0.08567, 0.0524, 0.05342, 0.05943, 0.06687, 0.07626]], "num_positive": [77.2], "roi_reg_loss": [0.80288], "roi_cls_loss": [0.45591]}
{"mode": "train", "epoch": 1, "iter": 45, "lr": 5e-05, "time": 2.87606, "data_time": 0.11224, "memory": 12247, "transfer_time": 0.13367, "forward_time": 2.68225, "loss_parse_time": 2.68239, "loss": [3.03768], "hm_loss": [0.34486], "loc_loss": [0.72678], "loc_loss_elem": [[0.09921, 0.1006, 0.08452, 0.05863, 0.08057, 0.06943, 0.11083, 0.12299]], "num_positive": [67.2], "roi_reg_loss": [0.79694], "roi_cls_loss": [0.44233]}
{"mode": "train", "epoch": 1, "iter": 50, "lr": 5e-05, "time": 2.85116, "data_time": 0.12675, "memory": 12247, "transfer_time": 0.14729, "forward_time": 2.66661, "loss_parse_time": 2.66674, "loss": [2.8914], "hm_loss": [0.27186], "loc_loss": [0.66157], "loc_loss_elem": [[0.09264, 0.08964, 0.09143, 0.05742, 0.06357, 0.06549, 0.09812, 0.10325]], "num_positive": [96.2], "roi_reg_loss": [0.83988], "roi_cls_loss": [0.45653]}
{"mode": "train", "epoch": 1, "iter": 55, "lr": 5e-05, "time": 2.82553, "data_time": 0.09047, "memory": 12247, "transfer_time": 0.1106, "forward_time": 2.65068, "loss_parse_time": 2.65081, "loss": [2.49184], "hm_loss": [0.21765], "loc_loss": [0.55798], "loc_loss_elem": [[0.0946, 0.08396, 0.0717, 0.04625, 0.05085, 0.06883, 0.07226, 0.06953]], "num_positive": [62.0], "roi_reg_loss": [0.77974], "roi_cls_loss": [0.37849]}
{"mode": "train", "epoch": 1, "iter": 60, "lr": 5e-05, "time": 2.86945, "data_time": 0.10546, "memory": 12247, "transfer_time": 0.1271, "forward_time": 2.67853, "loss_parse_time": 2.67867, "loss": [2.76382], "hm_loss": [0.27339], "loc_loss": [0.60072], "loc_loss_elem": [[0.10103, 0.08941, 0.07982, 0.05819, 0.05654, 0.06958, 0.07383, 0.07233]], "num_positive": [71.0], "roi_reg_loss": [0.87112], "roi_cls_loss": [0.41789]}
{"mode": "train", "epoch": 1, "iter": 65, "lr": 5e-05, "time": 2.95319, "data_time": 0.13036, "memory": 12247, "transfer_time": 0.1508, "forward_time": 2.75776, "loss_parse_time": 2.75791, "loss": [2.54995], "hm_loss": [0.20467], "loc_loss": [0.58073], "loc_loss_elem": [[0.08532, 0.08155, 0.0711, 0.05743, 0.05846, 0.07445, 0.06746, 0.08496]], "num_positive": [84.0], "roi_reg_loss": [0.79865], "roi_cls_loss": [0.38517]}
{"mode": "train", "epoch": 1, "iter": 70, "lr": 6e-05, "time": 2.82594, "data_time": 0.09273, "memory": 12247, "transfer_time": 0.11381, "forward_time": 2.66017, "loss_parse_time": 2.66031, "loss": [2.83403], "hm_loss": [0.35008], "loc_loss": [0.71499], "loc_loss_elem": [[0.09699, 0.09421, 0.1224, 0.06074, 0.06695, 0.07996, 0.09983, 0.09391]], "num_positive": [58.6], "roi_reg_loss": [0.70736], "roi_cls_loss": [0.34662]}
{"mode": "train", "epoch": 1, "iter": 75, "lr": 6e-05, "time": 2.85693, "data_time": 0.11112, "memory": 12247, "transfer_time": 0.13295, "forward_time": 2.67942, "loss_parse_time": 2.67956, "loss": [2.50238], "hm_loss": [0.20315], "loc_loss": [0.54611], "loc_loss_elem": [[0.08723, 0.08368, 0.07345, 0.05345, 0.05496, 0.06933, 0.05906, 0.06495]], "num_positive": [88.4], "roi_reg_loss": [0.77662], "roi_cls_loss": [0.43039]}
{"mode": "train", "epoch": 1, "iter": 80, "lr": 6e-05, "time": 2.86861, "data_time": 0.11755, "memory": 12247, "transfer_time": 0.13766, "forward_time": 2.69201, "loss_parse_time": 2.69214, "loss": [3.01815], "hm_loss": [0.32222], "loc_loss": [0.66107], "loc_loss_elem": [[0.11508, 0.10168, 0.08147, 0.05054, 0.05448, 0.07402, 0.08782, 0.09599]], "num_positive": [66.4], "roi_reg_loss": [0.95181], "roi_cls_loss": [0.42197]}
{"mode": "train", "epoch": 1, "iter": 85, "lr": 6e-05, "time": 2.87379, "data_time": 0.09228, "memory": 12247, "transfer_time": 0.1135, "forward_time": 2.68671, "loss_parse_time": 2.68684, "loss": [2.58306], "hm_loss": [0.21734], "loc_loss": [0.57648], "loc_loss_elem": [[0.09319, 0.08607, 0.08236, 0.05448, 0.0572, 0.06729, 0.07097, 0.06491]], "num_positive": [72.2], "roi_reg_loss": [0.82195], "roi_cls_loss": [0.39082]}
