{"mode": "train", "epoch": 1, "iter": 5, "lr": 5e-05, "time": 3.45708, "data_time": 0.78307, "memory": 3515, "transfer_time": 0.80535, "forward_time": 3.29017, "loss_parse_time": 3.2903, "loss": [1170.0786], "hm_loss": [1166.92065], "loc_loss": [0.75179], "loc_loss_elem": [[0.12718, 0.09582, 0.1066, 0.05592, 0.06968, 0.0942, 0.06644, 0.13597]], "num_positive": [34.8], "roi_reg_loss": [0.94659], "roi_cls_loss": [0.70775]}
{"mode": "train", "epoch": 1, "iter": 10, "lr": 5e-05, "time": 2.70213, "data_time": 0.08618, "memory": 3935, "transfer_time": 0.10898, "forward_time": 2.54036, "loss_parse_time": 2.54049, "loss": [3030.4203], "hm_loss": [3027.81074], "loc_loss": [0.53532], "loc_loss_elem": [[0.10904, 0.08507, 0.07731, 0.05328, 0.05277, 0.0667, 0.03456, 0.05661]], "num_positive": [36.6], "roi_reg_loss": [0.91642], "roi_cls_loss": [0.62236]}
{"mode": "train", "epoch": 1, "iter": 15, "lr": 5e-05, "time": 2.67073, "data_time": 0.09337, "memory": 3935, "transfer_time": 0.11344, "forward_time": 2.51519, "loss_parse_time": 2.51532, "loss": [1625.38441], "hm_loss": [1622.64757], "loc_loss": [0.61289], "loc_loss_elem": [[0.10947, 0.08295, 0.08135, 0.07001, 0.07951, 0.06661, 0.052, 0.071]], "num_positive": [45.4], "roi_reg_loss": [0.95495], "roi_cls_loss": [0.55601]}
