{"mode": "train", "epoch": 1, "iter": 5, "lr": 5e-05, "time": 16.21569, "data_time": 13.60804, "memory": 12155, "transfer_time": 13.65751, "forward_time": 16.02693, "loss_parse_time": 16.02707, "loss": [3.14262], "hm_loss": [0.0], "loc_loss": [0.68385], "loc_loss_elem": [[0.12413, 0.09568, 0.07964, 0.06761, 0.07299, 0.06508, 0.11029, 0.06842]], "num_positive": [45.8], "roi_reg_loss": [1.02922], "roi_cls_loss": [0.7457]}
