{"mode": "train", "epoch": 1, "iter": 5, "lr": 0.0003, "time": 3.17746, "data_time": 1.43515, "memory": 8408, "transfer_time": 1.48934, "forward_time": 3.01329, "loss_parse_time": 3.01346, "loss": [2659.35562], "hm_loss": [2656.46299], "loc_loss": [0.68486], "loc_loss_elem": [[0.12434, 0.09555, 0.07992, 0.06743, 0.07306, 0.06509, 0.11087, 0.06861]], "num_positive": [45.8], "roi_reg_loss": [1.01364], "roi_cls_loss": [0.50927]}
