{"mode": "train", "epoch": 1, "iter": 5, "lr": 5e-05, "time": 9.11265, "data_time": 3.38025, "memory": 8147, "transfer_time": 3.42233, "forward_time": 9.0327, "loss_parse_time": 9.03284, "loss": [2.76934], "hm_loss": [0.0], "loc_loss": [0.99005], "loc_loss_elem": [[0.16433, 0.14125, 0.10225, 0.10491, 0.14415, 0.07427, 0.11536, 0.14353]], "num_positive": [11.8], "roi_reg_loss": [0.0], "roi_cls_loss": [0.78924]}
{"mode": "train", "epoch": 1, "iter": 10, "lr": 5e-05, "time": 5.59991, "data_time": 0.04938, "memory": 8147, "transfer_time": 0.08994, "forward_time": 5.52645, "loss_parse_time": 5.52658, "loss": [2.77411], "hm_loss": [0.0], "loc_loss": [0.98761], "loc_loss_elem": [[0.14314, 0.12113, 0.09375, 0.093, 0.12864, 0.07773, 0.19403, 0.1362]], "num_positive": [25.2], "roi_reg_loss": [0.0], "roi_cls_loss": [0.79889]}
{"mode": "train", "epoch": 1, "iter": 15, "lr": 5e-05, "time": 5.61202, "data_time": 0.05336, "memory": 8147, "transfer_time": 0.09428, "forward_time": 5.53705, "loss_parse_time": 5.53719, "loss": [2.88913], "hm_loss": [0.0], "loc_loss": [1.07734], "loc_loss_elem": [[0.13398, 0.13732, 0.10516, 0.12504, 0.15738, 0.08703, 0.18541, 0.146]], "num_positive": [20.6], "roi_reg_loss": [0.0], "roi_cls_loss": [0.73446]}
{"mode": "train", "epoch": 1, "iter": 20, "lr": 5e-05, "time": 5.61679, "data_time": 0.05179, "memory": 8147, "transfer_time": 0.09267, "forward_time": 5.53594, "loss_parse_time": 5.53607, "loss": [3.19914], "hm_loss": [0.0], "loc_loss": [1.21531], "loc_loss_elem": [[0.15162, 0.15247, 0.12549, 0.1112, 0.11981, 0.09302, 0.26786, 0.19384]], "num_positive": [25.8], "roi_reg_loss": [0.0], "roi_cls_loss": [0.76853]}
{"mode": "train", "epoch": 1, "iter": 25, "lr": 5e-05, "time": 5.59786, "data_time": 0.0578, "memory": 8147, "transfer_time": 0.09824, "forward_time": 5.5235, "loss_parse_time": 5.52363, "loss": [2.29463], "hm_loss": [0.0], "loc_loss": [0.73196], "loc_loss_elem": [[0.1422, 0.12382, 0.08756, 0.06023, 0.07213, 0.06927, 0.116, 0.06074]], "num_positive": [15.2], "roi_reg_loss": [0.0], "roi_cls_loss": [0.83072]}
{"mode": "train", "epoch": 1, "iter": 30, "lr": 5e-05, "time": 5.61277, "data_time": 0.0529, "memory": 8147, "transfer_time": 0.09337, "forward_time": 5.54118, "loss_parse_time": 5.54131, "loss": [2.88266], "hm_loss": [0.0], "loc_loss": [1.05091], "loc_loss_elem": [[0.14942, 0.11512, 0.13526, 0.10433, 0.1674, 0.08741, 0.17709, 0.11488]], "num_positive": [20.8], "roi_reg_loss": [0.0], "roi_cls_loss": [0.78085]}
{"mode": "train", "epoch": 1, "iter": 35, "lr": 5e-05, "time": 5.59812, "data_time": 0.06195, "memory": 8147, "transfer_time": 0.10241, "forward_time": 5.52768, "loss_parse_time": 5.52782, "loss": [3.17588], "hm_loss": [0.0], "loc_loss": [1.20919], "loc_loss_elem": [[0.17876, 0.16902, 0.15306, 0.09873, 0.14716, 0.11559, 0.19667, 0.1502]], "num_positive": [19.2], "roi_reg_loss": [0.0], "roi_cls_loss": [0.75749]}
{"mode": "train", "epoch": 1, "iter": 40, "lr": 5e-05, "time": 5.64183, "data_time": 0.05359, "memory": 8147, "transfer_time": 0.09354, "forward_time": 5.56878, "loss_parse_time": 5.56891, "loss": [2.65484], "hm_loss": [0.0], "loc_loss": [0.97794], "loc_loss_elem": [[0.16218, 0.13973, 0.09476, 0.0767, 0.13116, 0.07652, 0.16251, 0.13438]], "num_positive": [17.2], "roi_reg_loss": [0.0], "roi_cls_loss": [0.69896]}
{"mode": "train", "epoch": 1, "iter": 45, "lr": 5e-05, "time": 5.6491, "data_time": 0.05661, "memory": 8147, "transfer_time": 0.09751, "forward_time": 5.57269, "loss_parse_time": 5.57282, "loss": [2.62306], "hm_loss": [0.0], "loc_loss": [0.95432], "loc_loss_elem": [[0.15645, 0.15899, 0.11743, 0.0887, 0.11329, 0.09525, 0.11385, 0.11036]], "num_positive": [24.0], "roi_reg_loss": [0.0], "roi_cls_loss": [0.71443]}
{"mode": "train", "epoch": 1, "iter": 50, "lr": 5e-05, "time": 5.68634, "data_time": 0.05478, "memory": 8147, "transfer_time": 0.09591, "forward_time": 5.61141, "loss_parse_time": 5.61155, "loss": [2.82013], "hm_loss": [0.0], "loc_loss": [1.04439], "loc_loss_elem": [[0.14321, 0.13863, 0.11858, 0.08297, 0.13457, 0.08294, 0.22259, 0.12091]], "num_positive": [26.2], "roi_reg_loss": [0.0], "roi_cls_loss": [0.73135]}
{"mode": "train", "epoch": 1, "iter": 55, "lr": 5e-05, "time": 5.63549, "data_time": 0.05383, "memory": 8147, "transfer_time": 0.09221, "forward_time": 5.56326, "loss_parse_time": 5.5634, "loss": [2.81337], "hm_loss": [0.0], "loc_loss": [1.05538], "loc_loss_elem": [[0.16536, 0.14162, 0.12966, 0.09464, 0.09828, 0.09429, 0.17088, 0.16065]], "num_positive": [23.0], "roi_reg_loss": [0.0], "roi_cls_loss": [0.70261]}
{"mode": "train", "epoch": 1, "iter": 60, "lr": 5e-05, "time": 5.63778, "data_time": 0.05461, "memory": 8147, "transfer_time": 0.09339, "forward_time": 5.56383, "loss_parse_time": 5.56397, "loss": [2.68161], "hm_loss": [0.0], "loc_loss": [0.96669], "loc_loss_elem": [[0.12644, 0.11782, 0.11177, 0.08996, 0.11176, 0.09603, 0.20951, 0.10341]], "num_positive": [18.6], "roi_reg_loss": [0.0], "roi_cls_loss": [0.74824]}
{"mode": "train", "epoch": 1, "iter": 65, "lr": 5e-05, "time": 5.60994, "data_time": 0.05686, "memory": 8147, "transfer_time": 0.09505, "forward_time": 5.53939, "loss_parse_time": 5.53953, "loss": [3.29324], "hm_loss": [0.0], "loc_loss": [1.27275], "loc_loss_elem": [[0.15996, 0.16984, 0.14249, 0.10795, 0.16983, 0.10896, 0.25583, 0.15789]], "num_positive": [24.8], "roi_reg_loss": [0.0], "roi_cls_loss": [0.74775]}
