{"mode": "train", "epoch": 1, "iter": 5, "lr": 0.0003, "time": 3.15616, "data_time": 1.43741, "memory": 8408, "transfer_time": 1.49335, "forward_time": 2.9939, "loss_parse_time": 2.99407, "loss": [3.24338], "hm_loss": [0.36354], "loc_loss": [0.68173], "loc_loss_elem": [[0.12395, 0.09539, 0.0793, 0.06762, 0.07272, 0.06479, 0.11027, 0.06769]], "num_positive": [45.8], "roi_reg_loss": [1.01262], "roi_cls_loss": [0.50377]}
{"mode": "train", "epoch": 1, "iter": 10, "lr": 0.0003, "time": 1.67466, "data_time": 0.05517, "memory": 8408, "transfer_time": 0.09965, "forward_time": 1.51147, "loss_parse_time": 1.51162, "loss": [2.98632], "hm_loss": [0.27318], "loc_loss": [0.73024], "loc_loss_elem": [[0.10313, 0.08537, 0.06632, 0.07913, 0.08281, 0.0576, 0.13108, 0.1248]], "num_positive": [86.8], "roi_reg_loss": [0.84061], "roi_cls_loss": [0.41203]}
{"mode": "train", "epoch": 1, "iter": 15, "lr": 0.0003, "time": 1.691, "data_time": 0.06504, "memory": 8408, "transfer_time": 0.11258, "forward_time": 1.53193, "loss_parse_time": 1.53207, "loss": [3.03471], "hm_loss": [0.37455], "loc_loss": [0.72367], "loc_loss_elem": [[0.09378, 0.09338, 0.08563, 0.07508, 0.07233, 0.06072, 0.11911, 0.12363]], "num_positive": [59.6], "roi_reg_loss": [0.87456], "roi_cls_loss": [0.33826]}
