{"mode": "train", "epoch": 1, "iter": 5, "lr": 5e-05, "time": 3.96675, "data_time": 1.55237, "memory": 12161, "transfer_time": 1.60269, "forward_time": 3.77483, "loss_parse_time": 3.77499, "loss": [3.12085], "hm_loss": [0.0], "loc_loss": [0.71626], "loc_loss_elem": [[0.1116, 0.09, 0.08872, 0.07071, 0.07728, 0.06567, 0.11031, 0.10196]], "num_positive": [59.4], "roi_reg_loss": [0.94825], "roi_cls_loss": [0.74008]}
{"mode": "train", "epoch": 1, "iter": 10, "lr": 5e-05, "time": 2.38832, "data_time": 0.05668, "memory": 12208, "transfer_time": 0.10623, "forward_time": 2.19982, "loss_parse_time": 2.19996, "loss": [2.94059], "hm_loss": [0.0], "loc_loss": [0.64486], "loc_loss_elem": [[0.10994, 0.08944, 0.08477, 0.07492, 0.06855, 0.07536, 0.06327, 0.0786]], "num_positive": [50.8], "roi_reg_loss": [0.92299], "roi_cls_loss": [0.72789]}
{"mode": "train", "epoch": 1, "iter": 15, "lr": 5e-05, "time": 2.41777, "data_time": 0.05717, "memory": 12208, "transfer_time": 0.10502, "forward_time": 2.22591, "loss_parse_time": 2.22605, "loss": [3.30039], "hm_loss": [0.0], "loc_loss": [0.84023], "loc_loss_elem": [[0.12212, 0.0902, 0.07749, 0.0751, 0.09067, 0.06452, 0.1883, 0.13183]], "num_positive": [57.4], "roi_reg_loss": [0.94066], "roi_cls_loss": [0.67927]}
{"mode": "train", "epoch": 1, "iter": 20, "lr": 5e-05, "time": 2.45229, "data_time": 0.05966, "memory": 12285, "transfer_time": 0.10777, "forward_time": 2.25861, "loss_parse_time": 2.25876, "loss": [2.83706], "hm_loss": [0.0], "loc_loss": [0.65883], "loc_loss_elem": [[0.0992, 0.08849, 0.0665, 0.0694, 0.0908, 0.05425, 0.09294, 0.09725]], "num_positive": [62.0], "roi_reg_loss": [0.88321], "roi_cls_loss": [0.63619]}
{"mode": "train", "epoch": 1, "iter": 25, "lr": 5e-05, "time": 2.41478, "data_time": 0.05952, "memory": 12285, "transfer_time": 0.10791, "forward_time": 2.21732, "loss_parse_time": 2.21749, "loss": [2.96772], "hm_loss": [0.0], "loc_loss": [0.72451], "loc_loss_elem": [[0.11483, 0.08541, 0.07553, 0.07071, 0.08426, 0.06482, 0.12143, 0.10751]], "num_positive": [82.4], "roi_reg_loss": [0.89577], "roi_cls_loss": [0.62293]}
{"mode": "train", "epoch": 1, "iter": 30, "lr": 5e-05, "time": 2.38538, "data_time": 0.05897, "memory": 12285, "transfer_time": 0.10846, "forward_time": 2.19488, "loss_parse_time": 2.19503, "loss": [2.96789], "hm_loss": [0.0], "loc_loss": [0.73923], "loc_loss_elem": [[0.11655, 0.08917, 0.08684, 0.06836, 0.08287, 0.07354, 0.12688, 0.09502]], "num_positive": [53.4], "roi_reg_loss": [0.94845], "roi_cls_loss": [0.54097]}
{"mode": "train", "epoch": 1, "iter": 35, "lr": 5e-05, "time": 2.39526, "data_time": 0.06023, "memory": 12285, "transfer_time": 0.1099, "forward_time": 2.20163, "loss_parse_time": 2.20177, "loss": [3.13676], "hm_loss": [0.0], "loc_loss": [0.82872], "loc_loss_elem": [[0.11757, 0.09049, 0.08082, 0.08256, 0.08997, 0.06181, 0.15548, 0.15001]], "num_positive": [74.2], "roi_reg_loss": [0.92887], "roi_cls_loss": [0.55045]}
{"mode": "train", "epoch": 1, "iter": 40, "lr": 5e-05, "time": 2.40745, "data_time": 0.05633, "memory": 12285, "transfer_time": 0.10121, "forward_time": 2.21083, "loss_parse_time": 2.211, "loss": [2.78419], "hm_loss": [0.0], "loc_loss": [0.65013], "loc_loss_elem": [[0.11789, 0.0904, 0.08417, 0.06726, 0.07533, 0.0654, 0.07897, 0.07073]], "num_positive": [52.6], "roi_reg_loss": [0.96638], "roi_cls_loss": [0.51755]}
{"mode": "train", "epoch": 1, "iter": 45, "lr": 5e-05, "time": 2.38197, "data_time": 0.05827, "memory": 12285, "transfer_time": 0.10597, "forward_time": 2.18801, "loss_parse_time": 2.18815, "loss": [2.94038], "hm_loss": [0.0], "loc_loss": [0.72327], "loc_loss_elem": [[0.11953, 0.10246, 0.07089, 0.07669, 0.08313, 0.07054, 0.09044, 0.10958]], "num_positive": [41.2], "roi_reg_loss": [0.97594], "roi_cls_loss": [0.51789]}
{"mode": "train", "epoch": 1, "iter": 50, "lr": 5e-05, "time": 2.42732, "data_time": 0.05801, "memory": 12285, "transfer_time": 0.10565, "forward_time": 2.23151, "loss_parse_time": 2.23169, "loss": [3.15484], "hm_loss": [0.0], "loc_loss": [0.84989], "loc_loss_elem": [[0.11855, 0.09924, 0.06991, 0.07978, 0.08981, 0.06802, 0.16863, 0.15594]], "num_positive": [103.2], "roi_reg_loss": [0.87418], "roi_cls_loss": [0.58088]}
