{"mode": "train", "epoch": 1, "iter": 5, "lr": 5e-05, "time": 6.27575, "data_time": 1.07611, "memory": 6569, "transfer_time": 1.12681, "forward_time": 6.00862, "loss_parse_time": 6.00876, "loss": [2.72603], "hm_loss": [0.0], "loc_loss": [0.56537], "loc_loss_elem": [[0.09966, 0.08211, 0.06784, 0.06318, 0.06796, 0.06529, 0.05688, 0.06246]], "num_positive": [132.2], "roi_reg_loss": [0.93117], "roi_cls_loss": [0.66411]}
