{"mode": "train", "epoch": 1, "iter": 5, "lr": 0.0003, "time": 3.82344, "data_time": 1.41015, "memory": 10520, "transfer_time": 1.45332, "forward_time": 3.63261, "loss_parse_time": 3.63276, "loss": [3.59644], "hm_loss": [0.36438], "loc_loss": [0.68067], "loc_loss_elem": [[0.12385, 0.09547, 0.07921, 0.06764, 0.07267, 0.06483, 0.1095, 0.06749]], "num_positive": [45.8], "roi_reg_loss": [0.89479], "roi_cls_loss": [0.97593]}
{"mode": "train", "epoch": 1, "iter": 10, "lr": 0.0003, "time": 2.37922, "data_time": 0.05925, "memory": 10549, "transfer_time": 0.10252, "forward_time": 2.19729, "loss_parse_time": 2.19743, "loss": [3.2236], "hm_loss": [0.27356], "loc_loss": [0.73035], "loc_loss_elem": [[0.10318, 0.08538, 0.06629, 0.07925, 0.08281, 0.0576, 0.13115, 0.1247]], "num_positive": [86.8], "roi_reg_loss": [0.7925], "roi_cls_loss": [0.69683]}
{"mode": "train", "epoch": 1, "iter": 15, "lr": 0.0003, "time": 2.3634, "data_time": 0.05315, "memory": 10558, "transfer_time": 0.09586, "forward_time": 2.17283, "loss_parse_time": 2.17299, "loss": [3.13858], "hm_loss": [0.37596], "loc_loss": [0.72043], "loc_loss_elem": [[0.09403, 0.09323, 0.08565, 0.07509, 0.07249, 0.06066, 0.11716, 0.12211]], "num_positive": [59.6], "roi_reg_loss": [0.83222], "roi_cls_loss": [0.48954]}
{"mode": "train", "epoch": 1, "iter": 20, "lr": 0.0003, "time": 2.35269, "data_time": 0.05388, "memory": 10558, "transfer_time": 0.0961, "forward_time": 2.1696, "loss_parse_time": 2.16975, "loss": [3.09443], "hm_loss": [0.27006], "loc_loss": [0.74812], "loc_loss_elem": [[0.09767, 0.08187, 0.07575, 0.08469, 0.08126, 0.05657, 0.15605, 0.11427]], "num_positive": [85.4], "roi_reg_loss": [0.93028], "roi_cls_loss": [0.39785]}
{"mode": "train", "epoch": 1, "iter": 25, "lr": 0.0003, "time": 2.36145, "data_time": 0.05846, "memory": 10558, "transfer_time": 0.09792, "forward_time": 2.17791, "loss_parse_time": 2.17805, "loss": [2.55857], "hm_loss": [0.27917], "loc_loss": [0.54961], "loc_loss_elem": [[0.11756, 0.09181, 0.06965, 0.05492, 0.05862, 0.05891, 0.03859, 0.05956]], "num_positive": [41.4], "roi_reg_loss": [0.9081], "roi_cls_loss": [0.27208]}
{"mode": "train", "epoch": 1, "iter": 30, "lr": 0.0003, "time": 2.38362, "data_time": 0.04709, "memory": 10558, "transfer_time": 0.08929, "forward_time": 2.19989, "loss_parse_time": 2.20004, "loss": [2.8221], "hm_loss": [0.36874], "loc_loss": [0.7358], "loc_loss_elem": [[0.10543, 0.08984, 0.07519, 0.07193, 0.08047, 0.06807, 0.12845, 0.11641]], "num_positive": [71.2], "roi_reg_loss": [0.76386], "roi_cls_loss": [0.2179]}
{"mode": "train", "epoch": 1, "iter": 35, "lr": 0.0003, "time": 2.36318, "data_time": 0.0507, "memory": 10575, "transfer_time": 0.09325, "forward_time": 2.17742, "loss_parse_time": 2.17757, "loss": [2.76801], "hm_loss": [0.34742], "loc_loss": [0.72831], "loc_loss_elem": [[0.12083, 0.09149, 0.07651, 0.07733, 0.08677, 0.05845, 0.12646, 0.09046]], "num_positive": [60.6], "roi_reg_loss": [0.7702], "roi_cls_loss": [0.19378]}
{"mode": "train", "epoch": 1, "iter": 40, "lr": 0.0003, "time": 2.36888, "data_time": 0.04946, "memory": 10602, "transfer_time": 0.0954, "forward_time": 2.18171, "loss_parse_time": 2.18186, "loss": [2.53756], "hm_loss": [0.28134], "loc_loss": [0.73091], "loc_loss_elem": [[0.10838, 0.09118, 0.0715, 0.07, 0.08262, 0.06381, 0.12042, 0.12301]], "num_positive": [67.2], "roi_reg_loss": [0.63978], "roi_cls_loss": [0.15462]}
{"mode": "train", "epoch": 1, "iter": 45, "lr": 0.0003, "time": 2.37523, "data_time": 0.05488, "memory": 10619, "transfer_time": 0.10053, "forward_time": 2.18628, "loss_parse_time": 2.18643, "loss": [2.44708], "hm_loss": [0.23748], "loc_loss": [0.71122], "loc_loss_elem": [[0.10984, 0.09059, 0.07064, 0.07656, 0.07361, 0.06697, 0.11205, 0.11097]], "num_positive": [90.8], "roi_reg_loss": [0.65396], "roi_cls_loss": [0.1332]}
{"mode": "train", "epoch": 1, "iter": 50, "lr": 0.0003, "time": 2.35393, "data_time": 0.05952, "memory": 10619, "transfer_time": 0.10676, "forward_time": 2.16449, "loss_parse_time": 2.16465, "loss": [2.4664], "hm_loss": [0.27415], "loc_loss": [0.7428], "loc_loss_elem": [[0.10803, 0.08589, 0.07192, 0.07233, 0.08821, 0.06245, 0.11945, 0.1345]], "num_positive": [65.2], "roi_reg_loss": [0.59919], "roi_cls_loss": [0.10747]}
{"mode": "train", "epoch": 1, "iter": 55, "lr": 0.0003, "time": 2.40412, "data_time": 0.05732, "memory": 10619, "transfer_time": 0.10153, "forward_time": 2.22182, "loss_parse_time": 2.22199, "loss": [3.04799], "hm_loss": [0.34048], "loc_loss": [0.92606], "loc_loss_elem": [[0.1254, 0.09961, 0.09626, 0.07679, 0.07664, 0.07757, 0.2037, 0.17009]], "num_positive": [92.2], "roi_reg_loss": [0.74616], "roi_cls_loss": [0.10923]}
{"mode": "train", "epoch": 1, "iter": 60, "lr": 0.0003, "time": 2.38059, "data_time": 0.05506, "memory": 10619, "transfer_time": 0.0998, "forward_time": 2.19481, "loss_parse_time": 2.19498, "loss": [2.52127], "hm_loss": [0.26553], "loc_loss": [0.71227], "loc_loss_elem": [[0.09971, 0.08496, 0.06966, 0.07273, 0.08374, 0.05941, 0.1343, 0.10774]], "num_positive": [65.4], "roi_reg_loss": [0.73814], "roi_cls_loss": [0.09308]}
{"mode": "train", "epoch": 1, "iter": 65, "lr": 0.0003, "time": 2.39351, "data_time": 0.05438, "memory": 10619, "transfer_time": 0.0996, "forward_time": 2.20852, "loss_parse_time": 2.20869, "loss": [2.56487], "hm_loss": [0.27126], "loc_loss": [0.68326], "loc_loss_elem": [[0.11539, 0.08649, 0.07602, 0.0642, 0.07422, 0.06134, 0.10129, 0.10431]], "num_positive": [62.2], "roi_reg_loss": [0.84193], "roi_cls_loss": [0.08517]}
{"mode": "train", "epoch": 1, "iter": 70, "lr": 0.0003, "time": 2.37371, "data_time": 0.05787, "memory": 10619, "transfer_time": 0.10486, "forward_time": 2.18644, "loss_parse_time": 2.1866, "loss": [2.86285], "hm_loss": [0.34899], "loc_loss": [0.73568], "loc_loss_elem": [[0.11043, 0.09204, 0.08953, 0.06878, 0.07551, 0.06463, 0.11847, 0.1163]], "num_positive": [61.6], "roi_reg_loss": [0.97272], "roi_cls_loss": [0.06979]}
{"mode": "train", "epoch": 1, "iter": 75, "lr": 0.0003, "time": 2.38258, "data_time": 0.05449, "memory": 10619, "transfer_time": 0.10029, "forward_time": 2.19608, "loss_parse_time": 2.19623, "loss": [2.45768], "hm_loss": [0.28783], "loc_loss": [0.63412], "loc_loss_elem": [[0.11581, 0.0891, 0.08611, 0.07068, 0.06853, 0.06627, 0.07668, 0.06095]], "num_positive": [64.0], "roi_reg_loss": [0.82989], "roi_cls_loss": [0.07172]}
{"mode": "train", "epoch": 1, "iter": 80, "lr": 0.0003, "time": 2.3868, "data_time": 0.05652, "memory": 10619, "transfer_time": 0.10081, "forward_time": 2.19795, "loss_parse_time": 2.1981, "loss": [2.24286], "hm_loss": [0.28561], "loc_loss": [0.58549], "loc_loss_elem": [[0.10543, 0.08377, 0.07362, 0.06212, 0.072, 0.05853, 0.06129, 0.06873]], "num_positive": [42.6], "roi_reg_loss": [0.72694], "roi_cls_loss": [0.05933]}
{"mode": "train", "epoch": 1, "iter": 85, "lr": 0.0003, "time": 2.39225, "data_time": 0.05038, "memory": 10619, "transfer_time": 0.0929, "forward_time": 2.20263, "loss_parse_time": 2.20278, "loss": [2.44712], "hm_loss": [0.29762], "loc_loss": [0.65299], "loc_loss_elem": [[0.1108, 0.07807, 0.07051, 0.0619, 0.07491, 0.06081, 0.0876, 0.10838]], "num_positive": [62.8], "roi_reg_loss": [0.78031], "roi_cls_loss": [0.06321]}
{"mode": "train", "epoch": 1, "iter": 90, "lr": 0.0003, "time": 2.39111, "data_time": 0.04789, "memory": 10619, "transfer_time": 0.08874, "forward_time": 2.20834, "loss_parse_time": 2.20849, "loss": [2.31489], "hm_loss": [0.29007], "loc_loss": [0.64406], "loc_loss_elem": [[0.11352, 0.1004, 0.07595, 0.06522, 0.06779, 0.07092, 0.07047, 0.07979]], "num_positive": [59.8], "roi_reg_loss": [0.6759], "roi_cls_loss": [0.0608]}
{"mode": "train", "epoch": 1, "iter": 95, "lr": 0.0003, "time": 2.42204, "data_time": 0.06166, "memory": 10619, "transfer_time": 0.1019, "forward_time": 2.23942, "loss_parse_time": 2.23957, "loss": [2.4257], "hm_loss": [0.27991], "loc_loss": [0.67998], "loc_loss_elem": [[0.10408, 0.09081, 0.0713, 0.07702, 0.07655, 0.06427, 0.10475, 0.09119]], "num_positive": [75.6],