{"mode": "train", "epoch": 1, "iter": 5, "lr": 5e-05, "time": 3.88776, "data_time": 1.39739, "memory": 12161, "transfer_time": 1.44233, "forward_time": 3.69293, "loss_parse_time": 3.6931, "loss": [3.12085], "hm_loss": [0.0], "loc_loss": [0.71626], "loc_loss_elem": [[0.1116, 0.09, 0.08872, 0.07071, 0.07728, 0.06567, 0.11031, 0.10196]], "num_positive": [59.4], "roi_reg_loss": [0.94825], "roi_cls_loss": [0.74008]}
{"mode": "train", "epoch": 1, "iter": 10, "lr": 5e-05, "time": 2.44664, "data_time": 0.05795, "memory": 12208, "transfer_time": 0.10313, "forward_time": 2.24904, "loss_parse_time": 2.24919, "loss": [2.94059], "hm_loss": [0.0], "loc_loss": [0.64486], "loc_loss_elem": [[0.10994, 0.08944, 0.08477, 0.07492, 0.06855, 0.07536, 0.06327, 0.0786]], "num_positive": [50.8], "roi_reg_loss": [0.92298], "roi_cls_loss": [0.72789]}
{"mode": "train", "epoch": 1, "iter": 15, "lr": 5e-05, "time": 2.43893, "data_time": 0.0551, "memory": 12208, "transfer_time": 0.0975, "forward_time": 2.24508, "loss_parse_time": 2.24526, "loss": [3.30041], "hm_loss": [0.0], "loc_loss": [0.84023], "loc_loss_elem": [[0.12212, 0.0902, 0.07749, 0.0751, 0.09067, 0.06452, 0.1883, 0.13183]], "num_positive": [57.4], "roi_reg_loss": [0.94066], "roi_cls_loss": [0.67929]}
{"mode": "train", "epoch": 1, "iter": 20, "lr": 5e-05, "time": 2.42237, "data_time": 0.05598, "memory": 12285, "transfer_time": 0.1027, "forward_time": 2.22654, "loss_parse_time": 2.2267, "loss": [2.83704], "hm_loss": [0.0], "loc_loss": [0.65883], "loc_loss_elem": [[0.0992, 0.08849, 0.0665, 0.0694, 0.0908, 0.05425, 0.09294, 0.09725]], "num_positive": [62.0], "roi_reg_loss": [0.88322], "roi_cls_loss": [0.63616]}
{"mode": "train", "epoch": 1, "iter": 25, "lr": 5e-05, "time": 2.46512, "data_time": 0.06437, "memory": 12285, "transfer_time": 0.10973, "forward_time": 2.26832, "loss_parse_time": 2.26849, "loss": [2.96773], "hm_loss": [0.0], "loc_loss": [0.72451], "loc_loss_elem": [[0.11483, 0.08541, 0.07553, 0.07071, 0.08426, 0.06482, 0.12143, 0.10751]], "num_positive": [82.4], "roi_reg_loss": [0.89576], "roi_cls_loss": [0.62295]}
{"mode": "train", "epoch": 1, "iter": 30, "lr": 5e-05, "time": 2.49077, "data_time": 0.05775, "memory": 12285, "transfer_time": 0.1026, "forward_time": 2.29178, "loss_parse_time": 2.29195, "loss": [2.96793], "hm_loss": [0.0], "loc_loss": [0.73923], "loc_loss_elem": [[0.11655, 0.08917, 0.08684, 0.06836, 0.08287, 0.07354, 0.12688, 0.09502]], "num_positive": [53.4], "roi_reg_loss": [0.9485], "roi_cls_loss": [0.54097]}
{"mode": "train", "epoch": 1, "iter": 35, "lr": 5e-05, "time": 2.46055, "data_time": 0.05686, "memory": 12285, "transfer_time": 0.10381, "forward_time": 2.26412, "loss_parse_time": 2.2643, "loss": [3.13671], "hm_loss": [0.0], "loc_loss": [0.82872], "loc_loss_elem": [[0.11757, 0.09049, 0.08082, 0.08256, 0.08997, 0.06181, 0.15548, 0.15001]], "num_positive": [74.2], "roi_reg_loss": [0.92884], "roi_cls_loss": [0.55043]}
{"mode": "train", "epoch": 1, "iter": 40, "lr": 5e-05, "time": 2.49654, "data_time": 0.05783, "memory": 12285, "transfer_time": 0.10588, "forward_time": 2.29722, "loss_parse_time": 2.29738, "loss": [2.78417], "hm_loss": [0.0], "loc_loss": [0.65013], "loc_loss_elem": [[0.11789, 0.0904, 0.08417, 0.06726, 0.07533, 0.0654, 0.07897, 0.07073]], "num_positive": [52.6], "roi_reg_loss": [0.96637], "roi_cls_loss": [0.51754]}
{"mode": "train", "epoch": 1, "iter": 45, "lr": 5e-05, "time": 2.43131, "data_time": 0.05632, "memory": 12285, "transfer_time": 0.10177, "forward_time": 2.23734, "loss_parse_time": 2.2375, "loss": [2.94063], "hm_loss": [0.0], "loc_loss": [0.72327], "loc_loss_elem": [[0.11953, 0.10246, 0.07089, 0.07669, 0.08313, 0.07054, 0.09044, 0.10958]], "num_positive": [41.2], "roi_reg_loss": [0.97601], "roi_cls_loss": [0.51808]}
{"mode": "train", "epoch": 1, "iter": 50, "lr": 5e-05, "time": 2.47481, "data_time": 0.05602, "memory": 12285, "transfer_time": 0.10235, "forward_time": 2.27209, "loss_parse_time": 2.27224, "loss": [3.15484], "hm_loss": [0.0], "loc_loss": [0.84989], "loc_loss_elem": [[0.11855, 0.09924, 0.06991, 0.07978, 0.08981, 0.06802, 0.16863, 0.15594]], "num_positive": [103.2], "roi_reg_loss": [0.8742], "roi_cls_loss": [0.58086]}
{"mode": "train", "epoch": 1, "iter": 55, "lr": 5e-05, "time": 2.43971, "data_time": 0.05113, "memory": 12285, "transfer_time": 0.09555, "forward_time": 2.24522, "loss_parse_time": 2.24536, "loss": [2.95128], "hm_loss": [0.0], "loc_loss": [0.77187], "loc_loss_elem": [[0.11207, 0.09411, 0.07758, 0.07766, 0.08055, 0.07486, 0.15372, 0.10132]], "num_positive": [59.6], "roi_reg_loss": [0.91891], "roi_cls_loss": [0.48863]}
{"mode": "train", "epoch": 1, "iter": 60, "lr": 5e-05, "time": 2.4432, "data_time": 0.06249, "memory": 12285, "transfer_time": 0.11259, "forward_time": 2.244, "loss_parse_time": 2.24414, "loss": [2.94599], "hm_loss": [0.0], "loc_loss": [0.78583], "loc_loss_elem": [[0.11403, 0.08881, 0.07779, 0.08001, 0.08934, 0.06992, 0.1349, 0.13103]], "num_positive": [76.6], "roi_reg_loss": [0.87299], "roi_cls_loss": [0.50133]}
{"mode": "train", "epoch": 1, "iter": 65, "lr": 5e-05, "time": 2.4388, "data_time": 0.05351, "memory": 12285, "transfer_time": 0.0976, "forward_time": 2.23773, "loss_parse_time": 2.23787, "loss": [2.94207], "hm_loss": [0.0], "loc_loss": [0.78094], "loc_loss_elem": [[0.1259, 0.09615, 0.08947, 0.07486, 0.08443, 0.0735, 0.13562, 0.10102]], "num_positive": [68.2], "roi_reg_loss": [0.92192], "roi_cls_loss": [0.45827]}
{"mode": "train", "epoch": 1, "iter": 70, "lr": 5e-05, "time": 2.46293, "data_time": 0.05904, "memory": 12285, "transfer_time": 0.10464, "forward_time": 2.26729, "loss_parse_time": 2.26744, "loss": [2.77017], "hm_loss": [0.0], "loc_loss": [0.7055], "loc_loss_elem": [[0.12051, 0.11336, 0.07844, 0.06342, 0.07722, 0.07, 0.09365, 0.08889]], "num_positive": [62.0], "roi_reg_loss": [0.94365], "roi_cls_loss": [0.41552]}
