{"mode": "train", "epoch": 1, "iter": 5, "lr": 5e-05, "time": 16.81705, "data_time": 10.25216, "memory": 8149, "transfer_time": 10.29268, "forward_time": 16.70281, "loss_parse_time": 16.70296, "loss": [3.01578], "hm_loss": [0.0], "loc_loss": [0.69821], "loc_loss_elem": [[0.14042, 0.09239, 0.09164, 0.06714, 0.09058, 0.07686, 0.0733, 0.06587]], "num_positive": [23.0], "roi_reg_loss": [0.92988], "roi_cls_loss": [0.68949]}
{"mode": "train", "epoch": 1, "iter": 10, "lr": 5e-05, "time": 9.12462, "data_time": 3.48774, "memory": 8149, "transfer_time": 3.52481, "forward_time": 9.01824, "loss_parse_time": 9.01838, "loss": [3.1343], "hm_loss": [0.0], "loc_loss": [0.84367], "loc_loss_elem": [[0.12238, 0.09114, 0.0765, 0.0802, 0.09719, 0.06314, 0.18885, 0.12428]], "num_positive": [52.4], "roi_reg_loss": [0.78532], "roi_cls_loss": [0.66164]}
{"mode": "train", "epoch": 1, "iter": 15, "lr": 5e-05, "time": 6.83059, "data_time": 1.03171, "memory": 8149, "transfer_time": 1.06967, "forward_time": 6.72131, "loss_parse_time": 6.72145, "loss": [2.95394], "hm_loss": [0.0], "loc_loss": [0.77199], "loc_loss_elem": [[0.10157, 0.10301, 0.08728, 0.08437, 0.08826, 0.072, 0.11946, 0.11604]], "num_positive": [35.0], "roi_reg_loss": [0.78931], "roi_cls_loss": [0.62065]}
{"mode": "train", "epoch": 1, "iter": 20, "lr": 5e-05, "time": 6.76561, "data_time": 1.11098, "memory": 8149, "transfer_time": 1.1476, "forward_time": 6.65526, "loss_parse_time": 6.6554, "loss": [3.22375], "hm_loss": [0.0], "loc_loss": [0.89797], "loc_loss_elem": [[0.11205, 0.09087, 0.08887, 0.09451, 0.09099, 0.07061, 0.20291, 0.14716]], "num_positive": [53.0], "roi_reg_loss": [0.80534], "roi_cls_loss": [0.62248]}
{"mode": "train", "epoch": 1, "iter": 25, "lr": 5e-05, "time": 7.20223, "data_time": 1.53546, "memory": 8149, "transfer_time": 1.57369, "forward_time": 7.09108, "loss_parse_time": 7.09123, "loss": [2.42444], "hm_loss": [0.0], "loc_loss": [0.55382], "loc_loss_elem": [[0.12586, 0.07972, 0.07371, 0.05855, 0.05875, 0.06228, 0.03897, 0.05598]], "num_positive": [24.0], "roi_reg_loss": [0.77776], "roi_cls_loss": [0.53904]}
{"mode": "train", "epoch": 1, "iter": 30, "lr": 5e-05, "time": 6.04105, "data_time": 0.38587, "memory": 8150, "transfer_time": 0.42414, "forward_time": 5.92645, "loss_parse_time": 5.92659, "loss": [3.09556], "hm_loss": [0.0], "loc_loss": [0.84071], "loc_loss_elem": [[0.11757, 0.095, 0.09797, 0.07196, 0.09451, 0.07532, 0.15586, 0.13251]], "num_positive": [42.2], "roi_reg_loss": [0.81705], "roi_cls_loss": [0.59709]}
