{"mode": "train", "epoch": 1, "iter": 5, "lr": 0.0003, "time": 4.89893, "data_time": 1.42795, "memory": 10551, "transfer_time": 1.47042, "forward_time": 4.69545, "loss_parse_time": 4.69559, "loss": [2.30215], "hm_loss": [0.35575], "loc_loss": [0.68506], "loc_loss_elem": [[0.12425, 0.09568, 0.08097, 0.06851, 0.07322, 0.06541, 0.11, 0.06702]], "num_positive": [45.8], "roi_reg_loss": [0.0], "roi_cls_loss": [0.57627]}
{"mode": "train", "epoch": 1, "iter": 10, "lr": 0.0003, "time": 3.43723, "data_time": 0.04961, "memory": 10577, "transfer_time": 0.09171, "forward_time": 3.24018, "loss_parse_time": 3.24031, "loss": [2.53801], "hm_loss": [0.26874], "loc_loss": [0.73129], "loc_loss_elem": [[0.10334, 0.08468, 0.06503, 0.07871, 0.08331, 0.05885, 0.13389, 0.12347]], "num_positive": [86.8], "roi_reg_loss": [0.32833], "roi_cls_loss": [0.47836]}
{"mode": "train", "epoch": 1, "iter": 15, "lr": 0.0003, "time": 3.45712, "data_time": 0.05481, "memory": 10587, "transfer_time": 0.09699, "forward_time": 3.25549, "loss_parse_time": 3.25562, "loss": [2.16855], "hm_loss": [0.35639], "loc_loss": [0.72098], "loc_loss_elem": [[0.09383, 0.09187, 0.08582, 0.07496, 0.07327, 0.06143, 0.11713, 0.12267]], "num_positive": [59.6], "roi_reg_loss": [0.0], "roi_cls_loss": [0.37019]}
