{"mode": "train", "epoch": 1, "iter": 5, "lr": 5e-05, "time": 19.17421, "data_time": 6.31494, "memory": 16165, "transfer_time": 6.40722, "forward_time": 18.95126, "loss_parse_time": 18.9514, "loss": [3.22446], "hm_loss": [0.0], "loc_loss": [0.85913], "loc_loss_elem": [[0.13112, 0.10409, 0.08264, 0.08676, 0.10182, 0.06915, 0.15068, 0.13287]], "num_positive": [68.2], "roi_reg_loss": [0.80282], "roi_cls_loss": [0.70338]}
{"mode": "train", "epoch": 1, "iter": 10, "lr": 5e-05, "time": 11.93195, "data_time": 0.09504, "memory": 16165, "transfer_time": 0.17491, "forward_time": 11.70992, "loss_parse_time": 11.71005, "loss": [3.26646], "hm_loss": [0.0], "loc_loss": [0.88072], "loc_loss_elem": [[0.1217, 0.09075, 0.08368, 0.09268, 0.10586, 0.07233, 0.15747, 0.15625]], "num_positive": [92.4], "roi_reg_loss": [0.84032], "roi_cls_loss": [0.6647]}
{"mode": "train", "epoch": 1, "iter": 15, "lr": 5e-05, "time": 11.8962, "data_time": 0.1008, "memory": 16165, "transfer_time": 0.18095, "forward_time": 11.67597, "loss_parse_time": 11.6761, "loss": [2.82916], "hm_loss": [0.0], "loc_loss": [0.71523], "loc_loss_elem": [[0.12872, 0.09618, 0.09079, 0.06343, 0.07909, 0.06395, 0.09834, 0.09472]], "num_positive": [80.0], "roi_reg_loss": [0.79596], "roi_cls_loss": [0.60275]}
