{"mode": "train", "epoch": 1, "iter": 5, "lr": 0.0003, "time": 4.93268, "data_time": 1.39995, "memory": 10294, "transfer_time": 1.44213, "forward_time": 4.77637, "loss_parse_time": 4.77651, "loss": [2665.9925], "hm_loss": [2663.96782], "loc_loss": [0.68485], "loc_loss_elem": [[0.12434, 0.09554, 0.07992, 0.06743, 0.07305, 0.06509, 0.11087, 0.06861]], "num_positive": [45.8], "roi_reg_loss": [0.09725], "roi_cls_loss": [0.55777]}
{"mode": "train", "epoch": 1, "iter": 10, "lr": 0.0003, "time": 3.50688, "data_time": 0.04993, "memory": 10320, "transfer_time": 0.09221, "forward_time": 3.35123, "loss_parse_time": 3.35137, "loss": [1311.76372], "hm_loss": [1309.50244], "loc_loss": [0.74217], "loc_loss_elem": [[0.10364, 0.0858, 0.06739, 0.07993, 0.08413, 0.05792, 0.13895, 0.12441]], "num_positive": [86.8], "roi_reg_loss": [0.32571], "roi_cls_loss": [0.45123]}
{"mode": "train", "epoch": 1, "iter": 15, "lr": 0.0003, "time": 3.51868, "data_time": 0.05363, "memory": 10330, "transfer_time": 0.09661, "forward_time": 3.36224, "loss_parse_time": 3.36237, "loss": [2416.75208], "hm_loss": [2414.52743], "loc_loss": [0.74451], "loc_loss_elem": [[0.09473, 0.09438, 0.087, 0.07782, 0.07385, 0.06228, 0.12617, 0.12829]], "num_positive": [59.6], "roi_reg_loss": [0.39344], "roi_cls_loss": [0.34218]}
{"mode": "train", "epoch": 1, "iter": 20, "lr": 0.0003, "time": 3.50764, "data_time": 0.05147, "memory": 10330, "transfer_time": 0.09327, "forward_time": 3.35827, "loss_parse_time": 3.3584, "loss": [1467.83834], "hm_loss": [1465.61165], "loc_loss": [0.77368], "loc_loss_elem": [[0.09926, 0.08353, 0.07639, 0.08669, 0.08236, 0.05841, 0.16361, 0.12345]], "num_positive": [85.4], "roi_reg_loss": [0.37659], "roi_cls_loss": [0.30278]}
{"mode": "train", "epoch": 1, "iter": 25, "lr": 0.0003, "time": 3.503, "data_time": 0.05204, "memory": 10330, "transfer_time": 0.09411, "forward_time": 3.34848, "loss_parse_time": 3.34862, "loss": [2765.28887], "hm_loss": [2763.79277], "loc_loss": [0.56429], "loc_loss_elem": [[0.1206, 0.09294, 0.07118, 0.05638, 0.06034, 0.06005, 0.04322, 0.05957]], "num_positive": [41.4], "roi_reg_loss": [0.10674], "roi_cls_loss": [0.26072]}
{"mode": "train", "epoch": 1, "iter": 30, "lr": 0.0003, "time": 3.53834, "data_time": 0.05618, "memory": 10331, "transfer_time": 0.10056, "forward_time": 3.38552, "loss_parse_time": 3.38566, "loss": [2126.71942], "hm_loss": [2124.99501], "loc_loss": [0.75427], "loc_loss_elem": [[0.10596, 0.09289, 0.08623, 0.07091, 0.08026, 0.06941, 0.12818, 0.12043]], "num_positive": [71.2], "roi_reg_loss": [0.0], "roi_cls_loss": [0.2159]}
{"mode": "train", "epoch": 1, "iter": 35, "lr": 0.0003, "time": 3.53758, "data_time": 0.05668, "memory": 10345, "transfer_time": 0.09667, "forward_time": 3.38341, "loss_parse_time": 3.38356, "loss": [1975.00688], "hm_loss": [1973.09072], "loc_loss": [0.75546], "loc_loss_elem": [[0.12297, 0.09264, 0.07888, 0.07924, 0.09101, 0.06102, 0.13397, 0.09572]], "num_positive": [60.6], "roi_reg_loss": [0.21525], "roi_cls_loss": [0.18998]}
