{"mode": "train", "epoch": 1, "iter": 5, "lr": 0.0003, "time": 5.08799, "data_time": 1.68305, "memory": 10294, "transfer_time": 1.73007, "forward_time": 4.93579, "loss_parse_time": 4.93592, "loss": [2.30679], "hm_loss": [0.36354], "loc_loss": [0.68173], "loc_loss_elem": [[0.12395, 0.09539, 0.0793, 0.06762, 0.07272, 0.06479, 0.11027, 0.06769]], "num_positive": [45.8], "roi_reg_loss": [0.0], "roi_cls_loss": [0.5798]}
