{"mode": "train", "epoch": 1, "iter": 5, "lr": 5e-05, "time": 6.57515, "data_time": 1.23661, "memory": 8147, "transfer_time": 1.27474, "forward_time": 6.49853, "loss_parse_time": 6.49866, "loss": [2.76934], "hm_loss": [0.0], "loc_loss": [0.99005], "loc_loss_elem": [[0.16433, 0.14125, 0.10225, 0.10491, 0.14415, 0.07427, 0.11536, 0.14353]], "num_positive": [11.8], "roi_reg_loss": [0.0], "roi_cls_loss": [0.78924]}
{"mode": "train", "epoch": 1, "iter": 10, "lr": 5e-05, "time": 5.40278, "data_time": 0.05762, "memory": 8147, "transfer_time": 0.09662, "forward_time": 5.32911, "loss_parse_time": 5.32924, "loss": [2.77411], "hm_loss": [0.0], "loc_loss": [0.98761], "loc_loss_elem": [[0.14314, 0.12113, 0.09375, 0.093, 0.12864, 0.07773, 0.19403, 0.1362]], "num_positive": [25.2], "roi_reg_loss": [0.0], "roi_cls_loss": [0.79889]}
{"mode": "train", "epoch": 1, "iter": 15, "lr": 5e-05, "time": 5.38794, "data_time": 0.05567, "memory": 8147, "transfer_time": 0.09554, "forward_time": 5.31759, "loss_parse_time": 5.31773, "loss": [2.88913], "hm_loss": [0.0], "loc_loss": [1.07734], "loc_loss_elem": [[0.13398, 0.13732, 0.10516, 0.12504, 0.15738, 0.08703, 0.18541, 0.146]], "num_positive": [20.6], "roi_reg_loss": [0.0], "roi_cls_loss": [0.73446]}
{"mode": "train", "epoch": 1, "iter": 20, "lr": 5e-05, "time": 5.3893, "data_time": 0.05792, "memory": 8147, "transfer_time": 0.09639, "forward_time": 5.31875, "loss_parse_time": 5.31887, "loss": [3.19914], "hm_loss": [0.0], "loc_loss": [1.21531], "loc_loss_elem": [[0.15162, 0.15247, 0.12549, 0.1112, 0.11981, 0.09302, 0.26786, 0.19384]], "num_positive": [25.8], "roi_reg_loss": [0.0], "roi_cls_loss": [0.76852]}
