{"mode": "train", "epoch": 1, "iter": 5, "lr": 0.0003, "time": 4.97042, "data_time": 1.42636, "memory": 10294, "transfer_time": 1.47041, "forward_time": 4.81992, "loss_parse_time": 4.82007, "loss": [2667.09502], "hm_loss": [2663.97092], "loc_loss": [0.68486], "loc_loss_elem": [[0.12434, 0.09555, 0.07991, 0.06743, 0.07306, 0.06509, 0.11088, 0.06861]], "num_positive": [45.8], "roi_reg_loss": [1.16164], "roi_cls_loss": [0.59278]}
{"mode": "train", "epoch": 1, "iter": 10, "lr": 0.0003, "time": 3.51504, "data_time": 0.05496, "memory": 10320, "transfer_time": 0.09875, "forward_time": 3.36044, "loss_parse_time": 3.36057, "loss": [1312.51953], "hm_loss": [1309.50281], "loc_loss": [0.74218], "loc_loss_elem": [[0.10364, 0.08581, 0.06739, 0.07993, 0.08413, 0.05792, 0.13896, 0.1244]], "num_positive": [86.8], "roi_reg_loss": [0.99115], "roi_cls_loss": [0.5412]}
