{"mode": "train", "epoch": 1, "iter": 5, "lr": 5e-05, "time": 19.3327, "data_time": 1.41915, "memory": 10649, "transfer_time": 1.50265, "forward_time": 18.96867, "loss_parse_time": 18.96881, "loss": [2.95458], "hm_loss": [0.0], "loc_loss": [0.60658], "loc_loss_elem": [[0.10316, 0.08867, 0.08126, 0.06088, 0.06187, 0.06604, 0.06151, 0.0832]], "num_positive": [178.8], "roi_reg_loss": [0.95724], "roi_cls_loss": [0.78418]}
{"mode": "train", "epoch": 1, "iter": 10, "lr": 5e-05, "time": 17.69915, "data_time": 0.07047, "memory": 10649, "transfer_time": 0.1485, "forward_time": 17.35338, "loss_parse_time": 17.35352, "loss": [2.81647], "hm_loss": [0.0], "loc_loss": [0.62915], "loc_loss_elem": [[0.10679, 0.08184, 0.08669, 0.05799, 0.0585, 0.08399, 0.07584, 0.0775]], "num_positive": [117.0], "roi_reg_loss": [0.9373], "roi_cls_loss": [0.62087]}
