{"mode": "train", "epoch": 1, "iter": 5, "lr": 5e-05, "time": 3.8945, "data_time": 1.2616, "memory": 8147, "transfer_time": 1.30155, "forward_time": 3.82214, "loss_parse_time": 3.82227, "loss": [2.76934], "hm_loss": [0.0], "loc_loss": [0.99005], "loc_loss_elem": [[0.16433, 0.14125, 0.10225, 0.10491, 0.14415, 0.07427, 0.11536, 0.14353]], "num_positive": [11.8], "roi_reg_loss": [0.0], "roi_cls_loss": [0.78924]}
{"mode": "train", "epoch": 1, "iter": 10, "lr": 5e-05, "time": 2.63509, "data_time": 0.05252, "memory": 8147, "transfer_time": 0.09193, "forward_time": 2.56679, "loss_parse_time": 2.56691, "loss": [2.77411], "hm_loss": [0.0], "loc_loss": [0.98761], "loc_loss_elem": [[0.14314, 0.12113, 0.09375, 0.093, 0.12864, 0.07773, 0.19403, 0.1362]], "num_positive": [25.2], "roi_reg_loss": [0.0], "roi_cls_loss": [0.79889]}
{"mode": "train", "epoch": 1, "iter": 15, "lr": 5e-05, "time": 2.66306, "data_time": 0.05949, "memory": 8147, "transfer_time": 0.09946, "forward_time": 2.58289, "loss_parse_time": 2.58303, "loss": [2.88913], "hm_loss": [0.0], "loc_loss": [1.07734], "loc_loss_elem": [[0.13398, 0.13732, 0.10516, 0.12504, 0.15738, 0.08703, 0.18541, 0.146]], "num_positive": [20.6], "roi_reg_loss": [0.0], "roi_cls_loss": [0.73446]}
{"mode": "train", "epoch": 1, "iter": 20, "lr": 5e-05, "time": 2.65054, "data_time": 0.05709, "memory": 8147, "transfer_time": 0.09659, "forward_time": 2.57774, "loss_parse_time": 2.57788, "loss": [3.19914], "hm_loss": [0.0], "loc_loss": [1.21531], "loc_loss_elem": [[0.15162, 0.15247, 0.12549, 0.1112, 0.11981, 0.09302, 0.26786, 0.19384]], "num_positive": [25.8], "roi_reg_loss": [0.0], "roi_cls_loss": [0.76853]}
{"mode": "train", "epoch": 1, "iter": 25, "lr": 5e-05, "time": 2.66998, "data_time": 0.0566, "memory": 8147, "transfer_time": 0.09708, "forward_time": 2.59592, "loss_parse_time": 2.59605, "loss": [2.29463], "hm_loss": [0.0], "loc_loss": [0.73196], "loc_loss_elem": [[0.1422, 0.12382, 0.08756, 0.06023, 0.07213, 0.06927, 0.116, 0.06074]], "num_positive": [15.2], "roi_reg_loss": [0.0], "roi_cls_loss": [0.83071]}
{"mode": "train", "epoch": 1, "iter": 30, "lr": 5e-05, "time": 2.67113, "data_time": 0.05616, "memory": 8147, "transfer_time": 0.0951, "forward_time": 2.59629, "loss_parse_time": 2.59642, "loss": [2.88266], "hm_loss": [0.0], "loc_loss": [1.05091], "loc_loss_elem": [[0.14942, 0.11512, 0.13526, 0.10433, 0.1674, 0.08741, 0.17709, 0.11488]], "num_positive": [20.8], "roi_reg_loss": [0.0], "roi_cls_loss": [0.78085]}
{"mode": "train", "epoch": 1, "iter": 35, "lr": 5e-05, "time": 2.67812, "data_time": 0.06025, "memory": 8147, "transfer_time": 0.09979, "forward_time": 2.60535, "loss_parse_time": 2.60548, "loss": [3.17589], "hm_loss": [0.0], "loc_loss": [1.20919], "loc_loss_elem": [[0.17876, 0.16902, 0.15306, 0.09873, 0.14716, 0.11559, 0.19667, 0.1502]], "num_positive": [19.2], "roi_reg_loss": [0.0], "roi_cls_loss": [0.7575]}
