{"mode": "train", "epoch": 1, "iter": 5, "lr": 0.0003, "time": 4.89839, "data_time": 1.38899, "memory": 10293, "transfer_time": 1.43624, "forward_time": 4.74148, "loss_parse_time": 4.74162, "loss": [2666.93062], "hm_loss": [2663.96799], "loc_loss": [0.68485], "loc_loss_elem": [[0.12434, 0.09554, 0.07991, 0.06743, 0.07305, 0.06508, 0.11087, 0.06861]], "num_positive": [45.8], "roi_reg_loss": [1.0384], "roi_cls_loss": [0.55452]}
{"mode": "train", "epoch": 1, "iter": 10, "lr": 0.0003, "time": 3.51524, "data_time": 0.05108, "memory": 10321, "transfer_time": 0.09418, "forward_time": 3.35819, "loss_parse_time": 3.35833, "loss": [1312.33704], "hm_loss": [1309.50217], "loc_loss": [0.74214], "loc_loss_elem": [[0.10363, 0.08581, 0.06739, 0.07993, 0.08412, 0.05792, 0.13896, 0.12438]], "num_positive": [86.8], "roi_reg_loss": [0.85974], "roi_cls_loss": [0.49082]}
{"mode": "train", "epoch": 1, "iter": 15, "lr": 0.0003, "time": 3.52733, "data_time": 0.06002, "memory": 10329, "transfer_time": 0.10242, "forward_time": 3.37856, "loss_parse_time": 3.37871, "loss": [2417.37382], "hm_loss": [2414.52751], "loc_loss": [0.74442], "loc_loss_elem": [[0.09472, 0.09438, 0.08698, 0.07781, 0.07384, 0.06227, 0.12614, 0.12828]], "num_positive": [59.6], "roi_reg_loss": [0.94115], "roi_cls_loss": [0.41629]}
{"mode": "train", "epoch": 1, "iter": 20, "lr": 0.0003, "time": 3.50359, "data_time": 0.0511, "memory": 10329, "transfer_time": 0.09369, "forward_time": 3.35636, "loss_parse_time": 3.3565, "loss": [1468.45034], "hm_loss": [1465.61123], "loc_loss": [0.77371], "loc_loss_elem": [[0.09925, 0.08353, 0.07639, 0.08668, 0.08236, 0.0584, 0.16366, 0.12344]], "num_positive": [85.4], "roi_reg_loss": [0.90361], "roi_cls_loss": [0.38808]}
{"mode": "train", "epoch": 1, "iter": 25, "lr": 0.0003, "time": 3.50973, "data_time": 0.05901, "memory": 10329, "transfer_time": 0.09948, "forward_time": 3.36025, "loss_parse_time": 3.36039, "loss": [2766.17949], "hm_loss": [2763.78506], "loc_loss": [0.56426], "loc_loss_elem": [[0.12059, 0.09294, 0.07118, 0.05638, 0.06034, 0.06004, 0.04323, 0.05956]], "num_positive": [41.4], "roi_reg_loss": [0.98177], "roi_cls_loss": [0.28416]}
{"mode": "train", "epoch": 1, "iter": 30, "lr": 0.0003, "time": 3.53362, "data_time": 0.06078, "memory": 10329, "transfer_time": 0.10293, "forward_time": 3.37872, "loss_parse_time": 3.37886, "loss": [2127.75459], "hm_loss": [2124.98918], "loc_loss": [0.75421], "loc_loss_elem": [[0.10597, 0.09289, 0.08622, 0.07091, 0.08025, 0.06941, 0.12816, 0.1204]], "num_positive": [71.2], "roi_reg_loss": [0.95212], "roi_cls_loss": [0.30494]}
