{"mode": "train", "epoch": 1, "iter": 5, "lr": 0.0003, "time": 4.23775, "data_time": 1.81091, "memory": 10521, "transfer_time": 1.85773, "forward_time": 4.05538, "loss_parse_time": 4.05554, "loss": [3.19441], "hm_loss": [0.0], "loc_loss": [0.68066], "loc_loss_elem": [[0.12382, 0.09547, 0.07932, 0.06758, 0.07249, 0.06497, 0.10951, 0.0675]], "num_positive": [45.8], "roi_reg_loss": [0.87091], "roi_cls_loss": [0.96219]}
{"mode": "train", "epoch": 1, "iter": 10, "lr": 0.0003, "time": 2.36525, "data_time": 0.06243, "memory": 10547, "transfer_time": 0.10969, "forward_time": 2.18466, "loss_parse_time": 2.18481, "loss": [2.9617], "hm_loss": [0.0], "loc_loss": [0.7345], "loc_loss_elem": [[0.10305, 0.08551, 0.06651, 0.07928, 0.08326, 0.05781, 0.13507, 0.12402]], "num_positive": [86.8], "roi_reg_loss": [0.78421], "roi_cls_loss": [0.70849]}
{"mode": "train", "epoch": 1, "iter": 15, "lr": 0.0003, "time": 2.38508, "data_time": 0.05666, "memory": 10556, "transfer_time": 0.10292, "forward_time": 2.20241, "loss_parse_time": 2.20256, "loss": [2.82017], "hm_loss": [0.0], "loc_loss": [0.71937], "loc_loss_elem": [[0.09424, 0.09351, 0.0859, 0.07513, 0.07205, 0.06098, 0.11571, 0.12185]], "num_positive": [59.6], "roi_reg_loss": [0.87912], "roi_cls_loss": [0.50231]}
