{"mode": "train", "epoch": 1, "iter": 5, "lr": 0.0003, "time": 3.86789, "data_time": 1.44422, "memory": 11412, "transfer_time": 1.48823, "forward_time": 3.67768, "loss_parse_time": 3.67783, "loss": [3.64574], "hm_loss": [0.3638], "loc_loss": [0.68114], "loc_loss_elem": [[0.12396, 0.09544, 0.07923, 0.06762, 0.07271, 0.0648, 0.10975, 0.06763]], "num_positive": [45.8], "roi_reg_loss": [1.33019], "roi_cls_loss": [0.58946]}
{"mode": "train", "epoch": 1, "iter": 10, "lr": 0.0003, "time": 2.40539, "data_time": 0.0456, "memory": 11440, "transfer_time": 0.08699, "forward_time": 2.21307, "loss_parse_time": 2.21321, "loss": [3.32365], "hm_loss": [0.27365], "loc_loss": [0.72762], "loc_loss_elem": [[0.1032, 0.08535, 0.06627, 0.07919, 0.0826, 0.05758, 0.13018, 0.12325]], "num_positive": [86.8], "roi_reg_loss": [1.16669], "roi_cls_loss": [0.42806]}
{"mode": "train", "epoch": 1, "iter": 15, "lr": 0.0003, "time": 2.4008, "data_time": 0.05612, "memory": 11448, "transfer_time": 0.09744, "forward_time": 2.21551, "loss_parse_time": 2.21566, "loss": [3.56909], "hm_loss": [0.37477], "loc_loss": [0.72383], "loc_loss_elem": [[0.094, 0.09334, 0.08577, 0.07518, 0.07239, 0.06071, 0.11845, 0.12399]], "num_positive": [59.6], "roi_reg_loss": [1.4408], "roi_cls_loss": [0.30586]}
{"mode": "train", "epoch": 1, "iter": 20, "lr": 0.0003, "time": 2.39078, "data_time": 0.05721, "memory": 11448, "transfer_time": 0.10051, "forward_time": 2.20251, "loss_parse_time": 2.20267, "loss": [2.95911], "hm_loss": [0.27095], "loc_loss": [0.74573], "loc_loss_elem": [[0.09753, 0.08159, 0.07557, 0.08476, 0.08119, 0.05653, 0.15491, 0.11364]], "num_positive": [85.4], "roi_reg_loss": [0.94854], "roi_cls_loss": [0.24816]}
{"mode": "train", "epoch": 1, "iter": 25, "lr": 0.0003, "time": 2.36925, "data_time": 0.05522, "memory": 11448, "transfer_time": 0.09659, "forward_time": 2.18617, "loss_parse_time": 2.18631, "loss": [2.76546], "hm_loss": [0.28028], "loc_loss": [0.54979], "loc_loss_elem": [[0.11767, 0.09184, 0.06965, 0.05489, 0.0586, 0.05889, 0.03854, 0.05971]], "num_positive": [41.4], "roi_reg_loss": [1.19998], "roi_cls_loss": [0.18561]}
{"mode": "train", "epoch": 1, "iter": 30, "lr": 0.0003, "time": 2.44063, "data_time": 0.05288, "memory": 11448, "transfer_time": 0.09509, "forward_time": 2.25231, "loss_parse_time": 2.25245, "loss": [3.27146], "hm_loss": [0.36928], "loc_loss": [0.73859], "loc_loss_elem": [[0.10546, 0.08991, 0.07589, 0.07188, 0.08032, 0.06804, 0.13015, 0.11696]], "num_positive": [71.2], "roi_reg_loss": [1.27166], "roi_cls_loss": [0.15333]}
{"mode": "train", "epoch": 1, "iter": 35, "lr": 0.0003, "time": 2.4248, "data_time": 0.05715, "memory": 11465, "transfer_time": 0.10095, "forward_time": 2.23845, "loss_parse_time": 2.23859, "loss": [3.10643], "hm_loss": [0.34723], "loc_loss": [0.72969], "loc_loss_elem": [[0.12103, 0.09153, 0.07656, 0.07764, 0.08706, 0.05853, 0.12688, 0.09047]], "num_positive": [60.6], "roi_reg_loss": [1.15402], "roi_cls_loss": [0.14579]}
{"mode": "train", "epoch": 1, "iter": 40, "lr": 0.0003, "time": 2.43317, "data_time": 0.05045, "memory": 11494, "transfer_time": 0.09335, "forward_time": 2.24451, "loss_parse_time": 2.24465, "loss": [3.05452], "hm_loss": [0.28169], "loc_loss": [0.73237], "loc_loss_elem": [[0.10837, 0.09129, 0.0715, 0.07, 0.08272, 0.06371, 0.12122, 0.12357]], "num_positive": [67.2], "roi_reg_loss": [1.20109], "roi_cls_loss": [0.10699]}
{"mode": "train", "epoch": 1, "iter": 45, "lr": 0.0003, "time": 2.4238, "data_time": 0.05625, "memory": 11509, "transfer_time": 0.09901, "forward_time": 2.2412, "loss_parse_time": 2.24134, "loss": [3.29782], "hm_loss": [0.2375], "loc_loss": [0.71166], "loc_loss_elem": [[0.10991, 0.09067, 0.07068, 0.07667, 0.07367, 0.06692, 0.11214, 0.11099]], "num_positive": [90.8], "roi_reg_loss": [1.5454], "roi_cls_loss": [0.0916]}
{"mode": "train", "epoch": 1, "iter": 50, "lr": 0.0003, "time": 2.429, "data_time": 0.0518, "memory": 11509, "transfer_time": 0.09551, "forward_time": 2.24366, "loss_parse_time": 2.24381, "loss": [2.92086], "hm_loss": [0.27431], "loc_loss": [0.74139], "loc_loss_elem": [[0.10798, 0.08582, 0.07189, 0.07237, 0.08799, 0.06234, 0.12017, 0.13283]], "num_positive": [65.2], "roi_reg_loss": [1.08417], "roi_cls_loss": [0.07961]}
{"mode": "train", "epoch": 1, "iter": 55, "lr": 0.0003, "time": 2.4358, "data_time": 0.05363, "memory": 11509, "transfer_time": 0.09502, "forward_time": 2.25307, "loss_parse_time": 2.2532, "loss": [3.68577], "hm_loss": [0.33953], "loc_loss": [0.92571], "loc_loss_elem": [[0.1255, 0.09987, 0.0961, 0.07679, 0.07675, 0.07763, 0.20289, 0.17016]], "num_positive": [92.2], "roi_reg_loss": [1.41096], "roi_cls_loss": [0.08386]}
{"mode": "train", "epoch": 1, "iter": 60, "lr": 0.0003, "time": 2.42219, "data_time": 0.05904, "memory": 11509, "transfer_time": 0.10107, "forward_time": 2.23663, "loss_parse_time": 2.23677, "loss": [2.53637], "hm_loss": [0.2644], "loc_loss": [0.7107], "loc_loss_elem": [[0.09974, 0.08516, 0.06959, 0.07287, 0.08371, 0.05928, 0.13314, 0.1072]], "num_positive": [65.4], "roi_reg_loss": [0.78509], "roi_cls_loss": [0.06548]}
{"mode": "train", "epoch": 1, "iter": 65, "lr": 0.0003, "time": 2.41808, "data_time": 0.05409, "memory": 11509, "transfer_time": 0.09729, "forward_time": 2.23333, "loss_parse_time": 2.23348, "loss": [2.96328], "hm_loss": [0.27179], "loc_loss": [0.68289], "loc_loss_elem": [[0.11546, 0.08656, 0.07596, 0.06419, 0.07449, 0.06131, 0.10124, 0.10368]], "num_positive": [62.2], "roi_reg_loss": [1.26372], "roi_cls_loss": [0.062]}
{"mode": "train", "epoch": 1, "iter": 70, "lr": 0.0003, "time": 2.43243, "data_time": 0.05922, "memory": 11510, "transfer_time": 0.10194, "forward_time": 2.24579, "loss_parse_time": 2.24594, "loss": [3.00285], "hm_loss": [0.34757], "loc_loss": [0.73558], "loc_loss_elem": [[0.11049, 0.09205, 0.08965, 0.06876, 0.0754, 0.06469, 0.11799, 0.11654]], "num_positive": [61.6], "roi_reg_loss": [1.13273], "roi_cls_loss": [0.05139]}
{"mode": "train", "epoch": 1, "iter": 75, "lr": 0.0003, "time": 2.43569, "data_time": 0.0613, "memory": 11510, "transfer_time": 0.10291, "forward_time": 2.24758, "loss_parse_time": 2.24772, "loss": [2.99766], "hm_loss": [0.28818], "loc_loss": [0.63404], "loc_loss_elem": [[0.11577, 0.08916, 0.08604, 0.07069, 0.06843, 0.06622, 0.07664, 0.06108]], "num_positive": [64.0], "roi_reg_loss": [1.38706], "roi_cls_loss": [0.05434]}
{"mode": "train", "epoch": 1, "iter": 80, "lr": 0.0003, "time": 2.41965, "data_time": 0.05345, "memory": 11510, "transfer_time": 0.09615, "forward_time": 2.23403, "loss_parse_time": 2.23417, "loss": [2.57467], "hm_loss": [0.28595], "loc_loss": [0.58685], "loc_loss_elem": [[0.10514, 0.08411, 0.07362, 0.06226, 0.07306, 0.0584, 0.06181, 0.06845]], "num_positive": [42.6], "roi_reg_loss": [1.06872], "roi_cls_loss": [0.0463]}
