{"mode": "train", "epoch": 1, "iter": 5, "lr": 5e-05, "time": 5.25801, "data_time": 1.4252, "memory": 11649, "transfer_time": 1.46781, "forward_time": 5.0852, "loss_parse_time": 5.08533, "loss": [2.99597], "hm_loss": [0.0], "loc_loss": [0.69844], "loc_loss_elem": [[0.14046, 0.09225, 0.09179, 0.06733, 0.09055, 0.07691, 0.07329, 0.06586]], "num_positive": [23.0], "roi_reg_loss": [0.92488], "roi_cls_loss": [0.67421]}
{"mode": "train", "epoch": 1, "iter": 10, "lr": 5e-05, "time": 3.87375, "data_time": 0.05621, "memory": 11678, "transfer_time": 0.09674, "forward_time": 3.71038, "loss_parse_time": 3.71051, "loss": [3.11807], "hm_loss": [0.0], "loc_loss": [0.84257], "loc_loss_elem": [[0.12239, 0.0911, 0.07641, 0.07994, 0.09703, 0.06317, 0.18904, 0.1235]], "num_positive": [52.4], "roi_reg_loss": [0.78585], "roi_cls_loss": [0.64707]}
{"mode": "train", "epoch": 1, "iter": 15, "lr": 5e-05, "time": 3.87816, "data_time": 0.06567, "memory": 11678, "transfer_time": 0.10608, "forward_time": 3.71365, "loss_parse_time": 3.71378, "loss": [2.94404], "hm_loss": [0.0], "loc_loss": [0.77216], "loc_loss_elem": [[0.10178, 0.10303, 0.08727, 0.08443, 0.08831, 0.07199, 0.11916, 0.11618]], "num_positive": [35.0], "roi_reg_loss": [0.78682], "roi_cls_loss": [0.61291]}
{"mode": "train", "epoch": 1, "iter": 20, "lr": 5e-05, "time": 3.86308, "data_time": 0.06253, "memory": 11678, "transfer_time": 0.10348, "forward_time": 3.70288, "loss_parse_time": 3.70302, "loss": [3.23647], "hm_loss": [0.0], "loc_loss": [0.89665], "loc_loss_elem": [[0.11254, 0.09129, 0.08915, 0.09434, 0.09127, 0.0705, 0.20071, 0.14685]], "num_positive": [53.0], "roi_reg_loss": [0.80675], "roi_cls_loss": [0.63642]}
{"mode": "train", "epoch": 1, "iter": 25, "lr": 5e-05, "time": 3.889, "data_time": 0.06313, "memory": 11678, "transfer_time": 0.10413, "forward_time": 3.72456, "loss_parse_time": 3.72469, "loss": [2.43383], "hm_loss": [0.0], "loc_loss": [0.5523], "loc_loss_elem": [[0.12512, 0.07949, 0.0736, 0.05857, 0.05841, 0.06199, 0.03902, 0.05611]], "num_positive": [24.0], "roi_reg_loss": [0.77961], "roi_cls_loss": [0.54961]}
{"mode": "train", "epoch": 1, "iter": 30, "lr": 5e-05, "time": 3.85957, "data_time": 0.05009, "memory": 11678, "transfer_time": 0.08945, "forward_time": 3.69706, "loss_parse_time": 3.69719, "loss": [3.11637], "hm_loss": [0.0], "loc_loss": [0.8408], "loc_loss_elem": [[0.11811, 0.09516, 0.0978, 0.07202, 0.09466, 0.07532, 0.15561, 0.13212]], "num_positive": [42.2], "roi_reg_loss": [0.80387], "roi_cls_loss": [0.63089]}
{"mode": "train", "epoch": 1, "iter": 35, "lr": 5e-05, "time": 3.84063, "data_time": 0.05861, "memory": 11678, "transfer_time": 0.10085, "forward_time": 3.67469, "loss_parse_time": 3.67482, "loss": [3.01877], "hm_loss": [0.0], "loc_loss": [0.80374], "loc_loss_elem": [[0.14794, 0.09945, 0.08652, 0.08256, 0.102, 0.0656, 0.12595, 0.09372]], "num_positive": [33.2], "roi_reg_loss": [0.82006], "roi_cls_loss": [0.59123]}
{"mode": "train", "epoch": 1, "iter": 40, "lr": 5e-05, "time": 3.85437, "data_time": 0.04909, "memory": 11698, "transfer_time": 0.08736, "forward_time": 3.69333, "loss_parse_time": 3.69345, "loss": [2.95413], "hm_loss": [0.0], "loc_loss": [0.83576], "loc_loss_elem": [[0.12827, 0.09938, 0.08785, 0.07191, 0.09861, 0.0768, 0.14339, 0.12956]], "num_positive": [37.6], "roi_reg_loss": [0.73491], "roi_cls_loss": [0.5477]}
{"mode": "train", "epoch": 1, "iter": 45, "lr": 5e-05, "time": 3.88011, "data_time": 0.0621, "memory": 11698, "transfer_time": 0.10252, "forward_time": 3.71472, "loss_parse_time": 3.71485, "loss": [2.99433], "hm_loss": [0.0], "loc_loss": [0.78045], "loc_loss_elem": [[0.12775, 0.08667, 0.08743, 0.07366, 0.08233, 0.07635, 0.10943, 0.13683]], "num_positive": [45.2], "roi_reg_loss": [0.77701], "roi_cls_loss": [0.65641]}
{"mode": "train", "epoch": 1, "iter": 50, "lr": 5e-05, "time": 3.90098, "data_time": 0.06018, "memory": 11698, "transfer_time": 0.10019, "forward_time": 3.7395, "loss_parse_time": 3.73963, "loss": [3.26518], "hm_loss": [0.0], "loc_loss": [0.90744], "loc_loss_elem": [[0.12439, 0.10195, 0.10244, 0.07803, 0.11026, 0.07337, 0.19339, 0.1236]], "num_positive": [41.6], "roi_reg_loss": [0.78405], "roi_cls_loss": [0.66626]}
{"mode": "train", "epoch": 1, "iter": 55, "lr": 5e-05, "time": 3.9261, "data_time": 0.05747, "memory": 11698, "transfer_time": 0.1012, "forward_time": 3.75719, "loss_parse_time": 3.75732, "loss": [3.32188], "hm_loss": [0.0], "loc_loss": [0.8762], "loc_loss_elem": [[0.14389, 0.10876, 0.0861, 0.08609, 0.0956, 0.07161, 0.14123, 0.14292]], "num_positive": [48.4], "roi_reg_loss": [0.78704], "roi_cls_loss": [0.78244]}
{"mode": "train", "epoch": 1, "iter": 60, "lr": 5e-05, "time": 3.90708, "data_time": 0.06603, "memory": 11698, "transfer_time": 0.10518, "forward_time": 3.73988, "loss_parse_time": 3.74001, "loss": [2.92649], "hm_loss": [0.0], "loc_loss": [0.77233], "loc_loss_elem": [[0.11854, 0.08853, 0.07298, 0.07483, 0.08789, 0.06589, 0.17011, 0.09357]], "num_positive": [41.4], "roi_reg_loss": [0.6945], "roi_cls_loss": [0.68732]}
{"mode": "train", "epoch": 1, "iter": 65, "lr": 5e-05, "time": 3.87972, "data_time": 0.05758, "memory": 11698, "transfer_time": 0.09809, "forward_time": 3.71481, "loss_parse_time": 3.71495, "loss": [3.13797], "hm_loss": [0.0], "loc_loss": [0.76443], "loc_loss_elem": [[0.12729, 0.09778, 0.0889, 0.07148, 0.08911, 0.0715, 0.12129, 0.09708]], "num_positive": [45.2], "roi_reg_loss": [0.77208], "roi_cls_loss": [0.83702]}
{"mode": "train", "epoch": 1, "iter": 70, "lr": 5e-05, "time": 3.87354, "data_time": 0.05976, "memory": 11698, "transfer_time": 0.09994, "forward_time": 3.71196, "loss_parse_time": 3.7121, "loss": [2.9246], "hm_loss": [0.0], "loc_loss": [0.71298], "loc_loss_elem": [[0.12378, 0.08442, 0.08729, 0.0599, 0.08229, 0.06855, 0.12548, 0.08128]], "num_positive": [34.4], "roi_reg_loss": [0.79806], "roi_cls_loss": [0.70058]}
{"mode": "train", "epoch": 1, "iter": 75, "lr": 5e-05, "time": 3.91969, "data_time": 0.0944, "memory": 11698, "transfer_time": 0.13671, "forward_time": 3.75572, "loss_parse_time": 3.75586, "loss": [2.96871], "hm_loss": [0.0], "loc_loss": [0.75269], "loc_loss_elem": [[0.12667, 0.10459, 0.10925, 0.07152, 0.06514, 0.077, 0.10796, 0.09055]], "num_positive": [41.2], "roi_reg_loss": [0.7868], "roi_cls_loss": [0.67653]}
{"mode": "train", "epoch": 1, "iter": 80, "lr": 5e-05, "time": 3.88479, "data_time": 0.06175, "memory": 11698, "transfer_time": 0.10214, "forward_time": 3.71962, "loss_parse_time": 3.71975, "loss": [2.84813], "hm_loss": [0.0], "loc_loss": [0.68841], "loc_loss_elem": [[0.12501, 0.09709, 0.09796, 0.06687, 0.08362, 0.07466, 0.07898, 0.06422]], "num_positive": [27.4], "roi_reg_loss": [0.79618], "roi_cls_loss": [0.67513]}
{"mode": "train", "epoch": 1, "iter": 85, "lr": 5e-05, "time": 3.87523, "data_time": 0.05866, "memory": 11698, "transfer_time": 0.09859, "forward_time": 3.70823, "loss_parse_time": 3.70838, "loss": [2.8245], "hm_loss": [0.0], "loc_loss": [0.80039], "loc_loss_elem": [[0.13306, 0.09001, 0.08814, 0.06865, 0.09144, 0.06889, 0.13374, 0.12645]], "num_positive": [35.6], "roi_reg_loss": [0.72149], "roi_cls_loss": [0.50222]}
{"mode": "train", "epoch": 1, "iter": 90, "lr": 5e-05, "time": 3.88742, "data_time": 0.06357, "memory": 11698, "transfer_time": 0.10262, "forward_time": 3.72502, "loss_parse_time": 3.72516, "loss": [2.73918], "hm_loss": [0.0], "loc_loss": [0.70497], "loc_loss_elem": [[0.11126, 0.09843, 0.09019, 0.06462, 0.06685, 0.07607, 0.08418, 0.11337]], "num_positive": [34.2], "roi_reg_loss": [0.72294], "roi_cls_loss": [0.60629]}
{"mode": "train", "epoch": 1, "iter": 95, "lr": 5e-05, "time": 3.86737, "data_time": 0.04673, "memory": 11698, "transfer_time": 0.08613, "forward_time": 3.70702, "loss_parse_time": 3.70716, "loss": [3.34497], "hm_loss": [0.0], "loc_loss": [0.82087], "loc_loss_elem": [[0.11894, 0.09549, 0.07883, 0.08753, 0.07795, 0.07465, 0.18443, 0.10306]], "num_positive": [42.0], "roi_reg_loss": [0.74471], "roi_cls_loss": [0.95852]}
{"mode": "train", "epoch": 1,