{"mode": "train", "epoch": 1, "iter": 5, "lr": 0.0003, "time": 4.8646, "data_time": 1.43029, "memory": 10544, "transfer_time": 1.4747, "forward_time": 4.67788, "loss_parse_time": 4.67801, "loss": [2.30548], "hm_loss": [0.36354], "loc_loss": [0.68173], "loc_loss_elem": [[0.12395, 0.09539, 0.0793, 0.06762, 0.07272, 0.06479, 0.11027, 0.06769]], "num_positive": [45.8], "roi_reg_loss": [0.0], "roi_cls_loss": [0.57848]}
{"mode": "train", "epoch": 1, "iter": 10, "lr": 0.0003, "time": 3.42191, "data_time": 0.0533, "memory": 10570, "transfer_time": 0.09518, "forward_time": 3.23717, "loss_parse_time": 3.2373, "loss": [2.53606], "hm_loss": [0.27318], "loc_loss": [0.73024], "loc_loss_elem": [[0.10313, 0.08537, 0.06632, 0.07913, 0.08281, 0.0576, 0.13108, 0.1248]], "num_positive": [86.8], "roi_reg_loss": [0.32901], "roi_cls_loss": [0.47338]}
{"mode": "train", "epoch": 1, "iter": 15, "lr": 0.0003, "time": 3.42767, "data_time": 0.05293, "memory": 10579, "transfer_time": 0.09494, "forward_time": 3.24361, "loss_parse_time": 3.24375, "loss": [2.28434], "hm_loss": [0.37455], "loc_loss": [0.72367], "loc_loss_elem": [[0.09378, 0.09338, 0.08563, 0.07508, 0.07233, 0.06072, 0.11911, 0.12363]], "num_positive": [59.6], "roi_reg_loss": [0.09888], "roi_cls_loss": [0.36357]}
{"mode": "train", "epoch": 1, "iter": 20, "lr": 0.0003, "time": 3.44111, "data_time": 0.05321, "memory": 10579, "transfer_time": 0.09567, "forward_time": 3.2574, "loss_parse_time": 3.25753, "loss": [2.4851], "hm_loss": [0.26999], "loc_loss": [0.74542], "loc_loss_elem": [[0.09746, 0.0814, 0.07567, 0.08455, 0.08147, 0.05658, 0.15457, 0.11373]], "num_positive": [85.4], "roi_reg_loss": [0.41834], "roi_cls_loss": [0.30593]}
{"mode": "train", "epoch": 1, "iter": 25, "lr": 0.0003, "time": 3.44632, "data_time": 0.05493, "memory": 10579, "transfer_time": 0.0966, "forward_time": 3.26354, "loss_parse_time": 3.26367, "loss": [1.62013], "hm_loss": [0.27887], "loc_loss": [0.54956], "loc_loss_elem": [[0.1176, 0.09178, 0.06961, 0.0549, 0.05865, 0.05891, 0.0386, 0.05952]], "num_positive": [41.4], "roi_reg_loss": [0.0], "roi_cls_loss": [0.24215]}
{"mode": "train", "epoch": 1, "iter": 30, "lr": 0.0003, "time": 3.44304, "data_time": 0.05089, "memory": 10579, "transfer_time": 0.09461, "forward_time": 3.25884, "loss_parse_time": 3.25897, "loss": [2.38225], "hm_loss": [0.36959], "loc_loss": [0.73865], "loc_loss_elem": [[0.10533, 0.08984, 0.07545, 0.07193, 0.08049, 0.06804, 0.1305, 0.11707]], "num_positive": [71.2], "roi_reg_loss": [0.33333], "roi_cls_loss": [0.20204]}
{"mode": "train", "epoch": 1, "iter": 35, "lr": 0.0003, "time": 3.44107, "data_time": 0.0547, "memory": 10594, "transfer_time": 0.09872, "forward_time": 3.25667, "loss_parse_time": 3.2568, "loss": [2.09298], "hm_loss": [0.3486], "loc_loss": [0.7286], "loc_loss_elem": [[0.12111, 0.09148, 0.07643, 0.07742, 0.08686, 0.05847, 0.12634, 0.0905]], "num_positive": [60.6], "roi_reg_loss": [0.12902], "roi_cls_loss": [0.15815]}
{"mode": "train", "epoch": 1, "iter": 40, "lr": 0.0003, "time": 3.45277, "data_time": 0.05641, "memory": 10623, "transfer_time": 0.10063, "forward_time": 3.26607, "loss_parse_time": 3.26621, "loss": [2.47183], "hm_loss": [0.28157], "loc_loss": [0.73103], "loc_loss_elem": [[0.10849, 0.09128, 0.07156, 0.06992, 0.08263, 0.06387, 0.12029, 0.12299]], "num_positive": [67.2], "roi_reg_loss": [0.5919], "roi_cls_loss": [0.1363]}
{"mode": "train", "epoch": 1, "iter": 45, "lr": 0.0003, "time": 3.4502, "data_time": 0.04967, "memory": 10641, "transfer_time": 0.09143, "forward_time": 3.2656, "loss_parse_time": 3.26573, "loss": [1.76595], "hm_loss": [0.23712], "loc_loss": [0.71085], "loc_loss_elem": [[0.10978, 0.09065, 0.07062, 0.07647, 0.07358, 0.06697, 0.1121, 0.11069]], "num_positive": [90.8], "roi_reg_loss": [0.0], "roi_cls_loss": [0.10714]}
{"mode": "train", "epoch": 1, "iter": 50, "lr": 0.0003, "time": 3.45133, "data_time": 0.04722, "memory": 10641, "transfer_time": 0.08742, "forward_time": 3.2637, "loss_parse_time": 3.26383, "loss": [2.16101], "hm_loss": [0.2744], "loc_loss": [0.7419], "loc_loss_elem": [[0.10792, 0.08585, 0.07201, 0.07239, 0.08808, 0.06239, 0.11883, 0.13444]], "num_positive": [65.2], "roi_reg_loss": [0.30861], "roi_cls_loss": [0.0942]}
{"mode": "train", "epoch": 1, "iter": 55, "lr": 0.0003, "time": 3.45713, "data_time": 0.05417, "memory": 10641, "transfer_time": 0.09491, "forward_time": 3.2767, "loss_parse_time": 3.27683, "loss": [2.58567], "hm_loss": [0.34039], "loc_loss": [0.923], "loc_loss_elem": [[0.12532, 0.09985, 0.09617, 0.07664, 0.07645, 0.07753, 0.2029, 0.16815]], "num_positive": [92.2], "roi_reg_loss": [0.32015], "roi_cls_loss": [0.07912]}
{"mode": "train", "epoch": 1, "iter": 60, "lr": 0.0003, "time": 3.45436, "data_time": 0.057, "memory": 10641, "transfer_time": 0.10097, "forward_time": 3.26871, "loss_parse_time": 3.26884, "loss": [2.11476], "hm_loss": [0.2655], "loc_loss": [0.71326], "loc_loss_elem": [[0.09984, 0.08505, 0.06966, 0.07272, 0.08379, 0.05938, 0.13526, 0.10756]], "num_positive": [65.4], "roi_reg_loss": [0.34667], "roi_cls_loss": [0.07607]}
{"mode": "train", "epoch": 1, "iter": 65, "lr": 0.0003, "time": 3.47009, "data_time": 0.05126, "memory": 10641, "transfer_time": 0.09377, "forward_time": 3.28511, "loss_parse_time": 3.28524, "loss": [1.80539], "hm_loss": [0.27098], "loc_loss": [0.68327], "loc_loss_elem": [[0.11541, 0.08654, 0.07611, 0.06419, 0.07444, 0.06133, 0.10094, 0.10431]], "num_positive": [62.2], "roi_reg_loss": [0.11247], "roi_cls_loss": [0.05538]}
{"mode": "train", "epoch": 1, "iter": 70, "lr": 0.0003, "time": 3.44586, "data_time": 0.06416, "memory": 10641, "transfer_time": 0.10566, "forward_time": 3.26203, "loss_parse_time": 3.26217, "loss": [2.03594], "hm_loss": [0.34868], "loc_loss": [0.73373], "loc_loss_elem": [[0.11015, 0.09177, 0.08951, 0.06854, 0.07527, 0.06466, 0.11771, 0.11613]], "num_positive": [61.6], "roi_reg_loss": [0.16922], "roi_cls_loss": [0.05059]}
{"mode": "train", "epoch": 1, "iter": 75, "lr": 0.0003, "time": 3.45277, "data_time": 0.05773, "memory": 10641, "transfer_time": 0.10029, "forward_time": 3.26859, "loss_parse_time": 3.26872, "loss": [1.78088], "hm_loss": [0.28966], "loc_loss": [0.63386], "loc_loss_elem": [[0.11577, 0.08908, 0.08615, 0.07057, 0.06843, 0.06645, 0.07637, 0.06104]], "num_positive": [64.0], "roi_reg_loss": [0.17638], "roi_cls_loss": [0.04713]}
{"mode": "train", "epoch": 1, "iter": 80, "lr": 0.0003, "time": 3.45974, "data_time": 0.05774, "memory": 10641, "transfer_time": 0.10154, "forward_time": 3.26872, "loss_parse_time": 3.26885, "loss": [1.49314], "hm_loss": [0.2844], "loc_loss": [0.58335], "loc_loss_elem": [[0.10524, 0.08343, 0.07328, 0.0622, 0.07152, 0.0585, 0.06085, 0.06834]], "num_positive": [42.6], "roi_reg_loss": [0.0], "roi_cls_loss": [0.04204]}
{"mode": "train", "epoch": 1, "iter": 85, "lr": 0.0003, "time": 3.45574, "data_time": 0.05014, "memory": 10641, "transfer_time": 0.09056, "forward_time": 3.27451, "loss_parse_time": 3.27464, "loss": [1.74858], "hm_loss": [0.29949], "loc_loss": [0.65281], "loc_loss_elem": [[0.11085, 0.07821, 0.07051, 0.06199, 0.07481, 0.06099, 0.08801, 0.10743]], "num_positive": [62.8], "roi_reg_loss": [0.10358], "roi_cls_loss": [0.03987]}
{"mode": "train", "epoch": 1, "iter": 90, "lr": 0.0003, "time": 3.45665, "data_time": 0.05538, "memory": 10641, "transfer_time": 0.09488, "forward_time": 3.27556, "loss_parse_time": 3.27569, "loss": [1.67664], "hm_loss": [0.28937], "loc_loss": [0.64385], "loc_loss_elem": [[0.11361, 0.10043, 0.07578, 0.06533, 0.06804, 0.07089, 0.0699, 0.07988]], "num_positive": [59.8], "roi_reg_loss": [0.06785], "roi_cls_loss": [0.03173]}
{"mode": "train", "epoch": 1, "iter": 95, "lr": 0.0003, "time": 3.44614, "data_time": 0.0611, "memory": 10641, "transfer_time": 0.10303, "forward_time": 3.26626, "loss_parse_time": 3.26639, "loss": [1.67183], "hm_loss": [0.27979], "loc_loss": [0.68002], "loc_loss_elem": [[0.10379, 0.09091, 0.07112, 0.07687, 0.07651, 0.06437, 0.10521, 0.09124]], "num_positive": [75.6],