{"mode": "train", "epoch": 1, "iter": 5, "lr": 0.0003, "time": 2.59982, "data_time": 1.50371, "memory": 8604, "transfer_time": 1.52376, "forward_time": 1.90887, "loss_parse_time": 1.909, "loss": [60.75015], "hm_loss": [9.0332], "dep_loss": [51.71695], "num_positive": [23.4]}
{"mode": "train", "epoch": 1, "iter": 10, "lr": 0.00032, "time": 1.19197, "data_time": 0.145, "memory": 8605, "transfer_time": 0.16556, "forward_time": 0.49173, "loss_parse_time": 0.49182, "loss": [51.07208], "hm_loss": [6.94473], "dep_loss": [44.12735], "num_positive": [22.0]}
{"mode": "train", "epoch": 1, "iter": 15, "lr": 0.00035, "time": 1.14833, "data_time": 0.08848, "memory": 8605, "transfer_time": 0.10742, "forward_time": 0.45176, "loss_parse_time": 0.45186, "loss": [49.24146], "hm_loss": [4.72359], "dep_loss": [44.51786], "num_positive": [38.2]}
