{"mode": "train", "epoch": 1, "iter": 5, "lr": 5e-05, "time": 16.41012, "data_time": 13.20691, "memory": 26141, "transfer_time": 13.25523, "forward_time": 14.18048, "loss_parse_time": 14.18057, "loss": [24.55371], "hm_loss": [24.55371], "dep_loss": [6.47376], "num_positive": [113.2]}
{"mode": "train", "epoch": 1, "iter": 10, "lr": 5e-05, "time": 4.5051, "data_time": 1.48314, "memory": 26141, "transfer_time": 1.52323, "forward_time": 2.25169, "loss_parse_time": 2.25178, "loss": [9.12643], "hm_loss": [9.12643], "dep_loss": [6.65121], "num_positive": [177.4]}
{"mode": "train", "epoch": 1, "iter": 15, "lr": 5e-05, "time": 3.67218, "data_time": 0.6104, "memory": 26141, "transfer_time": 0.64805, "forward_time": 1.38664, "loss_parse_time": 1.38673, "loss": [8.37311], "hm_loss": [8.37311], "dep_loss": [6.49349], "num_positive": [129.6]}
{"mode": "train", "epoch": 1, "iter": 20, "lr": 5e-05, "time": 4.7629, "data_time": 1.66976, "memory": 26141, "transfer_time": 1.71285, "forward_time": 2.45612, "loss_parse_time": 2.45622, "loss": [4.93875], "hm_loss": [4.93875], "dep_loss": [5.60355], "num_positive": [139.0]}
{"mode": "train", "epoch": 1, "iter": 25, "lr": 5e-05, "time": 3.60148, "data_time": 0.35131, "memory": 26141, "transfer_time": 0.3878, "forward_time": 1.27203, "loss_parse_time": 1.27213, "loss": [3.14095], "hm_loss": [3.14095], "dep_loss": [7.06504], "num_positive": [136.4]}
{"mode": "train", "epoch": 1, "iter": 30, "lr": 5e-05, "time": 4.66188, "data_time": 1.37447, "memory": 26141, "transfer_time": 1.40993, "forward_time": 2.32288, "loss_parse_time": 2.32297, "loss": [2.54441], "hm_loss": [2.54441], "dep_loss": [6.46403], "num_positive": [149.0]}
{"mode": "train", "epoch": 1, "iter": 35, "lr": 5e-05, "time": 6.60363, "data_time": 3.06201, "memory": 26142, "transfer_time": 3.10385, "forward_time": 4.27265, "loss_parse_time": 4.27274, "loss": [2.51356], "hm_loss": [2.51356], "dep_loss": [6.23485], "num_positive": [129.8]}
