{"mode": "train", "epoch": 1, "iter": 5, "lr": 0.0003, "time": 3.69568, "data_time": 1.52921, "memory": 8622, "transfer_time": 1.5523, "forward_time": 2.2183, "loss_parse_time": 2.21841, "loss": [14.26287], "hm_loss": [9.10106], "dep_loss": [5.16182], "num_positive": [23.4]}
{"mode": "train", "epoch": 1, "iter": 10, "lr": 0.00032, "time": 2.27544, "data_time": 0.10407, "memory": 8627, "transfer_time": 0.12625, "forward_time": 0.80627, "loss_parse_time": 0.80637, "loss": [11.01893], "hm_loss": [6.55573], "dep_loss": [4.4632], "num_positive": [22.0]}
{"mode": "train", "epoch": 1, "iter": 15, "lr": 0.00035, "time": 2.28912, "data_time": 0.08533, "memory": 8627, "transfer_time": 0.10675, "forward_time": 0.79948, "loss_parse_time": 0.79957, "loss": [8.78881], "hm_loss": [4.2805], "dep_loss": [4.50831], "num_positive": [38.2]}
{"mode": "train", "epoch": 1, "iter": 20, "lr": 0.0004, "time": 2.29171, "data_time": 0.09202, "memory": 8629, "transfer_time": 0.11264, "forward_time": 0.80598, "loss_parse_time": 0.80608, "loss": [8.83225], "hm_loss": [4.51896], "dep_loss": [4.31329], "num_positive": [29.2]}
{"mode": "train", "epoch": 1, "iter": 25, "lr": 0.00045, "time": 2.28789, "data_time": 0.14154, "memory": 8629, "transfer_time": 0.1635, "forward_time": 0.81502, "loss_parse_time": 0.81512, "loss": [7.91255], "hm_loss": [3.47733], "dep_loss": [4.43522], "num_positive": [47.2]}
{"mode": "train", "epoch": 1, "iter": 30, "lr": 0.00052, "time": 2.28302, "data_time": 0.09993, "memory": 8629, "transfer_time": 0.12079, "forward_time": 0.80852, "loss_parse_time": 0.80861, "loss": [7.77543], "hm_loss": [3.5034], "dep_loss": [4.27203], "num_positive": [36.2]}
{"mode": "train", "epoch": 1, "iter": 35, "lr": 0.0006, "time": 2.28058, "data_time": 0.0892, "memory": 8629, "transfer_time": 0.1097, "forward_time": 0.79511, "loss_parse_time": 0.79521, "loss": [8.49612], "hm_loss": [3.92971], "dep_loss": [4.56641], "num_positive": [46.0]}
{"mode": "train", "epoch": 1, "iter": 40, "lr": 0.00069, "time": 2.27949, "data_time": 0.08563, "memory": 8629, "transfer_time": 0.10621, "forward_time": 0.79568, "loss_parse_time": 0.79579, "loss": [7.54427], "hm_loss": [3.39649], "dep_loss": [4.14778], "num_positive": [52.8]}
{"mode": "train", "epoch": 1, "iter": 45, "lr": 0.00078, "time": 2.29788, "data_time": 0.14194, "memory": 8629, "transfer_time": 0.16372, "forward_time": 0.82234, "loss_parse_time": 0.82244, "loss": [8.23533], "hm_loss": [3.76076], "dep_loss": [4.47457], "num_positive": [30.6]}
{"mode": "train", "epoch": 1, "iter": 50, "lr": 0.00089, "time": 2.28249, "data_time": 0.10036, "memory": 8629, "transfer_time": 0.12133, "forward_time": 0.80124, "loss_parse_time": 0.80134, "loss": [7.57347], "hm_loss": [3.65491], "dep_loss": [3.91856], "num_positive": [62.0]}
{"mode": "train", "epoch": 1, "iter": 55, "lr": 0.00101, "time": 2.28159, "data_time": 0.09434, "memory": 8629, "transfer_time": 0.11612, "forward_time": 0.79348, "loss_parse_time": 0.79358, "loss": [7.28265], "hm_loss": [4.06253], "dep_loss": [3.22012], "num_positive": [23.6]}
{"mode": "train", "epoch": 1, "iter": 60, "lr": 0.00113, "time": 2.28279, "data_time": 0.08067, "memory": 8629, "transfer_time": 0.10176, "forward_time": 0.79633, "loss_parse_time": 0.79643, "loss": [6.77505], "hm_loss": [3.42227], "dep_loss": [3.35278], "num_positive": [40.2]}
{"mode": "train", "epoch": 1, "iter": 65, "lr": 0.00125, "time": 2.28643, "data_time": 0.13807, "memory": 8629, "transfer_time": 0.15846, "forward_time": 0.81365, "loss_parse_time": 0.81376, "loss": [6.19597], "hm_loss": [3.76302], "dep_loss": [2.43295], "num_positive": [47.4]}
{"mode": "train", "epoch": 1, "iter": 70, "lr": 0.00138, "time": 2.30023, "data_time": 0.09631, "memory": 8629, "transfer_time": 0.11667, "forward_time": 0.8087, "loss_parse_time": 0.8088, "loss": [5.43805], "hm_loss": [3.74043], "dep_loss": [1.69762], "num_positive": [20.2]}
{"mode": "train", "epoch": 1, "iter": 75, "lr": 0.00152, "time": 2.29658, "data_time": 0.08789, "memory": 8629, "transfer_time": 0.1096, "forward_time": 0.79219, "loss_parse_time": 0.79229, "loss": [5.66747], "hm_loss": [3.8166], "dep_loss": [1.85087], "num_positive": [46.4]}
{"mode": "train", "epoch": 1, "iter": 80, "lr": 0.00165, "time": 2.32688, "data_time": 0.08774, "memory": 8629, "transfer_time": 0.10883, "forward_time": 0.83152, "loss_parse_time": 0.83162, "loss": [5.16503], "hm_loss": [3.40982], "dep_loss": [1.7552], "num_positive": [45.6]}
{"mode": "train", "epoch": 1, "iter": 85, "lr": 0.00178, "time": 2.31401, "data_time": 0.14457, "memory": 8629, "transfer_time": 0.16745, "forward_time": 0.81943, "loss_parse_time": 0.81953, "loss": [5.33662], "hm_loss": [3.64113], "dep_loss": [1.69549], "num_positive": [41.0]}
