{"mode": "train", "epoch": 1, "iter": 5, "lr": 0.0003, "time": 3.66821, "data_time": 1.48803, "memory": 8624, "transfer_time": 1.51199, "forward_time": 2.19371, "loss_parse_time": 2.19383, "loss": [60.74611], "hm_loss": [9.02953], "dep_loss": [51.71658], "num_positive": [23.4]}
{"mode": "train", "epoch": 1, "iter": 10, "lr": 0.00032, "time": 2.23575, "data_time": 0.08472, "memory": 8626, "transfer_time": 0.10762, "forward_time": 0.76218, "loss_parse_time": 0.76228, "loss": [50.99441], "hm_loss": [6.81584], "dep_loss": [44.17857], "num_positive": [22.0]}
{"mode": "train", "epoch": 1, "iter": 15, "lr": 0.00035, "time": 2.23778, "data_time": 0.10491, "memory": 8626, "transfer_time": 0.12594, "forward_time": 0.76282, "loss_parse_time": 0.76292, "loss": [49.28936], "hm_loss": [4.62877], "dep_loss": [44.66059], "num_positive": [38.2]}
{"mode": "train", "epoch": 1, "iter": 20, "lr": 0.0004, "time": 2.23175, "data_time": 0.08638, "memory": 8629, "transfer_time": 0.10774, "forward_time": 0.74974, "loss_parse_time": 0.74984, "loss": [47.73608], "hm_loss": [4.71409], "dep_loss": [43.02199], "num_positive": [29.2]}
{"mode": "train", "epoch": 1, "iter": 25, "lr": 0.00045, "time": 2.28004, "data_time": 0.14211, "memory": 8629, "transfer_time": 0.16405, "forward_time": 0.80101, "loss_parse_time": 0.80111, "loss": [47.57529], "hm_loss": [3.48869], "dep_loss": [44.0866], "num_positive": [47.2]}
{"mode": "train", "epoch": 1, "iter": 30, "lr": 0.00052, "time": 2.25085, "data_time": 0.08189, "memory": 8629, "transfer_time": 0.10292, "forward_time": 0.7639, "loss_parse_time": 0.764, "loss": [46.02939], "hm_loss": [3.62127], "dep_loss": [42.40812], "num_positive": [36.2]}
{"mode": "train", "epoch": 1, "iter": 35, "lr": 0.0006, "time": 2.24666, "data_time": 0.10062, "memory": 8629, "transfer_time": 0.12124, "forward_time": 0.76415, "loss_parse_time": 0.76425, "loss": [49.09347], "hm_loss": [4.02203], "dep_loss": [45.07144], "num_positive": [46.0]}
{"mode": "train", "epoch": 1, "iter": 40, "lr": 0.00069, "time": 2.23759, "data_time": 0.08879, "memory": 8629, "transfer_time": 0.10986, "forward_time": 0.74818, "loss_parse_time": 0.74827, "loss": [43.68798], "hm_loss": [3.37929], "dep_loss": [40.30869], "num_positive": [52.8]}
{"mode": "train", "epoch": 1, "iter": 45, "lr": 0.00078, "time": 2.28364, "data_time": 0.12989, "memory": 8629, "transfer_time": 0.15053, "forward_time": 0.80365, "loss_parse_time": 0.80375, "loss": [46.0503], "hm_loss": [3.7306], "dep_loss": [42.3197], "num_positive": [30.6]}
