{"mode": "train", "epoch": 1, "iter": 5, "lr": 0.0003, "time": 2.52356, "data_time": 1.50095, "memory": 8604, "transfer_time": 1.52278, "forward_time": 1.83757, "loss_parse_time": 1.83768, "loss": [60.7189], "hm_loss": [9.02154], "dep_loss": [51.69737], "num_positive": [23.4]}
{"mode": "train", "epoch": 1, "iter": 10, "lr": 0.00032, "time": 1.15137, "data_time": 0.10999, "memory": 8605, "transfer_time": 0.1291, "forward_time": 0.47094, "loss_parse_time": 0.47103, "loss": [51.26608], "hm_loss": [7.09122], "dep_loss": [44.17486], "num_positive": [22.0]}
{"mode": "train", "epoch": 1, "iter": 15, "lr": 0.00035, "time": 1.15617, "data_time": 0.0822, "memory": 8605, "transfer_time": 0.10022, "forward_time": 0.47124, "loss_parse_time": 0.47133, "loss": [49.16626], "hm_loss": [4.44262], "dep_loss": [44.72364], "num_positive": [38.2]}
