{"mode": "train", "epoch": 1, "iter": 5, "lr": 5e-05, "time": 5.28343, "data_time": 2.12315, "memory": 26225, "transfer_time": 2.21733, "forward_time": 2.96152, "loss_parse_time": 2.96165, "loss": [28.19418], "hm_loss": [22.20199], "dep_loss": [5.99219], "num_positive": [114.6]}
{"mode": "train", "epoch": 1, "iter": 10, "lr": 5e-05, "time": 3.21927, "data_time": 0.0633, "memory": 26227, "transfer_time": 0.14261, "forward_time": 0.86962, "loss_parse_time": 0.86971, "loss": [25.8257], "hm_loss": [19.25449], "dep_loss": [6.57121], "num_positive": [83.0]}
{"mode": "train", "epoch": 1, "iter": 15, "lr": 5e-05, "time": 3.2639, "data_time": 0.07524, "memory": 26227, "transfer_time": 0.15538, "forward_time": 0.88794, "loss_parse_time": 0.88803, "loss": [14.55278], "hm_loss": [8.50755], "dep_loss": [6.04523], "num_positive": [117.8]}
{"mode": "train", "epoch": 1, "iter": 20, "lr": 5e-05, "time": 3.29254, "data_time": 0.06985, "memory": 26228, "transfer_time": 0.15001, "forward_time": 0.88852, "loss_parse_time": 0.88861, "loss": [11.92276], "hm_loss": [5.41118], "dep_loss": [6.51158], "num_positive": [120.2]}
{"mode": "train", "epoch": 1, "iter": 25, "lr": 5e-05, "time": 3.31956, "data_time": 0.08507, "memory": 26228, "transfer_time": 0.16247, "forward_time": 0.89845, "loss_parse_time": 0.89855, "loss": [8.51699], "hm_loss": [2.66955], "dep_loss": [5.84743], "num_positive": [175.8]}
{"mode": "train", "epoch": 1, "iter": 30, "lr": 5e-05, "time": 3.35789, "data_time": 0.07312, "memory": 26228, "transfer_time": 0.15377, "forward_time": 0.90941, "loss_parse_time": 0.9095, "loss": [8.09498], "hm_loss": [2.35788], "dep_loss": [5.7371], "num_positive": [129.6]}
{"mode": "train", "epoch": 1, "iter": 35, "lr": 5e-05, "time": 3.37514, "data_time": 0.06976, "memory": 26229, "transfer_time": 0.14701, "forward_time": 0.91003, "loss_parse_time": 0.91013, "loss": [8.0153], "hm_loss": [2.44833], "dep_loss": [5.56697], "num_positive": [112.4]}
