{"mode": "train", "epoch": 1, "iter": 5, "lr": 0.0003, "time": 2.69144, "data_time": 1.55547, "memory": 8623, "transfer_time": 1.58105, "forward_time": 2.01457, "loss_parse_time": 2.01468, "loss": [14.27331], "hm_loss": [9.10479], "dep_loss": [5.16852], "num_positive": [23.4]}
{"mode": "train", "epoch": 1, "iter": 10, "lr": 0.00032, "time": 1.15976, "data_time": 0.12492, "memory": 8627, "transfer_time": 0.14764, "forward_time": 0.47864, "loss_parse_time": 0.47873, "loss": [10.87032], "hm_loss": [6.41391], "dep_loss": [4.45641], "num_positive": [22.0]}
{"mode": "train", "epoch": 1, "iter": 15, "lr": 0.00035, "time": 1.14283, "data_time": 0.08737, "memory": 8627, "transfer_time": 0.10829, "forward_time": 0.4642, "loss_parse_time": 0.4643, "loss": [8.65746], "hm_loss": [4.14635], "dep_loss": [4.51112], "num_positive": [38.2]}
{"mode": "train", "epoch": 1, "iter": 20, "lr": 0.0004, "time": 1.14037, "data_time": 0.10138, "memory": 8629, "transfer_time": 0.12295, "forward_time": 0.45827, "loss_parse_time": 0.45837, "loss": [8.81553], "hm_loss": [4.49923], "dep_loss": [4.3163], "num_positive": [29.2]}
{"mode": "train", "epoch": 1, "iter": 25, "lr": 0.00045, "time": 1.21964, "data_time": 0.10985, "memory": 8629, "transfer_time": 0.13023, "forward_time": 0.51093, "loss_parse_time": 0.51104, "loss": [7.88685], "hm_loss": [3.44937], "dep_loss": [4.43748], "num_positive": [47.2]}
{"mode": "train", "epoch": 1, "iter": 30, "lr": 0.00052, "time": 1.19015, "data_time": 0.12074, "memory": 8629, "transfer_time": 0.14249, "forward_time": 0.49082, "loss_parse_time": 0.49093, "loss": [7.82555], "hm_loss": [3.54908], "dep_loss": [4.27647], "num_positive": [36.2]}
{"mode": "train", "epoch": 1, "iter": 35, "lr": 0.0006, "time": 1.17507, "data_time": 0.08582, "memory": 8629, "transfer_time": 0.1074, "forward_time": 0.46979, "loss_parse_time": 0.46989, "loss": [8.4276], "hm_loss": [3.87196], "dep_loss": [4.55564], "num_positive": [46.0]}
{"mode": "train", "epoch": 1, "iter": 40, "lr": 0.00069, "time": 1.17623, "data_time": 0.10942, "memory": 8629, "transfer_time": 0.12967, "forward_time": 0.47608, "loss_parse_time": 0.47618, "loss": [7.49587], "hm_loss": [3.32791], "dep_loss": [4.16796], "num_positive": [52.8]}
{"mode": "train", "epoch": 1, "iter": 45, "lr": 0.00078, "time": 1.20624, "data_time": 0.10679, "memory": 8629, "transfer_time": 0.12819, "forward_time": 0.51595, "loss_parse_time": 0.51605, "loss": [8.16158], "hm_loss": [3.69525], "dep_loss": [4.46633], "num_positive": [30.6]}
{"mode": "train", "epoch": 1, "iter": 50, "lr": 0.00089, "time": 1.1793, "data_time": 0.11909, "memory": 8629, "transfer_time": 0.14143, "forward_time": 0.48565, "loss_parse_time": 0.48574, "loss": [7.54246], "hm_loss": [3.60884], "dep_loss": [3.93362], "num_positive": [62.0]}
{"mode": "train", "epoch": 1, "iter": 55, "lr": 0.00101, "time": 1.16525, "data_time": 0.09731, "memory": 8629, "transfer_time": 0.11802, "forward_time": 0.47507, "loss_parse_time": 0.47516, "loss": [7.33211], "hm_loss": [4.09499], "dep_loss": [3.23712], "num_positive": [23.6]}
{"mode": "train", "epoch": 1, "iter": 60, "lr": 0.00113, "time": 1.16495, "data_time": 0.10861, "memory": 8629, "transfer_time": 0.13107, "forward_time": 0.47345, "loss_parse_time": 0.47355, "loss": [6.79622], "hm_loss": [3.50972], "dep_loss": [3.2865], "num_positive": [40.2]}
{"mode": "train", "epoch": 1, "iter": 65, "lr": 0.00125, "time": 1.28126, "data_time": 0.10685, "memory": 8629, "transfer_time": 0.12681, "forward_time": 0.57772, "loss_parse_time": 0.57782, "loss": [6.27848], "hm_loss": [3.92137], "dep_loss": [2.35711], "num_positive": [47.4]}
{"mode": "train", "epoch": 1, "iter": 70, "lr": 0.00138, "time": 1.17492, "data_time": 0.11441, "memory": 8629, "transfer_time": 0.13474, "forward_time": 0.48255, "loss_parse_time": 0.48265, "loss": [5.53867], "hm_loss": [3.83333], "dep_loss": [1.70534], "num_positive": [20.2]}
{"mode": "train", "epoch": 1, "iter": 75, "lr": 0.00152, "time": 1.16375, "data_time": 0.08834, "memory": 8629, "transfer_time": 0.10925, "forward_time": 0.47829, "loss_parse_time": 0.47839, "loss": [5.87814], "hm_loss": [4.03003], "dep_loss": [1.84811], "num_positive": [46.4]}
{"mode": "train", "epoch": 1, "iter": 80, "lr": 0.00165, "time": 1.15283, "data_time": 0.10066, "memory": 8629, "transfer_time": 0.12252, "forward_time": 0.46499, "loss_parse_time": 0.46509, "loss": [5.16227], "hm_loss": [3.3723], "dep_loss": [1.78996], "num_positive": [45.6]}
{"mode": "train", "epoch": 1, "iter": 85, "lr": 0.00178, "time": 1.18254, "data_time": 0.09898, "memory": 8629, "transfer_time": 0.12005, "forward_time": 0.49156, "loss_parse_time": 0.49166, "loss": [5.18745], "hm_loss": [3.61184], "dep_loss": [1.57562], "num_positive": [41.0]}
{"mode": "train", "epoch": 1, "iter": 90, "lr": 0.00192, "time": 1.16853, "data_time": 0.11775, "memory": 8629, "transfer_time": 0.13814, "forward_time": 0.4785, "loss_parse_time": 0.4786, "loss": [5.76853], "hm_loss": [3.77317], "dep_loss": [1.99536], "num_positive": [49.6]}
{"mode": "train", "epoch": 1, "iter": 95, "lr": 0.00205, "time": 1.16551, "data_time": 0.09428, "memory": 8629, "transfer_time": 0.11771, "forward_time": 0.47126, "loss_parse_time": 0.47136, "loss": [5.85789], "hm_loss": [3.97124], "dep_loss": [1.88665], "num_positive": [31.8]}
{"mode": "train", "epoch": 1, "iter": 100, "lr": 0.00217, "time": 1.17291, "data_time": 0.10949, "memory": 8629, "transfer_time": 0.13171, "forward_time": 0.48008, "loss_parse_time": 0.48017, "loss": [5.70657], "hm_loss": [3.98098], "dep_loss": [1.72559], "num_positive": [22.0]}
{"mode": "train", "epoch": 1, "iter": 105, "lr": 0.00229, "time": 1.19361, "data_time": 0.11213, "memory": 8629, "transfer_time": 0.13291, "forward_time": 0.5022, "loss_parse_time": 0.5023, "loss": [5.09661], "hm_loss": [3.36938], "dep_loss": [1.72723], "num_positive": [36.2]}
{"mode": "train", "epoch": 1, "iter": 110, "lr": 0.00241, "time": 1.18811, "data_time": 0.12076, "memory": 8629, "transfer_time": 0.14156, "forward_time": 0.49496, "loss_parse_time": 0.49506, "loss": [5.73388], "hm_loss": [4.10199], "dep_loss": [1.63189], "num_positive": [36.8]}
{"mode": "train", "epoch": 1, "iter": 115, "lr": 0.00252, "time": 1.17349, "data_time": 0.08349, "memory": 8629, "transfer_time": 0.1042, "forward_time": 0.47794, "loss_parse_time": 0.47804, "loss": [5.53372], "hm_loss": [3.86778], "dep_loss": [1.66594], "num_positive": [29.2]}
{"mode": "train", "epoch": 1, "iter": 120, "lr": 0.00261, "time": 1.15282, "data_time": 0.10739, "memory": 8629, "transfer_time": 0.12905, "forward_time": 0.46419, "loss_parse_time": 0.46429, "loss": [5.4594], "hm_loss": [3.78958], "dep_loss": [1.66982], "num_positive": [38.6]}
{"mode": "train", "epoch": 1, "iter": 125, "lr": 0.0027, "time": 1.22446, "data_time": 0.10769, "memory": 8629, "transfer_time": 0.12921, "forward_time": 0.50869, "loss_parse_time": 0.50879, "loss": [4.98135], "hm_loss": [3.34452], "dep_loss": [1.63682], "num_positive": [48.6]}
{"mode": "train", "epoch": 1, "iter": 130, "lr": 0.00278, "time": 1.19918, "data_time": 0.12365, "memory": 8629, "transfer_time": 0.14443, "forward_time": 0.49014, "loss_parse_time": 0.49024, "loss": [6.98141], "hm_loss": [5.25752], "dep_loss": [1.72389], "num_positive": [32.6]}
{"mode": "train", "epoch": 1, "iter": 135, "lr": 0.00285, "time": 1.19828, "data_time": 0.08509, "memory": 8629, "transfer_time": 0.10736, "forward_time": 0.47706, "loss_parse_time": 0.47716, "loss": [5.89042], "hm_loss": [4.24932], "dep_loss": [1.6411], "num_positive": [44.4]}
{"mode": "train", "epoch": 1, "iter": 140, "lr": 0.0029, "time": 1.18919, "data_time": 0.11607, "memory": 8629, "transfer_time": 0.13788, "forward_time": 0.48013, "loss_parse_time": 0.48023, "loss": [6.03441], "hm_loss": [4.1909], "dep_loss": [1.8435], "num_positive": [45.4]}
{"mode": "train", "epoch": 1, "iter": 145, "lr": 0.00295, "time": 1.21975, "data_time": 0.11496, "memory": 8629, "transfer_time": 0.13773, "forward_time": 0.51894, "loss_parse_time": 0.51905,