{"mode": "train", "epoch": 1, "iter": 5, "lr": 0.0003, "time": 1.9986, "data_time": 1.35955, "memory": 4500, "transfer_time": 1.36944, "forward_time": 1.62529, "loss_parse_time": 1.62542, "loss": [59.96084], "hm_loss": [9.37622], "dep_loss": [50.58462], "num_positive": [25.6]}
{"mode": "train", "epoch": 1, "iter": 10, "lr": 0.0003, "time": 0.66962, "data_time": 0.0805, "memory": 4500, "transfer_time": 0.08966, "forward_time": 0.2865, "loss_parse_time": 0.28661, "loss": [50.60384], "hm_loss": [6.28559], "dep_loss": [44.31824], "num_positive": [17.6]}
{"mode": "train", "epoch": 1, "iter": 15, "lr": 0.0003, "time": 0.66311, "data_time": 0.07126, "memory": 4500, "transfer_time": 0.08122, "forward_time": 0.27536, "loss_parse_time": 0.27546, "loss": [45.58299], "hm_loss": [6.20677], "dep_loss": [39.37622], "num_positive": [23.8]}
{"mode": "train", "epoch": 1, "iter": 20, "lr": 0.00031, "time": 0.65401, "data_time": 0.05732, "memory": 4500, "transfer_time": 0.06758, "forward_time": 0.27221, "loss_parse_time": 0.27232, "loss": [50.1748], "hm_loss": [4.53329], "dep_loss": [45.64152], "num_positive": [31.2]}
