{"mode": "train", "epoch": 1, "iter": 5, "lr": 0.0003, "time": 2.56765, "data_time": 1.85182, "memory": 1802, "transfer_time": 1.86588, "forward_time": 2.47905, "loss_parse_time": 2.47919, "loss": [2.60943], "hm_loss": [0.0], "loc_loss": [0.52433], "loc_loss_elem": [[0.09393, 0.088, 0.06553, 0.05395, 0.05881, 0.06159, 0.03878, 0.06376]], "num_positive": [14.6], "roi_reg_loss": [0.92401], "roi_cls_loss": [0.63675]}
{"mode": "train", "epoch": 1, "iter": 10, "lr": 0.0003, "time": 1.73693, "data_time": 0.5988, "memory": 1807, "transfer_time": 0.6132, "forward_time": 1.65812, "loss_parse_time": 1.65825, "loss": [2.71232], "hm_loss": [0.0], "loc_loss": [0.6759], "loc_loss_elem": [[0.10838, 0.09112, 0.08032, 0.06214, 0.07327, 0.07264, 0.06754, 0.12049]], "num_positive": [20.4], "roi_reg_loss": [0.92965], "roi_cls_loss": [0.43088]}
{"mode": "train", "epoch": 1, "iter": 15, "lr": 0.0003, "time": 1.95656, "data_time": 0.775, "memory": 1807, "transfer_time": 0.78832, "forward_time": 1.88024, "loss_parse_time": 1.88038, "loss": [2.8566], "hm_loss": [0.0], "loc_loss": [0.73881], "loc_loss_elem": [[0.10282, 0.10883, 0.09806, 0.06766, 0.06551, 0.0712, 0.13575, 0.08898]], "num_positive": [16.8], "roi_reg_loss": [1.01572], "roi_cls_loss": [0.36326]}
{"mode": "train", "epoch": 1, "iter": 20, "lr": 0.0003, "time": 0.9749, "data_time": 0.13739, "memory": 1822, "transfer_time": 0.15036, "forward_time": 0.88779, "loss_parse_time": 0.88796, "loss": [3.16301], "hm_loss": [0.0], "loc_loss": [0.85122], "loc_loss_elem": [[0.10355, 0.11054, 0.08524, 0.10302, 0.09017, 0.05728, 0.15848, 0.14293]], "num_positive": [38.8], "roi_reg_loss": [1.0116], "roi_cls_loss": [0.44898]}
{"mode": "train", "epoch": 1, "iter": 25, "lr": 0.0003, "time": 1.71522, "data_time": 1.23245, "memory": 1822, "transfer_time": 1.24556, "forward_time": 1.63599, "loss_parse_time": 1.63612, "loss": [3.41538], "hm_loss": [0.0], "loc_loss": [1.02083], "loc_loss_elem": [[0.14565, 0.12573, 0.11239, 0.0604, 0.05362, 0.05677, 0.17954, 0.28672]], "num_positive": [14.6], "roi_reg_loss": [1.11388], "roi_cls_loss": [0.25984]}
{"mode": "train", "epoch": 1, "iter": 30, "lr": 0.0003, "time": 1.48123, "data_time": 1.27167, "memory": 1822, "transfer_time": 1.28609, "forward_time": 1.39684, "loss_parse_time": 1.39697, "loss": [2.55256], "hm_loss": [0.0], "loc_loss": [0.69943], "loc_loss_elem": [[0.11641, 0.11746, 0.07815, 0.11067, 0.067, 0.06179, 0.07194, 0.07601]], "num_positive": [13.0], "roi_reg_loss": [0.895], "roi_cls_loss": [0.25871]}
{"mode": "train", "epoch": 1, "iter": 35, "lr": 0.0003, "time": 1.33338, "data_time": 1.13005, "memory": 1822, "transfer_time": 1.14434, "forward_time": 1.25222, "loss_parse_time": 1.25235, "loss": [2.53073], "hm_loss": [0.0], "loc_loss": [0.7282], "loc_loss_elem": [[0.0977, 0.09673, 0.0668, 0.07869, 0.06155, 0.06518, 0.18028, 0.08127]], "num_positive": [18.6], "roi_reg_loss": [0.88578], "roi_cls_loss": [0.18854]}
{"mode": "train", "epoch": 1, "iter": 40, "lr": 0.0003, "time": 1.49576, "data_time": 1.2881, "memory": 1822, "transfer_time": 1.30126, "forward_time": 1.41229, "loss_parse_time": 1.41243, "loss": [2.52531], "hm_loss": [0.0], "loc_loss": [0.70122], "loc_loss_elem": [[0.13034, 0.08906, 0.061, 0.07196, 0.05762, 0.07713, 0.0918, 0.12231]], "num_positive": [15.8], "roi_reg_loss": [0.92354], "roi_cls_loss": [0.19932]}
{"mode": "train", "epoch": 1, "iter": 45, "lr": 0.0003, "time": 1.46471, "data_time": 1.21988, "memory": 1825, "transfer_time": 1.23635, "forward_time": 1.38094, "loss_parse_time": 1.38107, "loss": [1.7451], "hm_loss": [0.0], "loc_loss": [0.41421], "loc_loss_elem": [[0.08938, 0.05655, 0.05188, 0.03359, 0.03799, 0.0671, 0.03545, 0.04227]], "num_positive": [15.2], "roi_reg_loss": [0.74887], "roi_cls_loss": [0.16781]}
{"mode": "train", "epoch": 1, "iter": 50, "lr": 0.0003, "time": 1.04819, "data_time": 0.83439, "memory": 1825, "transfer_time": 0.84697, "forward_time": 0.96378, "loss_parse_time": 0.96392, "loss": [2.90238], "hm_loss": [0.0], "loc_loss": [0.83741], "loc_loss_elem": [[0.10411, 0.12539, 0.0901, 0.06605, 0.09358, 0.06589, 0.11468, 0.1776]], "num_positive": [13.4], "roi_reg_loss": [1.09001], "roi_cls_loss": [0.13755]}
{"mode": "train", "epoch": 1, "iter": 55, "lr": 0.0003, "time": 1.74951, "data_time": 1.37359, "memory": 1847, "transfer_time": 1.38644, "forward_time": 1.66813, "loss_parse_time": 1.66826, "loss": [2.78411], "hm_loss": [0.0], "loc_loss": [0.81437], "loc_loss_elem": [[0.1181, 0.09163, 0.10607, 0.06599, 0.07419, 0.06136, 0.1497, 0.14734]], "num_positive": [17.2], "roi_reg_loss": [0.96638], "roi_cls_loss": [0.18898]}
{"mode": "train", "epoch": 1, "iter": 60, "lr": 0.0003, "time": 1.5387, "data_time": 1.34595, "memory": 1847, "transfer_time": 1.35953, "forward_time": 1.46086, "loss_parse_time": 1.46099, "loss": [2.14253], "hm_loss": [0.0], "loc_loss": [0.53897], "loc_loss_elem": [[0.10648, 0.07908, 0.05595, 0.05966, 0.07064, 0.05222, 0.05702, 0.05791]], "num_positive": [20.6], "roi_reg_loss": [0.85705], "roi_cls_loss": [0.20754]}
