{"mode": "train", "epoch": 1, "iter": 5, "lr": 0.0003, "time": 2.12337, "data_time": 1.61477, "memory": 5189, "transfer_time": 1.66743, "forward_time": 1.96303, "loss_parse_time": 1.96322, "loss": [2.96044], "hm_loss": [0.0], "loc_loss": [0.68026], "loc_loss_elem": [[0.12384, 0.09552, 0.07947, 0.06742, 0.07227, 0.06506, 0.10884, 0.06784]], "num_positive": [45.8], "roi_reg_loss": [1.0022], "roi_cls_loss": [0.59773]}
{"mode": "train", "epoch": 1, "iter": 10, "lr": 0.0003, "time": 1.07368, "data_time": 0.61093, "memory": 5215, "transfer_time": 0.66632, "forward_time": 0.91823, "loss_parse_time": 0.91842, "loss": [2.74484], "hm_loss": [0.0], "loc_loss": [0.73438], "loc_loss_elem": [[0.10301, 0.08554, 0.06653, 0.07919, 0.0831, 0.05776, 0.1351, 0.12415]], "num_positive": [86.8], "roi_reg_loss": [0.82948], "roi_cls_loss": [0.4466]}
{"mode": "train", "epoch": 1, "iter": 15, "lr": 0.0003, "time": 0.82869, "data_time": 0.34682, "memory": 5224, "transfer_time": 0.40776, "forward_time": 0.67655, "loss_parse_time": 0.67675, "loss": [2.66375], "hm_loss": [0.0], "loc_loss": [0.72133], "loc_loss_elem": [[0.0941, 0.09347, 0.08587, 0.07501, 0.07196, 0.06089, 0.11723, 0.1228]], "num_positive": [59.6], "roi_reg_loss": [0.87553], "roi_cls_loss": [0.34557]}
{"mode": "train", "epoch": 1, "iter": 20, "lr": 0.0003, "time": 6.211, "data_time": 5.77423, "memory": 5224, "transfer_time": 5.82158, "forward_time": 6.06553, "loss_parse_time": 6.06568, "loss": [2.68673], "hm_loss": [0.0], "loc_loss": [0.75077], "loc_loss_elem": [[0.09852, 0.08192, 0.0758, 0.08502, 0.08153, 0.05687, 0.15998, 0.11111]], "num_positive": [85.4], "roi_reg_loss": [0.86249], "roi_cls_loss": [0.32271]}
{"mode": "train", "epoch": 1, "iter": 25, "lr": 0.0003, "time": 9.38962, "data_time": 8.96056, "memory": 5224, "transfer_time": 9.01192, "forward_time": 9.24168, "loss_parse_time": 9.24182, "loss": [2.25095], "hm_loss": [0.0], "loc_loss": [0.55072], "loc_loss_elem": [[0.11814, 0.09172, 0.06954, 0.05475, 0.05843, 0.05923, 0.03943, 0.0595]], "num_positive": [41.4], "roi_reg_loss": [0.94497], "roi_cls_loss": [0.20453]}
{"mode": "train", "epoch": 1, "iter": 30, "lr": 0.0003, "time": 4.76535, "data_time": 4.33447, "memory": 5224, "transfer_time": 4.38174, "forward_time": 4.6196, "loss_parse_time": 4.61974, "loss": [2.62753], "hm_loss": [0.0], "loc_loss": [0.7358], "loc_loss_elem": [[0.10567, 0.08981, 0.07638, 0.07141, 0.07979, 0.06781, 0.12839, 0.11653]], "num_positive": [71.2], "roi_reg_loss": [0.91991], "roi_cls_loss": [0.23603]}
{"mode": "train", "epoch": 1, "iter": 35, "lr": 0.0003, "time": 10.29625, "data_time": 8.99852, "memory": 5237, "transfer_time": 9.04822, "forward_time": 10.15079, "loss_parse_time": 10.15093, "loss": [2.74154], "hm_loss": [0.0], "loc_loss": [0.72961], "loc_loss_elem": [[0.12203, 0.09115, 0.0773, 0.07688, 0.08584, 0.05883, 0.12739, 0.09018]], "num_positive": [60.6], "roi_reg_loss": [1.0386], "roi_cls_loss": [0.24372]}
