{"mode": "train", "epoch": 1, "iter": 5, "lr": 0.00036, "time": 5.21816, "data_time": 3.67307, "memory": 7055, "transfer_time": 3.76513, "forward_time": 4.29846, "loss_parse_time": 4.29904, "loss": [52.12768], "hm_loss": [7.48943], "loc_loss": [22.31912], "loc_loss_elem": [[2.86131, 2.31445, 4.21983, 2.29087, 2.23526, 3.66139, 2.45806, 2.27796]], "num_positive": [203.8]}
{"mode": "train", "epoch": 1, "iter": 10, "lr": 0.00058, "time": 1.39238, "data_time": 0.04382, "memory": 7382, "transfer_time": 0.10744, "forward_time": 0.56, "loss_parse_time": 0.56041, "loss": [14.27148], "hm_loss": [4.07731], "loc_loss": [5.09708], "loc_loss_elem": [[0.50098, 0.469, 0.78549, 0.56295, 0.72362, 0.44291, 0.78496, 0.82718]], "num_positive": [184.6]}
{"mode": "train", "epoch": 1, "iter": 15, "lr": 0.00095, "time": 1.46735, "data_time": 0.0687, "memory": 7660, "transfer_time": 0.12933, "forward_time": 0.60926, "loss_parse_time": 0.6097, "loss": [15.11155], "hm_loss": [3.90888], "loc_loss": [5.60133], "loc_loss_elem": [[0.57655, 0.50007, 1.20207, 0.54858, 0.90019, 0.35965, 0.8167, 0.69753]], "num_positive": [185.0]}
{"mode": "train", "epoch": 1, "iter": 20, "lr": 0.0014, "time": 1.4547, "data_time": 0.0512, "memory": 7660, "transfer_time": 0.10121, "forward_time": 0.56061, "loss_parse_time": 0.56101, "loss": [12.77177], "hm_loss": [3.03032], "loc_loss": [4.87072], "loc_loss_elem": [[0.41246, 0.42296, 0.99459, 0.53041, 0.76013, 0.35897, 0.70486, 0.68634]], "num_positive": [204.2]}
{"mode": "train", "epoch": 1, "iter": 25, "lr": 0.0019, "time": 1.46341, "data_time": 0.05048, "memory": 7660, "transfer_time": 0.10475, "forward_time": 0.57791, "loss_parse_time": 0.57822, "loss": [11.5077], "hm_loss": [2.71794], "loc_loss": [4.39488], "loc_loss_elem": [[0.38116, 0.32944, 0.79272, 0.48444, 0.76293, 0.25581, 0.74866, 0.63972]], "num_positive": [202.8]}
{"mode": "train", "epoch": 1, "iter": 30, "lr": 0.00235, "time": 1.40031, "data_time": 0.06008, "memory": 8040, "transfer_time": 0.11544, "forward_time": 0.56085, "loss_parse_time": 0.56112, "loss": [10.60925], "hm_loss": [2.52962], "loc_loss": [4.03981], "loc_loss_elem": [[0.3308, 0.35619, 0.71616, 0.37932, 0.61432, 0.26518, 0.71403, 0.66382]], "num_positive": [195.4]}
{"mode": "train", "epoch": 1, "iter": 35, "lr": 0.00272, "time": 1.44071, "data_time": 0.05201, "memory": 8040, "transfer_time": 0.10007, "forward_time": 0.57187, "loss_parse_time": 0.57216, "loss": [11.50107], "hm_loss": [2.68366], "loc_loss": [4.40871], "loc_loss_elem": [[0.30127, 0.30694, 0.98948, 0.45448, 0.76286, 0.2481, 0.70115, 0.64442]], "num_positive": [179.6]}
{"mode": "train", "epoch": 1, "iter": 40, "lr": 0.00294, "time": 1.48563, "data_time": 0.04765, "memory": 8040, "transfer_time": 0.10591, "forward_time": 0.58041, "loss_parse_time": 0.58072, "loss": [12.87288], "hm_loss": [2.62011], "loc_loss": [5.12638], "loc_loss_elem": [[0.40782, 0.34032, 0.9779, 0.57409, 0.7794, 0.30593, 0.91538, 0.82554]], "num_positive": [169.4]}
{"mode": "train", "epoch": 1, "iter": 45, "lr": 0.003, "time": 1.33635, "data_time": 0.04735, "memory": 8040, "transfer_time": 0.09806, "forward_time": 0.52449, "loss_parse_time": 0.52479, "loss": [9.94424], "hm_loss": [2.511], "loc_loss": [3.71662], "loc_loss_elem": [[0.28215, 0.2709, 0.62427, 0.39928, 0.59533, 0.1716, 0.74906, 0.62402]], "num_positive": [193.0]}
{"mode": "train", "epoch": 1, "iter": 50, "lr": 0.00294, "time": 1.38017, "data_time": 0.04773, "memory": 8040, "transfer_time": 0.09504, "forward_time": 0.54532, "loss_parse_time": 0.54561, "loss": [10.21063], "hm_loss": [2.50069], "loc_loss": [3.85497], "loc_loss_elem": [[0.32094, 0.31789, 0.71152, 0.39751, 0.6004, 0.18254, 0.70099, 0.62317]], "num_positive": [209.0]}
{"mode": "train", "epoch": 1, "iter": 55, "lr": 0.00279, "time": 1.46327, "data_time": 0.04851, "memory": 8040, "transfer_time": 0.10486, "forward_time": 0.58137, "loss_parse_time": 0.5817, "loss": [9.98459], "hm_loss": [2.4508], "loc_loss": [3.7669], "loc_loss_elem": [[0.28761, 0.28489, 0.59982, 0.44727, 0.63022, 0.18958, 0.64944, 0.67806]], "num_positive": [200.0]}
{"mode": "train", "epoch": 1, "iter": 60, "lr": 0.00257, "time": 1.38095, "data_time": 0.05499, "memory": 8040, "transfer_time": 0.10718, "forward_time": 0.53964, "loss_parse_time": 0.5399, "loss": [9.65277], "hm_loss": [2.50989], "loc_loss": [3.57144], "loc_loss_elem": [[0.26597, 0.26739, 0.58345, 0.36141, 0.61559, 0.16332, 0.68425, 0.63006]], "num_positive": [164.0]}
{"mode": "train", "epoch": 1, "iter": 65, "lr": 0.00229, "time": 1.48969, "data_time": 0.05065, "memory": 8040, "transfer_time": 0.10551, "forward_time": 0.59106, "loss_parse_time": 0.59162, "loss": [9.54967], "hm_loss": [2.4722], "loc_loss": [3.53873], "loc_loss_elem": [[0.26533, 0.26581, 0.61292, 0.34836, 0.57251, 0.1604, 0.69464, 0.61876]], "num_positive": [167.8]}
{"mode": "train", "epoch": 1, "iter": 70, "lr": 0.00196, "time": 1.39383, "data_time": 0.05029, "memory": 8040, "transfer_time": 0.10128, "forward_time": 0.55779, "loss_parse_time": 0.55809, "loss": [9.5326], "hm_loss": [2.41286], "loc_loss": [3.55987], "loc_loss_elem": [[0.26578, 0.27265, 0.61239, 0.37413, 0.58632, 0.14754, 0.66915, 0.63191]], "num_positive": [183.0]}
{"mode": "train", "epoch": 1, "iter": 75, "lr": 0.00161, "time": 1.46897, "data_time": 0.051, "memory": 8040, "transfer_time": 0.11138, "forward_time": 0.58166, "loss_parse_time": 0.58193, "loss": [9.40502], "hm_loss": [2.4939], "loc_loss": [3.45556], "loc_loss_elem": [[0.28289, 0.27168, 0.52463, 0.37537, 0.57346, 0.15276, 0.68936, 0.58541]], "num_positive": [171.6]}
{"mode": "train", "epoch": 1, "iter": 80, "lr": 0.00125, "time": 1.39634, "data_time": 0.04889, "memory": 8040, "transfer_time": 0.094, "forward_time": 0.55736, "loss_parse_time": 0.55763, "loss": [9.71824], "hm_loss": [2.37303], "loc_loss": [3.6726], "loc_loss_elem": [[0.27686, 0.32558, 0.55483, 0.35845, 0.55793, 0.15494, 0.76761, 0.6764]], "num_positive": [181.2]}
{"mode": "train", "epoch": 1, "iter": 85, "lr": 0.0009, "time": 1.40502, "data_time": 0.04939, "memory": 8040, "transfer_time": 0.10656, "forward_time": 0.55863, "loss_parse_time": 0.55893, "loss": [9.16351], "hm_loss": [2.36386], "loc_loss": [3.39983], "loc_loss_elem": [[0.25173, 0.24715, 0.56643, 0.35447, 0.56072, 0.13851, 0.66724, 0.61359]], "num_positive": [218.2]}
{"mode": "train", "epoch": 1, "iter": 90, "lr": 0.00059, "time": 1.44686, "data_time": 0.05104, "memory": 8040, "transfer_time": 0.11389, "forward_time": 0.57489, "loss_parse_time": 0.57521, "loss": [9.57159], "hm_loss": [2.44622], "loc_loss": [3.56269], "loc_loss_elem": [[0.27467, 0.27497, 0.60486, 0.38993, 0.58732, 0.14552, 0.69943, 0.58597]], "num_positive": [180.0]}
{"mode": "train", "epoch": 1, "iter": 95, "lr": 0.00033, "time": 1.47109, "data_time": 0.05206, "memory": 8040, "transfer_time": 0.10925, "forward_time": 0.58778, "loss_parse_time": 0.58807, "loss": [8.81094], "hm_loss": [2.33267], "loc_loss": [3.23914], "loc_loss_elem": [[0.26327, 0.24767, 0.55953, 0.28018, 0.46921, 0.1247, 0.69193, 0.60265]], "num_positive": [175.4]}
{"mode": "train", "epoch": 1, "iter": 100, "lr": 0.00014, "time": 1.41382, "data_time": 0.04828, "memory": 8040, "transfer_time": 0.09542, "forward_time": 0.55484, "loss_parse_time": 0.55518, "loss": [9.42816], "hm_loss": [2.39787], "loc_loss": [3.51514], "loc_loss_elem": [[0.25968, 0.27625, 0.57503, 0.39343, 0.58704, 0.15056, 0.68954, 0.58362]], "num_positive": [188.2]}
{"mode": "train", "epoch": 1, "iter": 105, "lr": 3e-05, "time": 1.24459, "data_time": 0.04022, "memory": 8040, "transfer_time": 0.08121, "forward_time": 0.48559, "loss_parse_time": 0.48582, "loss": [9.88339], "hm_loss": [2.30114], "loc_loss": [3.79113], "loc_loss_elem": [[0.31441, 0.28653, 0.66195, 0.42462, 0.54248, 0.19521, 0.71539, 0.65054]], "num_positive": [198.4]}
