{"mode": "train", "epoch": 1, "iter": 5, "lr": 0.0003, "time": 5.32906, "data_time": 3.43666, "memory": 7214, "transfer_time": 3.53715, "forward_time": 4.53755, "loss_parse_time": 4.53783, "loss": [51.39279], "hm_loss": [5.1021], "loc_loss": [23.14535], "loc_loss_elem": [[2.13796, 2.36584, 3.70777, 2.24715, 4.58667, 2.16712, 3.31, 2.62284]], "num_positive": [199.0]}
{"mode": "train", "epoch": 1, "iter": 10, "lr": 0.0003, "time": 1.4245, "data_time": 0.06361, "memory": 7472, "transfer_time": 0.1515, "forward_time": 0.59262, "loss_parse_time": 0.59298, "loss": [16.46371], "hm_loss": [4.00205], "loc_loss": [6.23083], "loc_loss_elem": [[0.49405, 0.52559, 0.93545, 0.58497, 1.19253, 0.5606, 1.04501, 0.89263]], "num_positive": [186.0]}
{"mode": "train", "epoch": 1, "iter": 15, "lr": 0.0003, "time": 1.48406, "data_time": 0.07644, "memory": 7792, "transfer_time": 0.16027, "forward_time": 0.62343, "loss_parse_time": 0.62378, "loss": [13.06254], "hm_loss": [3.87931], "loc_loss": [4.59161], "loc_loss_elem": [[0.37771, 0.41992, 0.84293, 0.42886, 0.73219, 0.32661, 0.80772, 0.65566]], "num_positive": [181.8]}
