{"mode": "train", "epoch": 1, "iter": 5, "lr": 0.00034, "time": 2.54051, "data_time": 1.45256, "memory": 1811, "transfer_time": 1.46378, "forward_time": 2.04402, "loss_parse_time": 2.04415, "loss": [74.60528], "hm_loss": [11.01218], "loc_loss": [31.79655], "loc_loss_elem": [[3.1389, 3.38052, 6.97736, 3.90833, 3.71809, 3.42867, 3.03431, 4.21037]], "num_positive": [52.8]}
{"mode": "train", "epoch": 1, "iter": 10, "lr": 0.00049, "time": 1.08015, "data_time": 0.07187, "memory": 1811, "transfer_time": 0.08304, "forward_time": 0.5725, "loss_parse_time": 0.57262, "loss": [24.19484], "hm_loss": [4.71004], "loc_loss": [9.7424], "loc_loss_elem": [[1.14353, 0.99251, 1.55211, 1.28193, 1.24383, 0.99687, 1.49628, 1.03534]], "num_positive": [44.0]}
{"mode": "train", "epoch": 1, "iter": 15, "lr": 0.00074, "time": 1.01737, "data_time": 0.08726, "memory": 1811, "transfer_time": 0.09833, "forward_time": 0.53072, "loss_parse_time": 0.53083, "loss": [16.86969], "hm_loss": [3.88682], "loc_loss": [6.49144], "loc_loss_elem": [[0.55967, 0.60876, 1.12006, 0.75972, 1.05199, 0.49871, 0.92825, 0.96428]], "num_positive": [50.8]}
{"mode": "train", "epoch": 1, "iter": 20, "lr": 0.00107, "time": 1.04423, "data_time": 0.05778, "memory": 1811, "transfer_time": 0.06864, "forward_time": 0.55229, "loss_parse_time": 0.5524, "loss": [19.39591], "hm_loss": [3.5178], "loc_loss": [7.93906], "loc_loss_elem": [[0.65276, 1.2534, 1.2065, 0.86867, 1.22421, 0.55587, 1.18262, 0.99501]], "num_positive": [61.2]}
{"mode": "train", "epoch": 1, "iter": 25, "lr": 0.00145, "time": 1.05533, "data_time": 0.08071, "memory": 1811, "transfer_time": 0.09185, "forward_time": 0.56641, "loss_parse_time": 0.56653, "loss": [15.60657], "hm_loss": [3.24484], "loc_loss": [6.18086], "loc_loss_elem": [[0.54254, 0.62344, 1.19414, 0.69652, 0.96589, 0.47009, 0.88682, 0.80141]], "num_positive": [42.8]}
{"mode": "train", "epoch": 1, "iter": 30, "lr": 0.00185, "time": 1.06623, "data_time": 0.07953, "memory": 1811, "transfer_time": 0.09083, "forward_time": 0.56324, "loss_parse_time": 0.56335, "loss": [12.83266], "hm_loss": [3.36595], "loc_loss": [4.73336], "loc_loss_elem": [[0.43208, 0.34981, 0.97967, 0.52396, 0.74203, 0.26951, 0.70659, 0.72971]], "num_positive": [39.8]}
