{"mode": "train", "epoch": 1, "iter": 5, "lr": 0.00036, "time": 5.19306, "data_time": 3.35159, "memory": 7102, "transfer_time": 3.43183, "forward_time": 4.26377, "loss_parse_time": 4.26413, "loss": [49.33042], "hm_loss": [7.20677], "loc_loss": [21.06182], "loc_loss_elem": [[2.20531, 2.16637, 3.63996, 2.90911, 3.49672, 1.91975, 2.44276, 2.28184]], "num_positive": [203.6]}
{"mode": "train", "epoch": 1, "iter": 10, "lr": 0.00058, "time": 1.42799, "data_time": 0.08641, "memory": 7342, "transfer_time": 0.13293, "forward_time": 0.59071, "loss_parse_time": 0.59114, "loss": [19.38356], "hm_loss": [4.14541], "loc_loss": [7.61907], "loc_loss_elem": [[0.76267, 0.7529, 1.42223, 0.82973, 1.1033, 0.62719, 1.09634, 1.02472]], "num_positive": [190.0]}
{"mode": "train", "epoch": 1, "iter": 15, "lr": 0.00095, "time": 1.43495, "data_time": 0.06799, "memory": 7689, "transfer_time": 0.13091, "forward_time": 0.57868, "loss_parse_time": 0.57911, "loss": [19.90188], "hm_loss": [3.87081], "loc_loss": [8.01554], "loc_loss_elem": [[0.8442, 0.77409, 1.60369, 0.75745, 1.05848, 0.68367, 1.06817, 1.22578]], "num_positive": [183.4]}
{"mode": "train", "epoch": 1, "iter": 20, "lr": 0.0014, "time": 1.45924, "data_time": 0.05095, "memory": 7689, "transfer_time": 0.10674, "forward_time": 0.5615, "loss_parse_time": 0.56193, "loss": [12.30576], "hm_loss": [3.22633], "loc_loss": [4.53972], "loc_loss_elem": [[0.37857, 0.33703, 0.85234, 0.50595, 0.78138, 0.27082, 0.7619, 0.65172]], "num_positive": [203.8]}
{"mode": "train", "epoch": 1, "iter": 25, "lr": 0.0019, "time": 1.47114, "data_time": 0.05399, "memory": 7689, "transfer_time": 0.10041, "forward_time": 0.57881, "loss_parse_time": 0.57915, "loss": [10.46986], "hm_loss": [2.66816], "loc_loss": [3.90085], "loc_loss_elem": [[0.28183, 0.28864, 0.58429, 0.44764, 0.68309, 0.30044, 0.70629, 0.60864]], "num_positive": [202.2]}
{"mode": "train", "epoch": 1, "iter": 30, "lr": 0.00235, "time": 1.4097, "data_time": 0.05582, "memory": 7988, "transfer_time": 0.12662, "forward_time": 0.57421, "loss_parse_time": 0.57451, "loss": [11.91556], "hm_loss": [2.60551], "loc_loss": [4.65503], "loc_loss_elem": [[0.31534, 0.382, 0.72662, 0.66402, 0.7284, 0.3373, 0.79752, 0.70381]], "num_positive": [195.6]}
{"mode": "train", "epoch": 1, "iter": 35, "lr": 0.00272, "time": 1.44186, "data_time": 0.05142, "memory": 7988, "transfer_time": 0.09782, "forward_time": 0.56539, "loss_parse_time": 0.56578, "loss": [10.56368], "hm_loss": [2.57253], "loc_loss": [3.99557], "loc_loss_elem": [[0.27481, 0.2883, 0.77931, 0.46353, 0.67593, 0.18287, 0.71125, 0.61956]], "num_positive": [181.6]}
{"mode": "train", "epoch": 1, "iter": 40, "lr": 0.00294, "time": 1.48503, "data_time": 0.0557, "memory": 7988, "transfer_time": 0.1054, "forward_time": 0.58225, "loss_parse_time": 0.58258, "loss": [10.82072], "hm_loss": [2.59691], "loc_loss": [4.11191], "loc_loss_elem": [[0.29675, 0.33834, 0.70959, 0.48316, 0.67096, 0.26878, 0.69403, 0.6503]], "num_positive": [170.0]}
{"mode": "train", "epoch": 1, "iter": 45, "lr": 0.003, "time": 1.40403, "data_time": 0.05338, "memory": 7988, "transfer_time": 0.11446, "forward_time": 0.58679, "loss_parse_time": 0.58721, "loss": [9.93554], "hm_loss": [2.65238], "loc_loss": [3.64158], "loc_loss_elem": [[0.24768, 0.25331, 0.57499, 0.44601, 0.69808, 0.14186, 0.67848, 0.60117]], "num_positive": [193.8]}
{"mode": "train", "epoch": 1, "iter": 50, "lr": 0.00294, "time": 1.42153, "data_time": 0.05762, "memory": 7988, "transfer_time": 0.11789, "forward_time": 0.57521, "loss_parse_time": 0.57561, "loss": [10.07535], "hm_loss": [2.44665], "loc_loss": [3.81435], "loc_loss_elem": [[0.28299, 0.27854, 0.69231, 0.39111, 0.63887, 0.165, 0.71801, 0.64752]], "num_positive": [207.8]}
{"mode": "train", "epoch": 1, "iter": 55, "lr": 0.00279, "time": 1.49709, "data_time": 0.07471, "memory": 7988, "transfer_time": 0.13956, "forward_time": 0.61727, "loss_parse_time": 0.61775, "loss": [10.88388], "hm_loss": [2.46993], "loc_loss": [4.20697], "loc_loss_elem": [[0.35931, 0.27937, 0.63, 0.4929, 0.67161, 0.25178, 0.77627, 0.74574]], "num_positive": [197.4]}
{"mode": "train", "epoch": 1, "iter": 60, "lr": 0.00257, "time": 1.37495, "data_time": 0.05538, "memory": 7988, "transfer_time": 0.11552, "forward_time": 0.54632, "loss_parse_time": 0.54678, "loss": [10.1247], "hm_loss": [2.53981], "loc_loss": [3.79245], "loc_loss_elem": [[0.29131, 0.27904, 0.60986, 0.4713, 0.62806, 0.1996, 0.70158, 0.6117]], "num_positive": [164.6]}
{"mode": "train", "epoch": 1, "iter": 65, "lr": 0.00229, "time": 1.46708, "data_time": 0.05331, "memory": 7988, "transfer_time": 0.10896, "forward_time": 0.57704, "loss_parse_time": 0.57752, "loss": [11.02397], "hm_loss": [2.46577], "loc_loss": [4.2791], "loc_loss_elem": [[0.38203, 0.28061, 0.83778, 0.43691, 0.61711, 0.22365, 0.74706, 0.75394]], "num_positive": [167.4]}
{"mode": "train", "epoch": 1, "iter": 70, "lr": 0.00196, "time": 1.44457, "data_time": 0.05833, "memory": 7988, "transfer_time": 0.10994, "forward_time": 0.59808, "loss_parse_time": 0.59845, "loss": [9.92198], "hm_loss": [2.4613], "loc_loss": [3.73034], "loc_loss_elem": [[0.26777, 0.26303, 0.62554, 0.42768, 0.63665, 0.18523, 0.66462, 0.6598]], "num_positive": [185.8]}
{"mode": "train", "epoch": 1, "iter": 75, "lr": 0.00161, "time": 1.49876, "data_time": 0.05722, "memory": 7988, "transfer_time": 0.11194, "forward_time": 0.60513, "loss_parse_time": 0.60545, "loss": [10.44376], "hm_loss": [2.52357], "loc_loss": [3.9601], "loc_loss_elem": [[0.289, 0.27558, 0.67925, 0.46223, 0.65606, 0.23114, 0.72878, 0.63807]], "num_positive": [171.4]}
{"mode": "train", "epoch": 1, "iter": 80, "lr": 0.00125, "time": 1.42466, "data_time": 0.0475, "memory": 7988, "transfer_time": 0.10128, "forward_time": 0.56378, "loss_parse_time": 0.56409, "loss": [10.05445], "hm_loss": [2.4371], "loc_loss": [3.80868], "loc_loss_elem": [[0.28499, 0.2787, 0.55854, 0.43881, 0.64299, 0.20438, 0.74966, 0.65062]], "num_positive": [183.4]}
{"mode": "train", "epoch": 1, "iter": 85, "lr": 0.0009, "time": 1.44599, "data_time": 0.05219, "memory": 7988, "transfer_time": 0.10864, "forward_time": 0.58394, "loss_parse_time": 0.58436, "loss": [9.43069], "hm_loss": [2.3978], "loc_loss": [3.51644], "loc_loss_elem": [[0.26003, 0.27985, 0.58038, 0.37094, 0.55464, 0.15942, 0.67257, 0.63862]], "num_positive": [218.0]}
{"mode": "train", "epoch": 1, "iter": 90, "lr": 0.00059, "time": 1.46248, "data_time": 0.05502, "memory": 7988, "transfer_time": 0.10857, "forward_time": 0.57601, "loss_parse_time": 0.57644, "loss": [9.97057], "hm_loss": [2.51691], "loc_loss": [3.72683], "loc_loss_elem": [[0.27853, 0.28518, 0.63949, 0.3991, 0.61009, 0.19984, 0.66589, 0.6487]], "num_positive": [181.2]}
{"mode": "train", "epoch": 1, "iter": 95, "lr": 0.00033, "time": 1.45717, "data_time": 0.04584, "memory": 7988, "transfer_time": 0.09195, "forward_time": 0.57676, "loss_parse_time": 0.57714, "loss": [8.91588], "hm_loss": [2.34904], "loc_loss": [3.28342], "loc_loss_elem": [[0.25155, 0.25469, 0.56772, 0.30264, 0.50362, 0.12445, 0.6828, 0.59594]], "num_positive": [175.0]}
{"mode": "train", "epoch": 1, "iter": 100, "lr": 0.00014, "time": 1.45611, "data_time": 0.06129, "memory": 7988, "transfer_time": 0.13357, "forward_time": 0.59196, "loss_parse_time": 0.59244, "loss": [9.19695], "hm_loss": [2.42301], "loc_loss": [3.38697], "loc_loss_elem": [[0.2553, 0.25551, 0.5106, 0.35807, 0.56467, 0.13729, 0.68366, 0.62187]], "num_positive": [188.0]}
{"mode": "train", "epoch": 1, "iter": 105, "lr": 3e-05, "time": 1.28227, "data_time": 0.04216, "memory": 7988, "transfer_time": 0.08255, "forward_time": 0.49466, "loss_parse_time": 0.49483, "loss": [9.18125], "hm_loss": [2.31875], "loc_loss": [3.43125], "loc_loss_elem": [[0.25237, 0.26336, 0.60004, 0.32856, 0.5041, 0.15012, 0.6889, 0.64381]], "num_positive": [201.6]}
