{"mode": "train", "epoch": 1, "iter": 5, "lr": 0.00031, "time": 3.69718, "data_time": 2.73489, "memory": 3786, "transfer_time": 2.77321, "forward_time": 3.1659, "loss_parse_time": 3.16624, "loss": [56.87066], "hm_loss": [4.95808], "loc_loss": [25.95629], "loc_loss_elem": [[3.12588, 2.84986, 4.33778, 2.78283, 2.58531, 3.5036, 2.80113, 3.96989]], "num_positive": [93.6]}
{"mode": "train", "epoch": 1, "iter": 10, "lr": 0.00037, "time": 0.72892, "data_time": 0.02607, "memory": 3786, "transfer_time": 0.04752, "forward_time": 0.26401, "loss_parse_time": 0.26427, "loss": [20.77194], "hm_loss": [4.00242], "loc_loss": [8.38476], "loc_loss_elem": [[0.9374, 0.91689, 1.49397, 0.81541, 1.12082, 0.77346, 1.1984, 1.12842]], "num_positive": [101.4]}
{"mode": "train", "epoch": 1, "iter": 15, "lr": 0.00047, "time": 0.75785, "data_time": 0.02304, "memory": 4044, "transfer_time": 0.04088, "forward_time": 0.2888, "loss_parse_time": 0.28907, "loss": [14.95702], "hm_loss": [3.83858], "loc_loss": [5.55922], "loc_loss_elem": [[0.58336, 0.48331, 1.05223, 0.53619, 0.82802, 0.3971, 0.95442, 0.72458]], "num_positive": [87.2]}
{"mode": "train", "epoch": 1, "iter": 20, "lr": 0.00061, "time": 0.77973, "data_time": 0.02651, "memory": 4460, "transfer_time": 0.04854, "forward_time": 0.30261, "loss_parse_time": 0.30287, "loss": [11.9593], "hm_loss": [3.19354], "loc_loss": [4.38288], "loc_loss_elem": [[0.45559, 0.36515, 0.75596, 0.39976, 0.62573, 0.26895, 0.80826, 0.70348]], "num_positive": [102.0]}
{"mode": "train", "epoch": 1, "iter": 25, "lr": 0.00079, "time": 0.76721, "data_time": 0.02901, "memory": 4460, "transfer_time": 0.05581, "forward_time": 0.30029, "loss_parse_time": 0.30054, "loss": [12.54392], "hm_loss": [3.11202], "loc_loss": [4.71595], "loc_loss_elem": [[0.39862, 0.45132, 0.91386, 0.41742, 0.73605, 0.29386, 0.76238, 0.74243]], "num_positive": [73.4]}
{"mode": "train", "epoch": 1, "iter": 30, "lr": 0.00099, "time": 0.74479, "data_time": 0.02888, "memory": 4460, "transfer_time": 0.05064, "forward_time": 0.28252, "loss_parse_time": 0.28277, "loss": [11.13768], "hm_loss": [2.69059], "loc_loss": [4.22355], "loc_loss_elem": [[0.34397, 0.32699, 0.80638, 0.43034, 0.62134, 0.28116, 0.77059, 0.64278]], "num_positive": [94.4]}
{"mode": "train", "epoch": 1, "iter": 35, "lr": 0.00121, "time": 0.77447, "data_time": 0.03158, "memory": 4460, "transfer_time": 0.05453, "forward_time": 0.29297, "loss_parse_time": 0.29325, "loss": [10.56224], "hm_loss": [2.57787], "loc_loss": [3.99219], "loc_loss_elem": [[0.29091, 0.28038, 0.6838, 0.40869, 0.65559, 0.2641, 0.72194, 0.68678]], "num_positive": [88.8]}
{"mode": "train", "epoch": 1, "iter": 40, "lr": 0.00145, "time": 0.75535, "data_time": 0.0245, "memory": 4460, "transfer_time": 0.04413, "forward_time": 0.29635, "loss_parse_time": 0.29664, "loss": [10.1317], "hm_loss": [2.58965], "loc_loss": [3.77102], "loc_loss_elem": [[0.26571, 0.27517, 0.65125, 0.42849, 0.68301, 0.1864, 0.72327, 0.55774]], "num_positive": [93.4]}
{"mode": "train", "epoch": 1, "iter": 45, "lr": 0.0017, "time": 0.69106, "data_time": 0.02704, "memory": 4460, "transfer_time": 0.04682, "forward_time": 0.26526, "loss_parse_time": 0.26552, "loss": [12.42477], "hm_loss": [2.39553], "loc_loss": [5.01462], "loc_loss_elem": [[0.37434, 0.45638, 1.16613, 0.53707, 0.52412, 0.24408, 0.92967, 0.78284]], "num_positive": [107.6]}
{"mode": "train", "epoch": 1, "iter": 50, "lr": 0.00194, "time": 0.75924, "data_time": 0.0287, "memory": 4460, "transfer_time": 0.05194, "forward_time": 0.29624, "loss_parse_time": 0.29652, "loss": [8.84826], "hm_loss": [2.3576], "loc_loss": [3.24533], "loc_loss_elem": [[0.25947, 0.24241, 0.51905, 0.28029, 0.51261, 0.15022, 0.68686, 0.59441]], "num_positive": [91.8]}
{"mode": "train", "epoch": 1, "iter": 55, "lr": 0.00218, "time": 0.65318, "data_time": 0.026, "memory": 4460, "transfer_time": 0.04759, "forward_time": 0.25785, "loss_parse_time": 0.25805, "loss": [11.55755], "hm_loss": [2.37878], "loc_loss": [4.58938], "loc_loss_elem": [[0.32434, 0.44058, 0.96089, 0.4445, 0.63212, 0.29589, 0.80659, 0.68448]], "num_positive": [108.2]}
{"mode": "train", "epoch": 1, "iter": 60, "lr": 0.00239, "time": 0.80809, "data_time": 0.03916, "memory": 4460, "transfer_time": 0.06565, "forward_time": 0.31071, "loss_parse_time": 0.31092, "loss": [11.90021], "hm_loss": [2.62635], "loc_loss": [4.63693], "loc_loss_elem": [[0.49606, 0.42078, 0.77712, 0.50423, 0.63774, 0.22893, 0.84921, 0.72286]], "num_positive": [92.0]}
{"mode": "train", "epoch": 1, "iter": 65, "lr": 0.00259, "time": 0.78598, "data_time": 0.02641, "memory": 4460, "transfer_time": 0.04848, "forward_time": 0.30433, "loss_parse_time": 0.30455, "loss": [10.97783], "hm_loss": [2.62603], "loc_loss": [4.1759], "loc_loss_elem": [[0.3157, 0.37637, 0.71359, 0.40733, 0.6708, 0.25246, 0.7835, 0.65616]], "num_positive": [93.0]}
{"mode": "train", "epoch": 1, "iter": 70, "lr": 0.00275, "time": 0.76806, "data_time": 0.02762, "memory": 4460, "transfer_time": 0.05016, "forward_time": 0.29141, "loss_parse_time": 0.29161, "loss": [9.96675], "hm_loss": [2.37292], "loc_loss": [3.79691], "loc_loss_elem": [[0.30753, 0.28321, 0.73044, 0.38644, 0.53896, 0.16892, 0.7531, 0.6283]], "num_positive": [93.0]}
{"mode": "train", "epoch": 1, "iter": 75, "lr": 0.00287, "time": 0.80313, "data_time": 0.02764, "memory": 4460, "transfer_time": 0.04892, "forward_time": 0.30227, "loss_parse_time": 0.30248, "loss": [10.12617], "hm_loss": [2.45948], "loc_loss": [3.83334], "loc_loss_elem": [[0.2624, 0.3316, 0.65431, 0.38397, 0.59666, 0.17745, 0.68383, 0.74311]], "num_positive": [102.0]}
{"mode": "train", "epoch": 1, "iter": 80, "lr": 0.00296, "time": 0.759, "data_time": 0.02677, "memory": 4460, "transfer_time": 0.04791, "forward_time": 0.28787, "loss_parse_time": 0.28812, "loss": [11.03881], "hm_loss": [2.55804], "loc_loss": [4.24038], "loc_loss_elem": [[0.31894, 0.34933, 0.92308, 0.40254, 0.59155, 0.21427, 0.74951, 0.69117]], "num_positive": [80.0]}
{"mode": "train", "epoch": 1, "iter": 85, "lr": 0.003, "time": 0.77506, "data_time": 0.03149, "memory": 4460, "transfer_time": 0.0586, "forward_time": 0.29388, "loss_parse_time": 0.29415, "loss": [10.87626], "hm_loss": [2.51161], "loc_loss": [4.18232], "loc_loss_elem": [[0.28349, 0.37363, 0.69989, 0.40525, 0.5764, 0.20034, 0.78606, 0.85726]], "num_positive": [85.6]}
{"mode": "train", "epoch": 1, "iter": 90, "lr": 0.003, "time": 0.80766, "data_time": 0.03641, "memory": 4460, "transfer_time": 0.06184, "forward_time": 0.31788, "loss_parse_time": 0.31811, "loss": [8.84977], "hm_loss": [2.31499], "loc_loss": [3.26739], "loc_loss_elem": [[0.23615, 0.24723, 0.51085, 0.3071, 0.50156, 0.13626, 0.68851, 0.63973]], "num_positive": [94.0]}
{"mode": "train", "epoch": 1, "iter": 95, "lr": 0.00297, "time": 0.81664, "data_time": 0.03009, "memory": 4460, "transfer_time": 0.05524, "forward_time": 0.31238, "loss_parse_time": 0.31261, "loss": [9.10338], "hm_loss": [2.27601], "loc_loss": [3.41369], "loc_loss_elem": [[0.25174, 0.25726, 0.62329, 0.31212, 0.49919, 0.15164, 0.68397, 0.63448]], "num_positive": [97.6]}
{"mode": "train", "epoch": 1, "iter": 100, "lr": 0.00293, "time": 0.79687, "data_time": 0.02549, "memory": 4460, "transfer_time": 0.05139, "forward_time": 0.30256, "loss_parse_time": 0.30277, "loss": [9.60868], "hm_loss": [2.29433], "loc_loss": [3.65717], "loc_loss_elem": [[0.30422, 0.26369, 0.71508, 0.27193, 0.48436, 0.15311, 0.63974, 0.82503]], "num_positive": [89.2]}
{"mode": "train", "epoch": 1, "iter": 105, "lr": 0.00286, "time": 0.79277, "data_time": 0.02651, "memory": 4460, "transfer_time": 0.04986, "forward_time": 0.30765, "loss_parse_time": 0.30786, "loss": [10.68795], "hm_loss": [2.37056], "loc_loss": [4.15869], "loc_loss_elem": [[0.36956, 0.29103, 0.64273, 0.49701, 0.54875, 0.16776, 0.93239, 0.70947]], "num_positive": [95.8]}
{"mode": "train", "epoch": 1, "iter": 110, "lr": 0.00277, "time": 0.80648, "data_time": 0.02926, "memory": 4460, "transfer_time": 0.053, "forward_time": 0.31158, "loss_parse_time": 0.3118,