{"mode": "train", "epoch": 1, "iter": 5, "lr": 0.0003, "time": 5.34862, "data_time": 3.60266, "memory": 7139, "transfer_time": 3.67113, "forward_time": 4.50446, "loss_parse_time": 4.51361, "loss": [47.60854], "hm_loss": [5.09837], "loc_loss": [21.25508], "loc_loss_elem": [[3.01107, 2.19224, 3.41545, 2.12, 2.50359, 2.00678, 2.88618, 3.11977]], "num_positive": [201.2]}
{"mode": "train", "epoch": 1, "iter": 10, "lr": 0.0003, "time": 1.42245, "data_time": 0.06119, "memory": 7423, "transfer_time": 0.14496, "forward_time": 0.59338, "loss_parse_time": 0.60136, "loss": [16.3777], "hm_loss": [3.96323], "loc_loss": [6.20723], "loc_loss_elem": [[0.64561, 0.52054, 1.21679, 0.71292, 0.89589, 0.41652, 0.93372, 0.86524]], "num_positive": [187.0]}
{"mode": "train", "epoch": 1, "iter": 15, "lr": 0.0003, "time": 1.40914, "data_time": 0.0589, "memory": 7791, "transfer_time": 0.12536, "forward_time": 0.58276, "loss_parse_time": 0.59061, "loss": [13.63508], "hm_loss": [3.77785], "loc_loss": [4.92862], "loc_loss_elem": [[0.38707, 0.42033, 0.89863, 0.54597, 0.77792, 0.28114, 0.8315, 0.78605]], "num_positive": [181.2]}
