{"mode": "train", "epoch": 1, "iter": 5, "lr": 0.00036, "time": 5.2034, "data_time": 3.38542, "memory": 7081, "transfer_time": 3.48256, "forward_time": 4.2854, "loss_parse_time": 4.2861, "loss": [46.10847], "hm_loss": [4.39318], "loc_loss": [20.85765], "loc_loss_elem": [[2.90185, 1.85587, 3.5865, 1.94975, 2.90384, 2.62006, 2.7481, 2.29169]], "num_positive": [201.6]}
{"mode": "train", "epoch": 1, "iter": 10, "lr": 0.00058, "time": 1.40051, "data_time": 0.0502, "memory": 7346, "transfer_time": 0.10231, "forward_time": 0.56133, "loss_parse_time": 0.56186, "loss": [16.18508], "hm_loss": [3.95634], "loc_loss": [6.11437], "loc_loss_elem": [[0.4624, 0.46868, 1.23547, 0.51615, 1.10792, 0.51185, 0.95454, 0.85735]], "num_positive": [187.2]}
{"mode": "train", "epoch": 1, "iter": 15, "lr": 0.00095, "time": 1.43587, "data_time": 0.07264, "memory": 7611, "transfer_time": 0.13197, "forward_time": 0.57513, "loss_parse_time": 0.57551, "loss": [17.55474], "hm_loss": [3.73639], "loc_loss": [6.90918], "loc_loss_elem": [[0.50081, 0.53202, 1.3174, 0.71656, 1.01935, 0.72698, 1.11104, 0.98503]], "num_positive": [185.2]}
{"mode": "train", "epoch": 1, "iter": 20, "lr": 0.0014, "time": 1.45799, "data_time": 0.05319, "memory": 7611, "transfer_time": 0.10096, "forward_time": 0.57449, "loss_parse_time": 0.57498, "loss": [15.26423], "hm_loss": [3.06536], "loc_loss": [6.09943], "loc_loss_elem": [[0.6134, 0.48692, 1.24142, 0.53858, 0.94852, 0.4795, 0.92684, 0.86426]], "num_positive": [203.6]}
{"mode": "train", "epoch": 1, "iter": 25, "lr": 0.0019, "time": 1.48003, "data_time": 0.04288, "memory": 7674, "transfer_time": 0.0895, "forward_time": 0.57587, "loss_parse_time": 0.5762, "loss": [10.6194], "hm_loss": [2.61131], "loc_loss": [4.00405], "loc_loss_elem": [[0.37105, 0.32469, 0.60465, 0.43324, 0.69225, 0.24972, 0.73221, 0.59624]], "num_positive": [201.2]}
{"mode": "train", "epoch": 1, "iter": 30, "lr": 0.00235, "time": 1.44012, "data_time": 0.06139, "memory": 7998, "transfer_time": 0.12261, "forward_time": 0.58867, "loss_parse_time": 0.58911, "loss": [11.12721], "hm_loss": [2.67497], "loc_loss": [4.22612], "loc_loss_elem": [[0.30415, 0.31525, 0.69632, 0.52452, 0.75196, 0.24708, 0.73045, 0.65639]], "num_positive": [196.2]}
{"mode": "train", "epoch": 1, "iter": 35, "lr": 0.00272, "time": 1.4681, "data_time": 0.05009, "memory": 7998, "transfer_time": 0.09189, "forward_time": 0.59205, "loss_parse_time": 0.59244, "loss": [11.16817], "hm_loss": [2.65256], "loc_loss": [4.25781], "loc_loss_elem": [[0.29478, 0.28446, 0.8996, 0.48107, 0.76005, 0.20902, 0.69421, 0.63461]], "num_positive": [179.8]}
{"mode": "train", "epoch": 1, "iter": 40, "lr": 0.00294, "time": 1.53422, "data_time": 0.07128, "memory": 7998, "transfer_time": 0.12933, "forward_time": 0.61835, "loss_parse_time": 0.61876, "loss": [11.43654], "hm_loss": [2.57561], "loc_loss": [4.43046], "loc_loss_elem": [[0.32448, 0.30994, 0.77138, 0.53316, 0.79129, 0.21621, 0.79905, 0.68496]], "num_positive": [169.6]}
{"mode": "train", "epoch": 1, "iter": 45, "lr": 0.003, "time": 1.39608, "data_time": 0.05601, "memory": 7998, "transfer_time": 0.10548, "forward_time": 0.56882, "loss_parse_time": 0.56929, "loss": [10.73182], "hm_loss": [2.55151], "loc_loss": [4.09016], "loc_loss_elem": [[0.30218, 0.27003, 0.65117, 0.44499, 0.81736, 0.18671, 0.75095, 0.66676]], "num_positive": [195.0]}
{"mode": "train", "epoch": 1, "iter": 50, "lr": 0.00294, "time": 1.42065, "data_time": 0.05733, "memory": 7998, "transfer_time": 0.12574, "forward_time": 0.57616, "loss_parse_time": 0.57672, "loss": [11.07937], "hm_loss": [2.57186], "loc_loss": [4.25375], "loc_loss_elem": [[0.30868, 0.33136, 0.71392, 0.43595, 0.72856, 0.22176, 0.80383, 0.70969]], "num_positive": [209.0]}
{"mode": "train", "epoch": 1, "iter": 55, "lr": 0.00279, "time": 1.48665, "data_time": 0.0534, "memory": 7998, "transfer_time": 0.10963, "forward_time": 0.59327, "loss_parse_time": 0.59369, "loss": [10.75457], "hm_loss": [2.54012], "loc_loss": [4.10723], "loc_loss_elem": [[0.35433, 0.30881, 0.67448, 0.4245, 0.66078, 0.24569, 0.76988, 0.66875]], "num_positive": [197.4]}
{"mode": "train", "epoch": 1, "iter": 60, "lr": 0.00257, "time": 1.43179, "data_time": 0.07703, "memory": 7998, "transfer_time": 0.13688, "forward_time": 0.58557, "loss_parse_time": 0.58609, "loss": [11.43613], "hm_loss": [3.86816], "loc_loss": [3.78398], "loc_loss_elem": [[0.2927, 0.26609, 0.62104, 0.4231, 0.62997, 0.16883, 0.70907, 0.67319]], "num_positive": [164.8]}
{"mode": "train", "epoch": 1, "iter": 65, "lr": 0.00229, "time": 1.51881, "data_time": 0.05732, "memory": 7998, "transfer_time": 0.11158, "forward_time": 0.61642, "loss_parse_time": 0.61679, "loss": [10.96561], "hm_loss": [2.59338], "loc_loss": [4.18612], "loc_loss_elem": [[0.3611, 0.27909, 0.69304, 0.47253, 0.61663, 0.25741, 0.79369, 0.71263]], "num_positive": [166.8]}
{"mode": "train", "epoch": 1, "iter": 70, "lr": 0.00196, "time": 1.38075, "data_time": 0.04801, "memory": 7998, "transfer_time": 0.09216, "forward_time": 0.5442, "loss_parse_time": 0.54466, "loss": [9.85933], "hm_loss": [2.46965], "loc_loss": [3.69484], "loc_loss_elem": [[0.26566, 0.25621, 0.59539, 0.42107, 0.63352, 0.19033, 0.70968, 0.62298]], "num_positive": [186.0]}
{"mode": "train", "epoch": 1, "iter": 75, "lr": 0.00161, "time": 1.4845, "data_time": 0.06012, "memory": 7998, "transfer_time": 0.11857, "forward_time": 0.5945, "loss_parse_time": 0.59487, "loss": [9.14075], "hm_loss": [2.53338], "loc_loss": [3.30368], "loc_loss_elem": [[0.25107, 0.24977, 0.46236, 0.35612, 0.57471, 0.13885, 0.67973, 0.59107]], "num_positive": [168.8]}
{"mode": "train", "epoch": 1, "iter": 80, "lr": 0.00125, "time": 1.43334, "data_time": 0.05104, "memory": 7998, "transfer_time": 0.10192, "forward_time": 0.56968, "loss_parse_time": 0.57014, "loss": [9.79278], "hm_loss": [2.48267], "loc_loss": [3.65506], "loc_loss_elem": [[0.28198, 0.27728, 0.47767, 0.39624, 0.56836, 0.25302, 0.73011, 0.6704]], "num_positive": [181.2]}
{"mode": "train", "epoch": 1, "iter": 85, "lr": 0.0009, "time": 1.4288, "data_time": 0.0491, "memory": 7998, "transfer_time": 0.09862, "forward_time": 0.57139, "loss_parse_time": 0.57192, "loss": [9.12567], "hm_loss": [2.37002], "loc_loss": [3.37782], "loc_loss_elem": [[0.26396, 0.25899, 0.50966, 0.36227, 0.55718, 0.14052, 0.70072, 0.58451]], "num_positive": [219.8]}
{"mode": "train", "epoch": 1, "iter": 90, "lr": 0.00059, "time": 1.49859, "data_time": 0.06833, "memory": 7998, "transfer_time": 0.12863, "forward_time": 0.60048, "loss_parse_time": 0.60097, "loss": [9.1764], "hm_loss": [2.4875], "loc_loss": [3.34445], "loc_loss_elem": [[0.24737, 0.24834, 0.50313, 0.3358, 0.55466, 0.15181, 0.68789, 0.61545]], "num_positive": [181.0]}
{"mode": "train", "epoch": 1, "iter": 95, "lr": 0.00033, "time": 1.45806, "data_time": 0.04735, "memory": 7998, "transfer_time": 0.10135, "forward_time": 0.57399, "loss_parse_time": 0.57438, "loss": [8.92931], "hm_loss": [2.40369], "loc_loss": [3.26281], "loc_loss_elem": [[0.26321, 0.25646, 0.49351, 0.3052, 0.47427, 0.17239, 0.68168, 0.61609]], "num_positive": [173.8]}
{"mode": "train", "epoch": 1, "iter": 100, "lr": 0.00014, "time": 1.43569, "data_time": 0.05507, "memory": 7998, "transfer_time": 0.11266, "forward_time": 0.58244, "loss_parse_time": 0.58285, "loss": [9.05731], "hm_loss": [2.43962], "loc_loss": [3.30885], "loc_loss_elem": [[0.25746, 0.25356, 0.40788, 0.36809, 0.58115, 0.15792, 0.70076, 0.58203]], "num_positive": [188.6]}
{"mode": "train", "epoch": 1, "iter": 105, "lr": 3e-05, "time": 1.28585, "data_time": 0.0419, "memory": 7998, "transfer_time": 0.08139, "forward_time": 0.49913, "loss_parse_time": 0.4993, "loss": [8.83014], "hm_loss": [2.31709], "loc_loss": [3.25652], "loc_loss_elem": [[0.24911, 0.2605, 0.49502, 0.31168, 0.4959, 0.12849, 0.66579, 0.65004]], "num_positive": [200.0]}
