{"mode": "train", "epoch": 1, "iter": 5, "lr": 0.00036, "time": 5.15437, "data_time": 3.55817, "memory": 7040, "transfer_time": 3.62134, "forward_time": 4.25263, "loss_parse_time": 4.25295, "loss": [51.03593], "hm_loss": [5.43728], "loc_loss": [22.79932], "loc_loss_elem": [[2.8742, 2.6379, 4.13145, 2.19821, 2.336, 2.13493, 3.39013, 3.09651]], "num_positive": [202.8]}
{"mode": "train", "epoch": 1, "iter": 10, "lr": 0.00058, "time": 1.43817, "data_time": 0.04746, "memory": 7356, "transfer_time": 0.10354, "forward_time": 0.56022, "loss_parse_time": 0.5605, "loss": [17.82022], "hm_loss": [3.9762], "loc_loss": [6.92201], "loc_loss_elem": [[0.75447, 0.67405, 1.20981, 0.80166, 0.97572, 0.55766, 1.08027, 0.86838]], "num_positive": [190.4]}
{"mode": "train", "epoch": 1, "iter": 15, "lr": 0.00095, "time": 1.43124, "data_time": 0.05719, "memory": 7746, "transfer_time": 0.1109, "forward_time": 0.57025, "loss_parse_time": 0.57051, "loss": [13.5071], "hm_loss": [3.76884], "loc_loss": [4.86913], "loc_loss_elem": [[0.38518, 0.38401, 0.76889, 0.59074, 0.77749, 0.45542, 0.84569, 0.66172]], "num_positive": [186.4]}
