{"mode": "train", "epoch": 1, "iter": 5, "lr": 0.00036, "time": 5.49917, "data_time": 3.89599, "memory": 7020, "transfer_time": 3.98016, "forward_time": 4.62415, "loss_parse_time": 4.62458, "loss": [59.4077], "hm_loss": [5.10079], "loc_loss": [27.15346], "loc_loss_elem": [[2.37213, 3.31051, 4.28616, 2.92542, 2.186, 2.84348, 3.0721, 6.15766]], "num_positive": [200.8]}
{"mode": "train", "epoch": 1, "iter": 10, "lr": 0.00058, "time": 1.38905, "data_time": 0.03996, "memory": 7330, "transfer_time": 0.10494, "forward_time": 0.56748, "loss_parse_time": 0.5679, "loss": [17.522], "hm_loss": [3.91515], "loc_loss": [6.80343], "loc_loss_elem": [[0.70147, 0.75367, 1.24775, 0.65601, 0.92989, 0.51362, 1.06066, 0.94036]], "num_positive": [188.2]}
{"mode": "train", "epoch": 1, "iter": 15, "lr": 0.00095, "time": 1.47175, "data_time": 0.06675, "memory": 7683, "transfer_time": 0.15248, "forward_time": 0.62109, "loss_parse_time": 0.62155, "loss": [14.78647], "hm_loss": [3.65069], "loc_loss": [5.56789], "loc_loss_elem": [[0.60493, 0.61127, 1.10304, 0.55177, 0.80099, 0.36937, 0.85205, 0.67448]], "num_positive": [182.2]}
