{"mode": "train", "epoch": 1, "iter": 5, "lr": 0.00036, "time": 5.26098, "data_time": 3.63594, "memory": 7081, "transfer_time": 3.71379, "forward_time": 4.4056, "loss_parse_time": 4.40615, "loss": [44.52629], "hm_loss": [4.44974], "loc_loss": [20.03827], "loc_loss_elem": [[2.46927, 2.16191, 3.37895, 2.13644, 2.66014, 1.81704, 2.6446, 2.76993]], "num_positive": [204.2]}
{"mode": "train", "epoch": 1, "iter": 10, "lr": 0.00058, "time": 1.40639, "data_time": 0.05507, "memory": 7296, "transfer_time": 0.11871, "forward_time": 0.58215, "loss_parse_time": 0.58258, "loss": [15.64883], "hm_loss": [3.8872], "loc_loss": [5.88082], "loc_loss_elem": [[0.61145, 0.59378, 1.06254, 0.59249, 0.80287, 0.50349, 0.92842, 0.78577]], "num_positive": [190.8]}
{"mode": "train", "epoch": 1, "iter": 15, "lr": 0.00095, "time": 1.42324, "data_time": 0.0563, "memory": 7767, "transfer_time": 0.1101, "forward_time": 0.57505, "loss_parse_time": 0.57546, "loss": [13.58826], "hm_loss": [3.68786], "loc_loss": [4.9502], "loc_loss_elem": [[0.48751, 0.48704, 0.80162, 0.48933, 0.68918, 0.38121, 0.86198, 0.75232]], "num_positive": [186.8]}
