{"mode": "train", "epoch": 1, "iter": 5, "lr": 0.00036, "time": 5.27522, "data_time": 3.48437, "memory": 7105, "transfer_time": 3.56471, "forward_time": 4.45853, "loss_parse_time": 4.45895, "loss": [61.42404], "hm_loss": [8.94894], "loc_loss": [26.23755], "loc_loss_elem": [[3.16149, 2.79751, 6.39942, 3.72895, 2.36828, 2.24296, 2.73038, 2.80857]], "num_positive": [198.8]}
{"mode": "train", "epoch": 1, "iter": 10, "lr": 0.00058, "time": 1.39652, "data_time": 0.05066, "memory": 7442, "transfer_time": 0.10712, "forward_time": 0.56639, "loss_parse_time": 0.56682, "loss": [16.36023], "hm_loss": [4.0482], "loc_loss": [6.15602], "loc_loss_elem": [[0.733, 0.55428, 1.09477, 0.71939, 0.89296, 0.41937, 0.96123, 0.78102]], "num_positive": [188.8]}
{"mode": "train", "epoch": 1, "iter": 15, "lr": 0.00095, "time": 1.41109, "data_time": 0.04772, "memory": 7789, "transfer_time": 0.10186, "forward_time": 0.58527, "loss_parse_time": 0.58569, "loss": [17.89662], "hm_loss": [3.74647], "loc_loss": [7.07507], "loc_loss_elem": [[0.65586, 0.80841, 1.23218, 0.83694, 0.88675, 0.5554, 1.04096, 1.05856]], "num_positive": [185.2]}
{"mode": "train", "epoch": 1, "iter": 20, "lr": 0.0014, "time": 1.46882, "data_time": 0.05263, "memory": 7789, "transfer_time": 0.10203, "forward_time": 0.58961, "loss_parse_time": 0.58995, "loss": [13.52332], "hm_loss": [3.00085], "loc_loss": [5.26124], "loc_loss_elem": [[0.46259, 0.47461, 0.91614, 0.73056, 0.87219, 0.39272, 0.71184, 0.7006]], "num_positive": [203.2]}
{"mode": "train", "epoch": 1, "iter": 25, "lr": 0.0019, "time": 1.43839, "data_time": 0.05207, "memory": 7789, "transfer_time": 0.10243, "forward_time": 0.57092, "loss_parse_time": 0.57135, "loss": [10.69566], "hm_loss": [2.60014], "loc_loss": [4.04776], "loc_loss_elem": [[0.30477, 0.30675, 0.63292, 0.4777, 0.71424, 0.21519, 0.77171, 0.62448]], "num_positive": [201.8]}
{"mode": "train", "epoch": 1, "iter": 30, "lr": 0.00235, "time": 1.45205, "data_time": 0.06662, "memory": 8021, "transfer_time": 0.14853, "forward_time": 0.60645, "loss_parse_time": 0.60682, "loss": [13.12278], "hm_loss": [2.56214], "loc_loss": [5.28032], "loc_loss_elem": [[0.36816, 0.35656, 0.69617, 0.79251, 0.83474, 0.63751, 0.86141, 0.73327]], "num_positive": [194.2]}
{"mode": "train", "epoch": 1, "iter": 35, "lr": 0.00272, "time": 1.43979, "data_time": 0.05313, "memory": 8021, "transfer_time": 0.1084, "forward_time": 0.56545, "loss_parse_time": 0.56586, "loss": [13.17637], "hm_loss": [2.66202], "loc_loss": [5.25717], "loc_loss_elem": [[0.58001, 0.3834, 1.12594, 0.55403, 0.82533, 0.20117, 0.86205, 0.72525]], "num_positive": [180.2]}
{"mode": "train", "epoch": 1, "iter": 40, "lr": 0.00294, "time": 1.50982, "data_time": 0.05463, "memory": 8021, "transfer_time": 0.11428, "forward_time": 0.59625, "loss_parse_time": 0.59665, "loss": [10.62252], "hm_loss": [2.52127], "loc_loss": [4.05062], "loc_loss_elem": [[0.35702, 0.34092, 0.70176, 0.44121, 0.63847, 0.20363, 0.71969, 0.64792]], "num_positive": [170.4]}
{"mode": "train", "epoch": 1, "iter": 45, "lr": 0.003, "time": 1.36187, "data_time": 0.05297, "memory": 8021, "transfer_time": 0.10782, "forward_time": 0.53946, "loss_parse_time": 0.53982, "loss": [12.19429], "hm_loss": [2.4707], "loc_loss": [4.86179], "loc_loss_elem": [[0.40527, 0.30286, 0.94348, 0.46387, 0.90712, 0.18667, 0.7326, 0.91993]], "num_positive": [193.4]}
{"mode": "train", "epoch": 1, "iter": 50, "lr": 0.00294, "time": 1.39454, "data_time": 0.04948, "memory": 8021, "transfer_time": 0.09948, "forward_time": 0.54806, "loss_parse_time": 0.5485, "loss": [12.72202], "hm_loss": [2.51707], "loc_loss": [5.10248], "loc_loss_elem": [[0.4395, 0.50069, 0.97388, 0.62677, 0.68348, 0.31663, 0.85177, 0.70977]], "num_positive": [208.8]}
{"mode": "train", "epoch": 1, "iter": 55, "lr": 0.00279, "time": 1.46189, "data_time": 0.05388, "memory": 8021, "transfer_time": 0.10776, "forward_time": 0.58451, "loss_parse_time": 0.58494, "loss": [10.84605], "hm_loss": [2.45343], "loc_loss": [4.19631], "loc_loss_elem": [[0.29151, 0.4345, 0.694, 0.46914, 0.68135, 0.19373, 0.73955, 0.69253]], "num_positive": [198.6]}
{"mode": "train", "epoch": 1, "iter": 60, "lr": 0.00257, "time": 1.42963, "data_time": 0.06844, "memory": 8021, "transfer_time": 0.12958, "forward_time": 0.58529, "loss_parse_time": 0.58569, "loss": [12.30706], "hm_loss": [2.54191], "loc_loss": [4.88257], "loc_loss_elem": [[0.3254, 0.68044, 0.83721, 0.42778, 0.68964, 0.28887, 0.74721, 0.88603]], "num_positive": [164.4]}
{"mode": "train", "epoch": 1, "iter": 65, "lr": 0.00229, "time": 1.50954, "data_time": 0.06612, "memory": 8021, "transfer_time": 0.13689, "forward_time": 0.62429, "loss_parse_time": 0.62466, "loss": [10.08926], "hm_loss": [2.45113], "loc_loss": [3.81906], "loc_loss_elem": [[0.28941, 0.32616, 0.69647, 0.39039, 0.55853, 0.1747, 0.74382, 0.6396]], "num_positive": [168.8]}
{"mode": "train", "epoch": 1, "iter": 70, "lr": 0.00196, "time": 1.44102, "data_time": 0.05037, "memory": 8021, "transfer_time": 0.11006, "forward_time": 0.58644, "loss_parse_time": 0.58678, "loss": [11.84267], "hm_loss": [2.46876], "loc_loss": [4.68696], "loc_loss_elem": [[0.37106, 0.46866, 0.86172, 0.4582, 0.66999, 0.25665, 0.83412, 0.76656]], "num_positive": [186.4]}
{"mode": "train", "epoch": 1, "iter": 75, "lr": 0.00161, "time": 1.47372, "data_time": 0.05528, "memory": 8021, "transfer_time": 0.10925, "forward_time": 0.59419, "loss_parse_time": 0.59451, "loss": [10.04477], "hm_loss": [2.46086], "loc_loss": [3.79195], "loc_loss_elem": [[0.28567, 0.3151, 0.52195, 0.3997, 0.64949, 0.19215, 0.77965, 0.64826]], "num_positive": [173.6]}
{"mode": "train", "epoch": 1, "iter": 80, "lr": 0.00125, "time": 1.42605, "data_time": 0.05585, "memory": 8021, "transfer_time": 0.10369, "forward_time": 0.56225, "loss_parse_time": 0.56262, "loss": [9.35413], "hm_loss": [2.34427], "loc_loss": [3.50493], "loc_loss_elem": [[0.25964, 0.2938, 0.45883, 0.3679, 0.59089, 0.15212, 0.72386, 0.65791]], "num_positive": [186.0]}
{"mode": "train", "epoch": 1, "iter": 85, "lr": 0.0009, "time": 1.4463, "data_time": 0.05226, "memory": 8021, "transfer_time": 0.10148, "forward_time": 0.58155, "loss_parse_time": 0.58202, "loss": [8.8508], "hm_loss": [2.29908], "loc_loss": [3.27586], "loc_loss_elem": [[0.25385, 0.25476, 0.46303, 0.35925, 0.53213, 0.13518, 0.66369, 0.61397]], "num_positive": [219.4]}
{"mode": "train", "epoch": 1, "iter": 90, "lr": 0.00059, "time": 1.48526, "data_time": 0.04593, "memory": 8021, "transfer_time": 0.10054, "forward_time": 0.60278, "loss_parse_time": 0.60324, "loss": [8.92599], "hm_loss": [2.43735], "loc_loss": [3.24432], "loc_loss_elem": [[0.24714, 0.25228, 0.47036, 0.3223, 0.51421, 0.1394, 0.68583, 0.6128]], "num_positive": [181.6]}
{"mode": "train", "epoch": 1, "iter": 95, "lr": 0.00033, "time": 1.44535, "data_time": 0.04844, "memory": 8021, "transfer_time": 0.10153, "forward_time": 0.57209, "loss_parse_time": 0.57249, "loss": [8.57443], "hm_loss": [2.27948], "loc_loss": [3.14747], "loc_loss_elem": [[0.24914, 0.2651, 0.48624, 0.28016, 0.47405, 0.12566, 0.68586, 0.58126]], "num_positive": [174.0]}
{"mode": "train", "epoch": 1, "iter": 100, "lr": 0.00014, "time": 1.44907, "data_time": 0.06664, "memory": 8021, "transfer_time": 0.13665, "forward_time": 0.59245, "loss_parse_time": 0.59288, "loss": [8.8275], "hm_loss": [2.33635], "loc_loss": [3.24558], "loc_loss_elem": [[0.24916, 0.25457, 0.43299, 0.32263, 0.53329, 0.13565, 0.66839, 0.6489]], "num_positive": [188.6]}
{"mode": "train", "epoch": 1, "iter": 105, "lr": 3e-05, "time": 1.29175, "data_time": 0.04281, "memory": 8021, "transfer_time": 0.0837, "forward_time": 0.50125, "loss_parse_time": 0.50141, "loss": [8.64877], "hm_loss": [2.25281], "loc_loss": [3.19798], "loc_loss_elem": [[0.26214, 0.25804, 0.48296, 0.29295, 0.471, 0.13941, 0.67675, 0.61473]], "num_positive": [198.8]}
