{"mode": "train", "epoch": 1, "iter": 5, "lr": 0.00034, "time": 2.30045, "data_time": 1.4606, "memory": 1787, "transfer_time": 1.47082, "forward_time": 1.92897, "loss_parse_time": 1.92911, "loss": [76.07009], "hm_loss": [13.42523], "loc_loss": [31.32243], "loc_loss_elem": [[3.73886, 3.60303, 5.5339, 3.2349, 3.56822, 2.80036, 4.24587, 4.59729]], "num_positive": [51.8]}
{"mode": "train", "epoch": 1, "iter": 10, "lr": 0.00049, "time": 0.84294, "data_time": 0.055, "memory": 1787, "transfer_time": 0.06351, "forward_time": 0.4699, "loss_parse_time": 0.47002, "loss": [25.43591], "hm_loss": [4.54089], "loc_loss": [10.44751], "loc_loss_elem": [[1.34325, 1.34154, 1.63551, 1.05085, 1.31981, 1.0545, 1.35621, 1.34584]], "num_positive": [44.4]}
