{"mode": "train", "epoch": 1, "iter": 5, "lr": 0.0003, "time": 1.65905, "data_time": 1.34849, "memory": 2283, "transfer_time": 1.36386, "forward_time": 1.51091, "loss_parse_time": 1.51106, "loss": [68.03807], "hm_loss": [5.66725], "loc_loss": [31.18541], "loc_loss_elem": [[3.50571, 3.99677, 6.1386, 2.90034, 3.37365, 4.1432, 3.80165, 3.32548]], "num_positive": [42.8]}
{"mode": "train", "epoch": 1, "iter": 10, "lr": 0.00031, "time": 0.3354, "data_time": 0.08179, "memory": 2283, "transfer_time": 0.0951, "forward_time": 0.19779, "loss_parse_time": 0.1979, "loss": [26.65887], "hm_loss": [4.23235], "loc_loss": [11.21326], "loc_loss_elem": [[1.20956, 0.98416, 1.98934, 1.22666, 1.66941, 1.25912, 1.62799, 1.24701]], "num_positive": [45.8]}
{"mode": "train", "epoch": 1, "iter": 15, "lr": 0.00031, "time": 0.30148, "data_time": 0.05628, "memory": 2283, "transfer_time": 0.0696, "forward_time": 0.15729, "loss_parse_time": 0.15739, "loss": [21.39852], "hm_loss": [4.52067], "loc_loss": [8.43893], "loc_loss_elem": [[0.85381, 0.85832, 1.53353, 0.74482, 1.14774, 1.05214, 1.23406, 1.01452]], "num_positive": [34.8]}
{"mode": "train", "epoch": 1, "iter": 20, "lr": 0.00032, "time": 0.30065, "data_time": 0.05616, "memory": 2361, "transfer_time": 0.06913, "forward_time": 0.15645, "loss_parse_time": 0.15656, "loss": [18.42329], "hm_loss": [4.2247], "loc_loss": [7.09929], "loc_loss_elem": [[0.61558, 0.68102, 0.92449, 0.71106, 1.15318, 0.51397, 1.19925, 1.30075]], "num_positive": [40.6]}
{"mode": "train", "epoch": 1, "iter": 25, "lr": 0.00034, "time": 0.32648, "data_time": 0.07946, "memory": 2361, "transfer_time": 0.09252, "forward_time": 0.17863, "loss_parse_time": 0.17873, "loss": [13.06012], "hm_loss": [3.71163], "loc_loss": [4.67425], "loc_loss_elem": [[0.5382, 0.40708, 0.80522, 0.49698, 0.6987, 0.29526, 0.76097, 0.67183]], "num_positive": [38.0]}
{"mode": "train", "epoch": 1, "iter": 30, "lr": 0.00036, "time": 0.31808, "data_time": 0.08237, "memory": 2361, "transfer_time": 0.09609, "forward_time": 0.17419, "loss_parse_time": 0.17429, "loss": [11.12163], "hm_loss": [3.50898], "loc_loss": [3.80632], "loc_loss_elem": [[0.30256, 0.32318, 0.65386, 0.41264, 0.62422, 0.18714, 0.69514, 0.60758]], "num_positive": [40.8]}
{"mode": "train", "epoch": 1, "iter": 35, "lr": 0.00038, "time": 0.29511, "data_time": 0.05468, "memory": 2361, "transfer_time": 0.06861, "forward_time": 0.15594, "loss_parse_time": 0.15604, "loss": [10.71244], "hm_loss": [3.20106], "loc_loss": [3.75569], "loc_loss_elem": [[0.26952, 0.30643, 0.48881, 0.45597, 0.63469, 0.18702, 0.68419, 0.72906]], "num_positive": [43.0]}
{"mode": "train", "epoch": 1, "iter": 40, "lr": 0.0004, "time": 0.31744, "data_time": 0.05546, "memory": 2361, "transfer_time": 0.07009, "forward_time": 0.16743, "loss_parse_time": 0.16753, "loss": [9.94132], "hm_loss": [2.94555], "loc_loss": [3.49788], "loc_loss_elem": [[0.29892, 0.26467, 0.58123, 0.36228, 0.53161, 0.17721, 0.70024, 0.58171]], "num_positive": [48.8]}
{"mode": "train", "epoch": 1, "iter": 45, "lr": 0.00043, "time": 0.3107, "data_time": 0.07785, "memory": 2361, "transfer_time": 0.09226, "forward_time": 0.17019, "loss_parse_time": 0.1703, "loss": [10.51922], "hm_loss": [2.58445], "loc_loss": [3.96739], "loc_loss_elem": [[0.28958, 0.31036, 0.70807, 0.35686, 0.6673, 0.28709, 0.67824, 0.66989]], "num_positive": [41.0]}
{"mode": "train", "epoch": 1, "iter": 50, "lr": 0.00046, "time": 0.31348, "data_time": 0.08155, "memory": 2361, "transfer_time": 0.0949, "forward_time": 0.18026, "loss_parse_time": 0.18036, "loss": [11.21475], "hm_loss": [2.78959], "loc_loss": [4.21258], "loc_loss_elem": [[0.41346, 0.4156, 0.63003, 0.36229, 0.68282, 0.26752, 0.69088, 0.74998]], "num_positive": [36.8]}
{"mode": "train", "epoch": 1, "iter": 55, "lr": 0.00049, "time": 0.30734, "data_time": 0.05856, "memory": 2361, "transfer_time": 0.07311, "forward_time": 0.16732, "loss_parse_time": 0.16743, "loss": [10.77276], "hm_loss": [2.71961], "loc_loss": [4.02658], "loc_loss_elem": [[0.37691, 0.27589, 0.73429, 0.38568, 0.70144, 0.1612, 0.67067, 0.72049]], "num_positive": [33.0]}
{"mode": "train", "epoch": 1, "iter": 60, "lr": 0.00052, "time": 0.30351, "data_time": 0.05967, "memory": 2361, "transfer_time": 0.07454, "forward_time": 0.15615, "loss_parse_time": 0.15626, "loss": [9.41678], "hm_loss": [2.60242], "loc_loss": [3.40718], "loc_loss_elem": [[0.28966, 0.26555, 0.58074, 0.28416, 0.55848, 0.18494, 0.62863, 0.61502]], "num_positive": [45.4]}
{"mode": "train", "epoch": 1, "iter": 65, "lr": 0.00056, "time": 0.37315, "data_time": 0.07044, "memory": 2361, "transfer_time": 0.084, "forward_time": 0.17535, "loss_parse_time": 0.17545, "loss": [16.38437], "hm_loss": [2.49519], "loc_loss": [6.94459], "loc_loss_elem": [[0.73503, 0.56551, 1.96808, 0.46558, 0.85953, 0.24182, 1.40652, 0.70251]], "num_positive": [47.0]}
{"mode": "train", "epoch": 1, "iter": 70, "lr": 0.0006, "time": 0.32224, "data_time": 0.08062, "memory": 2361, "transfer_time": 0.09393, "forward_time": 0.17942, "loss_parse_time": 0.17953, "loss": [10.23803], "hm_loss": [2.68865], "loc_loss": [3.77469], "loc_loss_elem": [[0.29053, 0.27311, 0.56151, 0.38124, 0.67507, 0.2564, 0.7485, 0.58833]], "num_positive": [42.0]}
{"mode": "train", "epoch": 1, "iter": 75, "lr": 0.00065, "time": 0.31876, "data_time": 0.05572, "memory": 2361, "transfer_time": 0.06908, "forward_time": 0.16707, "loss_parse_time": 0.16722, "loss": [10.37843], "hm_loss": [2.61221], "loc_loss": [3.88311], "loc_loss_elem": [[0.2935, 0.31013, 0.651, 0.4186, 0.71059, 0.23263, 0.63114, 0.63552]], "num_positive": [37.4]}
{"mode": "train", "epoch": 1, "iter": 80, "lr": 0.00069, "time": 0.29008, "data_time": 0.05959, "memory": 2361, "transfer_time": 0.07326, "forward_time": 0.15493, "loss_parse_time": 0.15503, "loss": [9.11901], "hm_loss": [2.37852], "loc_loss": [3.37025], "loc_loss_elem": [[0.24927, 0.24235, 0.64251, 0.29932, 0.53382, 0.13045, 0.6886, 0.58393]], "num_positive": [46.6]}
{"mode": "train", "epoch": 1, "iter": 85, "lr": 0.00074, "time": 0.33585, "data_time": 0.07912, "memory": 2361, "transfer_time": 0.09245, "forward_time": 0.18208, "loss_parse_time": 0.18218, "loss": [10.98724], "hm_loss": [2.44273], "loc_loss": [4.27226], "loc_loss_elem": [[0.31222, 0.62528, 0.59592, 0.31063, 0.6254, 0.19494, 0.88197, 0.7259]], "num_positive": [42.8]}
{"mode": "train", "epoch": 1, "iter": 90, "lr": 0.00079, "time": 0.3259, "data_time": 0.08563, "memory": 2361, "transfer_time": 0.09974, "forward_time": 0.18196, "loss_parse_time": 0.18206, "loss": [11.00022], "hm_loss": [2.48667], "loc_loss": [4.25677], "loc_loss_elem": [[0.43813, 0.31877, 0.85604, 0.37862, 0.64971, 0.24571, 0.62816, 0.74164]], "num_positive": [47.8]}
{"mode": "train", "epoch": 1, "iter": 95, "lr": 0.00084, "time": 0.31932, "data_time": 0.06157, "memory": 2361, "transfer_time": 0.07654, "forward_time": 0.17224, "loss_parse_time": 0.17234, "loss": [9.30895], "hm_loss": [2.35634], "loc_loss": [3.4763], "loc_loss_elem": [[0.28368, 0.26681, 0.58125, 0.34696, 0.50851, 0.1348, 0.66259, 0.69171]], "num_positive": [47.4]}
{"mode": "train", "epoch": 1, "iter": 100, "lr": 0.0009, "time": 0.27908, "data_time": 0.05608, "memory": 2361, "transfer_time": 0.07057, "forward_time": 0.14829, "loss_parse_time": 0.1484, "loss": [10.87115], "hm_loss": [2.41754], "loc_loss": [4.22681], "loc_loss_elem": [[0.34681, 0.31562, 0.64984, 0.38167, 0.6616, 0.34919, 0.82483, 0.69725]], "num_positive": [41.8]}
{"mode": "train", "epoch": 1, "iter": 105, "lr": 0.00096, "time": 0.32945, "data_time": 0.08105, "memory": 2361, "transfer_time": 0.09478, "forward_time": 0.1842, "loss_parse_time": 0.1843, "loss": [10.80374], "hm_loss": [2.28156], "loc_loss": [4.26109], "loc_loss_elem": [[0.35437, 0.38697, 0.76268, 0.32582, 0.72468, 0.22403, 0.72731, 0.75524]], "num_positive": [49.8]}
{"mode": "train", "epoch": 1, "iter": 110, "lr": 0.00101, "time": 0.31677, "data_time": 0.07466, "memory": 2361, "transfer_time": 0.08803, "forward_time": 0.1777, "loss_parse_time": 0.1778,