{"mode": "train", "epoch": 1, "iter": 5, "lr": 0.00036, "time": 5.29764, "data_time": 3.64843, "memory": 6983, "transfer_time": 3.72201, "forward_time": 4.41342, "loss_parse_time": 4.41385, "loss": [42.19087], "hm_loss": [5.43852], "loc_loss": [18.37617], "loc_loss_elem": [[2.27151, 1.95236, 3.26418, 1.84032, 1.82551, 1.70314, 2.72907, 2.7901]], "num_positive": [201.6]}
{"mode": "train", "epoch": 1, "iter": 10, "lr": 0.00058, "time": 1.35846, "data_time": 0.04112, "memory": 7409, "transfer_time": 0.0982, "forward_time": 0.53668, "loss_parse_time": 0.53707, "loss": [13.9314], "hm_loss": [4.11089], "loc_loss": [4.91026], "loc_loss_elem": [[0.48596, 0.38765, 0.8618, 0.50944, 0.70837, 0.31619, 0.85077, 0.79008]], "num_positive": [188.6]}
{"mode": "train", "epoch": 1, "iter": 15, "lr": 0.00095, "time": 1.45278, "data_time": 0.06459, "memory": 7734, "transfer_time": 0.13567, "forward_time": 0.59292, "loss_parse_time": 0.59334, "loss": [15.85809], "hm_loss": [4.01047], "loc_loss": [5.92381], "loc_loss_elem": [[0.61669, 0.64859, 0.85877, 0.71979, 0.83926, 0.53329, 0.87916, 0.82826]], "num_positive": [185.6]}
{"mode": "train", "epoch": 1, "iter": 20, "lr": 0.0014, "time": 1.40341, "data_time": 0.04164, "memory": 7734, "transfer_time": 0.08428, "forward_time": 0.54704, "loss_parse_time": 0.54752, "loss": [12.39839], "hm_loss": [3.27251], "loc_loss": [4.56294], "loc_loss_elem": [[0.40765, 0.33203, 0.84467, 0.45192, 0.71251, 0.24244, 0.79914, 0.77257]], "num_positive": [202.2]}
{"mode": "train", "epoch": 1, "iter": 25, "lr": 0.0019, "time": 1.42723, "data_time": 0.05119, "memory": 7734, "transfer_time": 0.10014, "forward_time": 0.57506, "loss_parse_time": 0.57551, "loss": [12.43492], "hm_loss": [2.78731], "loc_loss": [4.82381], "loc_loss_elem": [[0.44366, 0.48645, 0.73522, 0.53893, 0.7288, 0.30795, 0.78525, 0.79754]], "num_positive": [200.2]}
{"mode": "train", "epoch": 1, "iter": 30, "lr": 0.00235, "time": 1.3948, "data_time": 0.05178, "memory": 7990, "transfer_time": 0.1084, "forward_time": 0.5626, "loss_parse_time": 0.563, "loss": [12.13662], "hm_loss": [2.57395], "loc_loss": [4.78133], "loc_loss_elem": [[0.34051, 0.36467, 0.85692, 0.43959, 0.84248, 0.31261, 0.83646, 0.78809]], "num_positive": [195.8]}
{"mode": "train", "epoch": 1, "iter": 35, "lr": 0.00272, "time": 1.42684, "data_time": 0.04642, "memory": 7990, "transfer_time": 0.0992, "forward_time": 0.56109, "loss_parse_time": 0.56152, "loss": [10.42329], "hm_loss": [2.58037], "loc_loss": [3.92146], "loc_loss_elem": [[0.28096, 0.30067, 0.76064, 0.42152, 0.65939, 0.17103, 0.72394, 0.60331]], "num_positive": [182.0]}
{"mode": "train", "epoch": 1, "iter": 40, "lr": 0.00294, "time": 1.47206, "data_time": 0.05288, "memory": 7990, "transfer_time": 0.1032, "forward_time": 0.58077, "loss_parse_time": 0.58116, "loss": [9.82925], "hm_loss": [2.58849], "loc_loss": [3.62038], "loc_loss_elem": [[0.27867, 0.27613, 0.62811, 0.39344, 0.58872, 0.16484, 0.69388, 0.59658]], "num_positive": [170.8]}
{"mode": "train", "epoch": 1, "iter": 45, "lr": 0.003, "time": 1.37556, "data_time": 0.05558, "memory": 7990, "transfer_time": 0.10135, "forward_time": 0.54786, "loss_parse_time": 0.54836, "loss": [10.13618], "hm_loss": [2.48379], "loc_loss": [3.8262], "loc_loss_elem": [[0.28433, 0.28561, 0.56516, 0.46673, 0.73231, 0.16241, 0.6967, 0.63295]], "num_positive": [193.4]}
{"mode": "train", "epoch": 1, "iter": 50, "lr": 0.00294, "time": 1.41637, "data_time": 0.06096, "memory": 7990, "transfer_time": 0.12757, "forward_time": 0.58026, "loss_parse_time": 0.58076, "loss": [9.8918], "hm_loss": [2.50951], "loc_loss": [3.69115], "loc_loss_elem": [[0.27054, 0.2738, 0.68517, 0.40508, 0.5873, 0.18437, 0.68514, 0.59975]], "num_positive": [207.8]}
{"mode": "train", "epoch": 1, "iter": 55, "lr": 0.00279, "time": 1.47361, "data_time": 0.06072, "memory": 7990, "transfer_time": 0.11779, "forward_time": 0.59427, "loss_parse_time": 0.59463, "loss": [9.73725], "hm_loss": [2.40586], "loc_loss": [3.6657], "loc_loss_elem": [[0.32532, 0.34085, 0.6052, 0.38168, 0.57306, 0.14802, 0.64609, 0.64548]], "num_positive": [198.8]}
{"mode": "train", "epoch": 1, "iter": 60, "lr": 0.00257, "time": 1.41927, "data_time": 0.06487, "memory": 7990, "transfer_time": 0.13479, "forward_time": 0.58464, "loss_parse_time": 0.58508, "loss": [10.45855], "hm_loss": [2.45665], "loc_loss": [4.00095], "loc_loss_elem": [[0.43493, 0.31567, 0.5941, 0.38103, 0.60298, 0.24057, 0.76691, 0.66475]], "num_positive": [166.0]}
{"mode": "train", "epoch": 1, "iter": 65, "lr": 0.00229, "time": 1.4881, "data_time": 0.04838, "memory": 7990, "transfer_time": 0.09886, "forward_time": 0.60059, "loss_parse_time": 0.60089, "loss": [9.61462], "hm_loss": [2.355], "loc_loss": [3.62981], "loc_loss_elem": [[0.25595, 0.29573, 0.6246, 0.39168, 0.54132, 0.16236, 0.70575, 0.65242]], "num_positive": [169.2]}
{"mode": "train", "epoch": 1, "iter": 70, "lr": 0.00196, "time": 1.40991, "data_time": 0.06074, "memory": 7990, "transfer_time": 0.11198, "forward_time": 0.58596, "loss_parse_time": 0.58651, "loss": [12.82406], "hm_loss": [2.37936], "loc_loss": [5.22235], "loc_loss_elem": [[0.47974, 0.65018, 0.76584, 0.45721, 0.5838, 0.3398, 0.92961, 1.01617]], "num_positive": [184.8]}
{"mode": "train", "epoch": 1, "iter": 75, "lr": 0.00161, "time": 1.50962, "data_time": 0.05162, "memory": 7990, "transfer_time": 0.10654, "forward_time": 0.60906, "loss_parse_time": 0.60943, "loss": [9.5029], "hm_loss": [2.48242], "loc_loss": [3.51024], "loc_loss_elem": [[0.27803, 0.30053, 0.48741, 0.37816, 0.59382, 0.16603, 0.71538, 0.59089]], "num_positive": [172.8]}
{"mode": "train", "epoch": 1, "iter": 80, "lr": 0.00125, "time": 1.45987, "data_time": 0.0573, "memory": 7990, "transfer_time": 0.11184, "forward_time": 0.59683, "loss_parse_time": 0.59736, "loss": [8.87572], "hm_loss": [2.35297], "loc_loss": [3.26138], "loc_loss_elem": [[0.2471, 0.25303, 0.43857, 0.35428, 0.55834, 0.12268, 0.69003, 0.59734]], "num_positive": [181.8]}
{"mode": "train", "epoch": 1, "iter": 85, "lr": 0.0009, "time": 1.4399, "data_time": 0.0519, "memory": 7990, "transfer_time": 0.11121, "forward_time": 0.57043, "loss_parse_time": 0.57092, "loss": [8.92152], "hm_loss": [2.34997], "loc_loss": [3.28578], "loc_loss_elem": [[0.25061, 0.24917, 0.51883, 0.34069, 0.55168, 0.12348, 0.67207, 0.57926]], "num_positive": [218.0]}
{"mode": "train", "epoch": 1, "iter": 90, "lr": 0.00059, "time": 1.44712, "data_time": 0.04663, "memory": 7990, "transfer_time": 0.10703, "forward_time": 0.57678, "loss_parse_time": 0.57716, "loss": [9.10736], "hm_loss": [2.4069], "loc_loss": [3.35023], "loc_loss_elem": [[0.25251, 0.25362, 0.51846, 0.33086, 0.54808, 0.13324, 0.68257, 0.6309]], "num_positive": [183.0]}
{"mode": "train", "epoch": 1, "iter": 95, "lr": 0.00033, "time": 1.43327, "data_time": 0.04961, "memory": 7990, "transfer_time": 0.09658, "forward_time": 0.56279, "loss_parse_time": 0.56323, "loss": [8.58271], "hm_loss": [2.27842], "loc_loss": [3.15214], "loc_loss_elem": [[0.234, 0.25329, 0.50447, 0.29858, 0.47784, 0.10902, 0.67667, 0.59828]], "num_positive": [174.2]}
{"mode": "train", "epoch": 1, "iter": 100, "lr": 0.00014, "time": 1.4419, "data_time": 0.05958, "memory": 7990, "transfer_time": 0.1211, "forward_time": 0.576, "loss_parse_time": 0.57647, "loss": [8.73564], "hm_loss": [2.3461], "loc_loss": [3.19477], "loc_loss_elem": [[0.24664, 0.24525, 0.44544, 0.32829, 0.54712, 0.13022, 0.66318, 0.58862]], "num_positive": [186.8]}
{"mode": "train", "epoch": 1, "iter": 105, "lr": 3e-05, "time": 1.2559, "data_time": 0.04386, "memory": 7990, "transfer_time": 0.0822, "forward_time": 0.48832, "loss_parse_time": 0.4885, "loss": [8.70327], "hm_loss": [2.25578], "loc_loss": [3.22374], "loc_loss_elem": [[0.24707, 0.25219, 0.5271, 0.30746, 0.4986, 0.12106, 0.65091, 0.61935]], "num_positive": [199.0]}
