{"mode": "train", "epoch": 1, "iter": 5, "lr": 0.0005, "time": 5.83008, "data_time": 2.28617, "memory": 26223, "transfer_time": 2.37653, "forward_time": 3.18379, "loss_parse_time": 3.1839, "loss": [11.68865], "hm_loss": [8.02729], "dep_loss": [3.66136], "num_positive": [135.8]}
{"mode": "train", "epoch": 1, "iter": 10, "lr": 0.0005, "time": 3.60658, "data_time": 0.06053, "memory": 26223, "transfer_time": 0.13478, "forward_time": 0.93766, "loss_parse_time": 0.93776, "loss": [3.14349], "hm_loss": [1.28243], "dep_loss": [1.86106], "num_positive": [137.4]}
{"mode": "train", "epoch": 1, "iter": 15, "lr": 0.0005, "time": 3.64044, "data_time": 0.06949, "memory": 26226, "transfer_time": 0.14759, "forward_time": 0.94854, "loss_parse_time": 0.94865, "loss": [2.12511], "hm_loss": [0.89362], "dep_loss": [1.23148], "num_positive": [129.4]}
{"mode": "train", "epoch": 1, "iter": 20, "lr": 0.0005, "time": 3.65278, "data_time": 0.06595, "memory": 26226, "transfer_time": 0.14052, "forward_time": 0.94595, "loss_parse_time": 0.94606, "loss": [1.93061], "hm_loss": [0.87214], "dep_loss": [1.05847], "num_positive": [125.0]}
{"mode": "train", "epoch": 1, "iter": 25, "lr": 0.0005, "time": 3.67231, "data_time": 0.0698, "memory": 26226, "transfer_time": 0.14648, "forward_time": 0.95882, "loss_parse_time": 0.95895, "loss": [1.53489], "hm_loss": [0.7432], "dep_loss": [0.79169], "num_positive": [150.2]}
{"mode": "train", "epoch": 1, "iter": 30, "lr": 0.0005, "time": 3.67457, "data_time": 0.06418, "memory": 26226, "transfer_time": 0.13987, "forward_time": 0.95837, "loss_parse_time": 0.95849, "loss": [1.87752], "hm_loss": [0.90948], "dep_loss": [0.96804], "num_positive": [109.2]}
{"mode": "train", "epoch": 1, "iter": 35, "lr": 0.0005, "time": 3.68038, "data_time": 0.06374, "memory": 26226, "transfer_time": 0.14029, "forward_time": 0.96115, "loss_parse_time": 0.96126, "loss": [1.61261], "hm_loss": [0.76357], "dep_loss": [0.84903], "num_positive": [148.0]}
{"mode": "train", "epoch": 1, "iter": 40, "lr": 0.0005, "time": 3.67921, "data_time": 0.06503, "memory": 26226, "transfer_time": 0.14142, "forward_time": 0.95914, "loss_parse_time": 0.95927, "loss": [1.69943], "hm_loss": [0.71397], "dep_loss": [0.98546], "num_positive": [146.4]}
{"mode": "train", "epoch": 1, "iter": 45, "lr": 0.0005, "time": 3.68286, "data_time": 0.07256, "memory": 26226, "transfer_time": 0.14684, "forward_time": 0.96367, "loss_parse_time": 0.96382, "loss": [1.37175], "hm_loss": [0.64994], "dep_loss": [0.72181], "num_positive": [105.4]}
{"mode": "train", "epoch": 1, "iter": 50, "lr": 0.0005, "time": 3.67965, "data_time": 0.06825, "memory": 26226, "transfer_time": 0.14247, "forward_time": 0.96262, "loss_parse_time": 0.96275, "loss": [1.43462], "hm_loss": [0.65517], "dep_loss": [0.77946], "num_positive": [182.6]}
{"mode": "train", "epoch": 1, "iter": 55, "lr": 0.0005, "time": 3.67719, "data_time": 0.07269, "memory": 26226, "transfer_time": 0.14912, "forward_time": 0.96063, "loss_parse_time": 0.96075, "loss": [1.61557], "hm_loss": [0.73258], "dep_loss": [0.88298], "num_positive": [142.6]}
{"mode": "train", "epoch": 1, "iter": 60, "lr": 0.0005, "time": 3.67346, "data_time": 0.06769, "memory": 26226, "transfer_time": 0.14312, "forward_time": 0.95812, "loss_parse_time": 0.95825, "loss": [1.63818], "hm_loss": [0.74523], "dep_loss": [0.89295], "num_positive": [162.6]}
{"mode": "train", "epoch": 1, "iter": 65, "lr": 0.0005, "time": 3.67373, "data_time": 0.06266, "memory": 26226, "transfer_time": 0.13559, "forward_time": 0.95732, "loss_parse_time": 0.95743, "loss": [1.53408], "hm_loss": [0.79077], "dep_loss": [0.74331], "num_positive": [149.0]}
{"mode": "train", "epoch": 1, "iter": 70, "lr": 0.0005, "time": 3.67469, "data_time": 0.07146, "memory": 26233, "transfer_time": 0.1463, "forward_time": 0.95839, "loss_parse_time": 0.9585, "loss": [1.55167], "hm_loss": [0.76018], "dep_loss": [0.79149], "num_positive": [133.6]}
{"mode": "train", "epoch": 1, "iter": 75, "lr": 0.0005, "time": 3.67899, "data_time": 0.06996, "memory": 26233, "transfer_time": 0.14802, "forward_time": 0.96463, "loss_parse_time": 0.96474, "loss": [1.58659], "hm_loss": [0.74701], "dep_loss": [0.83958], "num_positive": [145.8]}
{"mode": "train", "epoch": 1, "iter": 80, "lr": 0.0005, "time": 3.67982, "data_time": 0.069, "memory": 26233, "transfer_time": 0.14924, "forward_time": 0.96543, "loss_parse_time": 0.96554, "loss": [1.61935], "hm_loss": [0.68381], "dep_loss": [0.93554], "num_positive": [96.6]}
{"mode": "train", "epoch": 1, "iter": 85, "lr": 0.0005, "time": 3.66988, "data_time": 0.06392, "memory": 26233, "transfer_time": 0.14208, "forward_time": 0.95485, "loss_parse_time": 0.95496, "loss": [1.33699], "hm_loss": [0.67586], "dep_loss": [0.66113], "num_positive": [159.6]}
{"mode": "train", "epoch": 1, "iter": 90, "lr": 0.0005, "time": 3.67447, "data_time": 0.07099, "memory": 26233, "transfer_time": 0.15035, "forward_time": 0.96028, "loss_parse_time": 0.96039, "loss": [1.46401], "hm_loss": [0.65981], "dep_loss": [0.8042], "num_positive": [142.2]}
{"mode": "train", "epoch": 1, "iter": 95, "lr": 0.0005, "time": 3.6749, "data_time": 0.07487, "memory": 26233, "transfer_time": 0.15296, "forward_time": 0.96204, "loss_parse_time": 0.96214, "loss": [2.01419], "hm_loss": [1.07453], "dep_loss": [0.93966], "num_positive": [131.4]}
{"mode": "train", "epoch": 1, "iter": 100, "lr": 0.0005, "time": 3.67334, "data_time": 0.0689, "memory": 26233, "transfer_time": 0.15062, "forward_time": 0.96016, "loss_parse_time": 0.96026, "loss": [1.72971], "hm_loss": [0.86528], "dep_loss": [0.86443], "num_positive": [177.0]}
{"mode": "train", "epoch": 1, "iter": 105, "lr": 0.0005, "time": 3.6752, "data_time": 0.06725, "memory": 26233, "transfer_time": 0.14437, "forward_time": 0.96153, "loss_parse_time": 0.96163, "loss": [1.85634], "hm_loss": [1.03844], "dep_loss": [0.8179], "num_positive": [138.8]}
{"mode": "train", "epoch": 1, "iter": 110, "lr": 0.0005, "time": 3.67594, "data_time": 0.07313, "memory": 26233, "transfer_time": 0.15455, "forward_time": 0.96128, "loss_parse_time": 0.96138, "loss": [2.0304], "hm_loss": [1.09869], "dep_loss": [0.93171], "num_positive": [140.6]}
{"mode": "train", "epoch": 1, "iter": 115, "lr": 0.0005, "time": 3.66893, "data_time": 0.06822, "memory": 26233, "transfer_time": 0.14566, "forward_time": 0.95689, "loss_parse_time": 0.957, "loss": [1.80743], "hm_loss": [0.84838], "dep_loss": [0.95905], "num_positive": [156.0]}
{"mode": "train", "epoch": 1, "iter": 120, "lr": 0.0005, "time": 3.68034, "data_time": 0.07442, "memory": 26233, "transfer_time": 0.15473, "forward_time": 0.96379, "loss_parse_time": 0.9639, "loss": [1.87659], "hm_loss": [0.98532], "dep_loss": [0.89126], "num_positive": [126.4]}
