{"mode": "train", "epoch": 1, "iter": 5, "lr": 0.0003, "time": 2.11221, "data_time": 1.60657, "memory": 4690, "transfer_time": 1.65663, "forward_time": 1.97859, "loss_parse_time": 1.97879, "loss": [3.13663], "hm_loss": [0.0], "loc_loss": [0.69482], "loc_loss_elem": [[0.14038, 0.09179, 0.09168, 0.06691, 0.09048, 0.07672, 0.07199, 0.06487]], "num_positive": [23.0], "roi_reg_loss": [1.14817], "roi_cls_loss": [0.59882]}
{"mode": "train", "epoch": 1, "iter": 10, "lr": 0.0003, "time": 0.97968, "data_time": 0.46615, "memory": 4716, "transfer_time": 0.52636, "forward_time": 0.84605, "loss_parse_time": 0.84624, "loss": [3.07004], "hm_loss": [0.0], "loc_loss": [0.82091], "loc_loss_elem": [[0.12193, 0.09057, 0.07547, 0.07888, 0.09525, 0.06278, 0.17492, 0.12111]], "num_positive": [52.4], "roi_reg_loss": [0.96627], "roi_cls_loss": [0.46193]}
{"mode": "train", "epoch": 1, "iter": 15, "lr": 0.0003, "time": 0.74142, "data_time": 0.21873, "memory": 4716, "transfer_time": 0.28622, "forward_time": 0.60742, "loss_parse_time": 0.6076, "loss": [2.80553], "hm_loss": [0.0], "loc_loss": [0.75292], "loc_loss_elem": [[0.10152, 0.1013, 0.08619, 0.08233, 0.08609, 0.07046, 0.10973, 0.11532]], "num_positive": [35.0], "roi_reg_loss": [0.9286], "roi_cls_loss": [0.37108]}
{"mode": "train", "epoch": 1, "iter": 20, "lr": 0.0003, "time": 0.9554, "data_time": 0.3604, "memory": 4716, "transfer_time": 0.41583, "forward_time": 0.82377, "loss_parse_time": 0.82394, "loss": [3.05734], "hm_loss": [0.0], "loc_loss": [0.86648], "loc_loss_elem": [[0.11199, 0.08897, 0.08522, 0.09191, 0.08555, 0.0677, 0.19578, 0.13936]], "num_positive": [53.0], "roi_reg_loss": [0.99095], "roi_cls_loss": [0.33344]}
{"mode": "train", "epoch": 1, "iter": 25, "lr": 0.0003, "time": 0.97354, "data_time": 0.29023, "memory": 4716, "transfer_time": 0.3403, "forward_time": 0.84054, "loss_parse_time": 0.84075, "loss": [2.26262], "hm_loss": [0.0], "loc_loss": [0.53518], "loc_loss_elem": [[0.12182, 0.07812, 0.07155, 0.05685, 0.05625, 0.0596, 0.03559, 0.05539]], "num_positive": [24.0], "roi_reg_loss": [0.96512], "roi_cls_loss": [0.22716]}
{"mode": "train", "epoch": 1, "iter": 30, "lr": 0.0003, "time": 0.70541, "data_time": 0.15528, "memory": 4716, "transfer_time": 0.20822, "forward_time": 0.56522, "loss_parse_time": 0.56538, "loss": [2.89691], "hm_loss": [0.0], "loc_loss": [0.82728], "loc_loss_elem": [[0.11758, 0.09177, 0.09484, 0.07093, 0.09263, 0.07241, 0.15637, 0.13074]], "num_positive": [42.2], "roi_reg_loss": [1.01345], "roi_cls_loss": [0.22891]}
{"mode": "train", "epoch": 1, "iter": 35, "lr": 0.0003, "time": 5.37719, "data_time": 2.57742, "memory": 4716, "transfer_time": 2.6179, "forward_time": 5.25268, "loss_parse_time": 5.25282, "loss": [2.84493], "hm_loss": [0.0], "loc_loss": [0.75214], "loc_loss_elem": [[0.14124, 0.09661, 0.08184, 0.08201, 0.09978, 0.06252, 0.09616, 0.09199]], "num_positive": [33.2], "roi_reg_loss": [1.12916], "roi_cls_loss": [0.21148]}
{"mode": "train", "epoch": 1, "iter": 40, "lr": 0.0003, "time": 7.91636, "data_time": 5.13962, "memory": 4735, "transfer_time": 5.17923, "forward_time": 7.80303, "loss_parse_time": 7.80316, "loss": [2.70599], "hm_loss": [0.0], "loc_loss": [0.80944], "loc_loss_elem": [[0.12626, 0.09591, 0.08563, 0.06994, 0.09093, 0.07646, 0.13765, 0.12665]], "num_positive": [37.6], "roi_reg_loss": [0.92344], "roi_cls_loss": [0.16367]}
