{"mode": "train", "epoch": 1, "iter": 5, "lr": 0.0003, "time": 6.74509, "data_time": 3.91358, "memory": 9655, "transfer_time": 3.99388, "forward_time": 6.36811, "loss_parse_time": 6.36828, "loss": [2.71667], "hm_loss": [0.0], "loc_loss": [0.62464], "loc_loss_elem": [[0.09665, 0.09266, 0.08144, 0.0637, 0.06466, 0.05826, 0.08758, 0.07968]], "num_positive": [191.2], "roi_reg_loss": [0.88855], "roi_cls_loss": [0.57885]}
{"mode": "train", "epoch": 1, "iter": 10, "lr": 0.0003, "time": 4.99893, "data_time": 0.5002, "memory": 9756, "transfer_time": 0.58098, "forward_time": 4.63107, "loss_parse_time": 4.63123, "loss": [2.54394], "hm_loss": [0.0], "loc_loss": [0.65715], "loc_loss_elem": [[0.09453, 0.08653, 0.06595, 0.06846, 0.07871, 0.05783, 0.10652, 0.09863]], "num_positive": [259.4], "roi_reg_loss": [0.8221], "roi_cls_loss": [0.40754]}
{"mode": "train", "epoch": 1, "iter": 15, "lr": 0.0003, "time": 2.71484, "data_time": 0.73409, "memory": 9756, "transfer_time": 0.81111, "forward_time": 2.36012, "loss_parse_time": 2.36026, "loss": [2.48705], "hm_loss": [0.0], "loc_loss": [0.63223], "loc_loss_elem": [[0.09303, 0.09398, 0.07514, 0.06581, 0.0651, 0.06187, 0.08823, 0.08906]], "num_positive": [246.2], "roi_reg_loss": [0.84861], "roi_cls_loss": [0.37398]}
{"mode": "train", "epoch": 1, "iter": 20, "lr": 0.0003, "time": 4.39496, "data_time": 1.11411, "memory": 9756, "transfer_time": 1.18724, "forward_time": 4.04863, "loss_parse_time": 4.04877, "loss": [2.5053], "hm_loss": [0.0], "loc_loss": [0.65103], "loc_loss_elem": [[0.0921, 0.08602, 0.0689, 0.07401, 0.08004, 0.05388, 0.10029, 0.0958]], "num_positive": [270.4], "roi_reg_loss": [0.82683], "roi_cls_loss": [0.3764]}
{"mode": "train", "epoch": 1, "iter": 25, "lr": 0.0003, "time": 5.41736, "data_time": 0.77025, "memory": 9756, "transfer_time": 0.84334, "forward_time": 5.06117, "loss_parse_time": 5.06132, "loss": [2.33373], "hm_loss": [0.0], "loc_loss": [0.58005], "loc_loss_elem": [[0.10813, 0.09204, 0.07226, 0.05656, 0.05516, 0.06247, 0.0669, 0.06652]], "num_positive": [155.2], "roi_reg_loss": [0.91728], "roi_cls_loss": [0.25635]}
{"mode": "train", "epoch": 1, "iter": 30, "lr": 0.0003, "time": 3.60086, "data_time": 0.10024, "memory": 9756, "transfer_time": 0.17758, "forward_time": 3.24842, "loss_parse_time": 3.24856, "loss": [2.49018], "hm_loss": [0.0], "loc_loss": [0.65099], "loc_loss_elem": [[0.09518, 0.08968, 0.07106, 0.06506, 0.07268, 0.06324, 0.09545, 0.09863]], "num_positive": [240.4], "roi_reg_loss": [0.851], "roi_cls_loss": [0.3372]}
{"mode": "train", "epoch": 1, "iter": 35, "lr": 0.0003, "time": 4.03199, "data_time": 0.06435, "memory": 9756, "transfer_time": 0.14217, "forward_time": 3.66587, "loss_parse_time": 3.66601, "loss": [2.54409], "hm_loss": [0.0], "loc_loss": [0.6557], "loc_loss_elem": [[0.10612, 0.09424, 0.07297, 0.06881, 0.07897, 0.06162, 0.09528, 0.07769]], "num_positive": [252.0], "roi_reg_loss": [0.85717], "roi_cls_loss": [0.37552]}
{"mode": "train", "epoch": 1, "iter": 40, "lr": 0.0003, "time": 5.35099, "data_time": 0.06956, "memory": 9756, "transfer_time": 0.14394, "forward_time": 5.00063, "loss_parse_time": 5.00077, "loss": [2.52799], "hm_loss": [0.0], "loc_loss": [0.69638], "loc_loss_elem": [[0.09545, 0.09114, 0.08277, 0.07274, 0.07569, 0.06261, 0.10779, 0.10817]], "num_positive": [253.2], "roi_reg_loss": [0.80311], "roi_cls_loss": [0.33212]}
{"mode": "train", "epoch": 1, "iter": 45, "lr": 0.0003, "time": 2.78588, "data_time": 0.06775, "memory": 9756, "transfer_time": 0.1482, "forward_time": 2.42533, "loss_parse_time": 2.4255, "loss": [2.44398], "hm_loss": [0.0], "loc_loss": [0.62992], "loc_loss_elem": [[0.09458, 0.08965, 0.07402, 0.06565, 0.0682, 0.06035, 0.09516, 0.08233]], "num_positive": [282.6], "roi_reg_loss": [0.81491], "roi_cls_loss": [0.36923]}
{"mode": "train", "epoch": 1, "iter": 50, "lr": 0.0003, "time": 5.50504, "data_time": 0.06626, "memory": 9911, "transfer_time": 0.14442, "forward_time": 5.13548, "loss_parse_time": 5.13564, "loss": [2.47367], "hm_loss": [0.0], "loc_loss": [0.6699], "loc_loss_elem": [[0.09557, 0.09452, 0.07745, 0.06912, 0.07455, 0.05919, 0.08678, 0.11271]], "num_positive": [235.8], "roi_reg_loss": [0.83566], "roi_cls_loss": [0.2982]}
{"mode": "train", "epoch": 1, "iter": 55, "lr": 0.0003, "time": 5.01707, "data_time": 0.06508, "memory": 9911, "transfer_time": 0.1556, "forward_time": 4.65096, "loss_parse_time": 4.6511, "loss": [2.5734], "hm_loss": [0.0], "loc_loss": [0.68583], "loc_loss_elem": [[0.09898, 0.09057, 0.07598, 0.0664, 0.06642, 0.06276, 0.11451, 0.11019]], "num_positive": [296.8], "roi_reg_loss": [0.83111], "roi_cls_loss": [0.37064]}
{"mode": "train", "epoch": 1, "iter": 60, "lr": 0.0003, "time": 2.78024, "data_time": 0.06775, "memory": 9911, "transfer_time": 0.15269, "forward_time": 2.41366, "loss_parse_time": 2.4138, "loss": [2.63558], "hm_loss": [0.0], "loc_loss": [0.71621], "loc_loss_elem": [[0.09823, 0.09927, 0.07803, 0.07393, 0.07722, 0.06084, 0.11312, 0.11557]], "num_positive": [302.4], "roi_reg_loss": [0.84883], "roi_cls_loss": [0.35433]}
{"mode": "train", "epoch": 1, "iter": 65, "lr": 0.0003, "time": 5.83349, "data_time": 0.06843, "memory": 9911, "transfer_time": 0.14892, "forward_time": 5.45939, "loss_parse_time": 5.45953, "loss": [2.55841], "hm_loss": [0.0], "loc_loss": [0.66977], "loc_loss_elem": [[0.1046, 0.08852, 0.07622, 0.06653, 0.0717, 0.06387, 0.10081, 0.09753]], "num_positive": [217.8], "roi_reg_loss": [0.91537], "roi_cls_loss": [0.3035]}
{"mode": "train", "epoch": 1, "iter": 70, "lr": 0.0003, "time": 5.41584, "data_time": 0.06751, "memory": 9911, "transfer_time": 0.15379, "forward_time": 5.04337, "loss_parse_time": 5.04351, "loss": [2.49124], "hm_loss": [0.0], "loc_loss": [0.63901], "loc_loss_elem": [[0.10336, 0.08775, 0.07277, 0.06672, 0.0671, 0.05953, 0.09456, 0.08722]], "num_positive": [243.2], "roi_reg_loss": [0.88749], "roi_cls_loss": [0.32573]}
{"mode": "train", "epoch": 1, "iter": 75, "lr": 0.0003, "time": 2.65255, "data_time": 0.05856, "memory": 9911, "transfer_time": 0.13604, "forward_time": 2.2945, "loss_parse_time": 2.29464, "loss": [2.5153], "hm_loss": [0.0], "loc_loss": [0.64383], "loc_loss_elem": [[0.1071, 0.09825, 0.08017, 0.06619, 0.06681, 0.06223, 0.07819, 0.0849]], "num_positive": [261.2], "roi_reg_loss": [0.88823], "roi_cls_loss": [0.33939]}
{"mode": "train", "epoch": 1, "iter": 80, "lr": 0.0003, "time": 4.43526, "data_time": 0.07519, "memory": 10128, "transfer_time": 0.1578, "forward_time": 4.05281, "loss_parse_time": 4.05295, "loss": [2.18835], "hm_loss": [0.0], "loc_loss": [0.55022], "loc_loss_elem": [[0.09853, 0.08611, 0.07249, 0.05915, 0.06077, 0.05839, 0.05124, 0.06354]], "num_positive": [165.4], "roi_reg_loss": [0.85943], "roi_cls_loss": [0.22847]}
{"mode": "train", "epoch": 1, "iter": 85, "lr": 0.0003, "time": 4.44004, "data_time": 0.06599, "memory": 10128, "transfer_time": 0.1476, "forward_time": 4.08188, "loss_parse_time": 4.08202, "loss": [2.26489], "hm_loss": [0.0], "loc_loss": [0.57014], "loc_loss_elem": [[0.10207, 0.08241, 0.07357, 0.05964, 0.06381, 0.05849, 0.06525, 0.0649]], "num_positive": [233.8], "roi_reg_loss": [0.84545], "roi_cls_loss": [0.27916]}
{"mode": "train", "epoch": 1, "iter": 90, "lr": 0.0003, "time": 2.77658, "data_time": 0.06224, "memory": 10128, "transfer_time": 0.14403, "forward_time": 2.41971, "loss_parse_time": 2.41984, "loss": [2.3694], "hm_loss": [0.0], "loc_loss": [0.61409], "loc_loss_elem": [[0.10036, 0.09509, 0.07957, 0.06357, 0.06271, 0.06469, 0.07273, 0.07537]], "num_positive": [204.4], "roi_reg_loss": [0.85717], "roi_cls_loss": [0.28406]}
