{"mode": "train", "epoch": 1, "iter": 5, "lr": 0.0003, "time": 11.89968, "data_time": 10.74011, "memory": 4690, "transfer_time": 10.77938, "forward_time": 11.77138, "loss_parse_time": 11.77152, "loss": [3.13663], "hm_loss": [0.0], "loc_loss": [0.69482], "loc_loss_elem": [[0.14038, 0.09179, 0.09168, 0.06691, 0.09048, 0.07672, 0.07199, 0.06487]], "num_positive": [23.0], "roi_reg_loss": [1.14817], "roi_cls_loss": [0.59882]}
{"mode": "train", "epoch": 1, "iter": 10, "lr": 0.0003, "time": 7.75761, "data_time": 3.2053, "memory": 4716, "transfer_time": 3.2456, "forward_time": 7.62534, "loss_parse_time": 7.62548, "loss": [3.06999], "hm_loss": [0.0], "loc_loss": [0.82091], "loc_loss_elem": [[0.12193, 0.09057, 0.07547, 0.07888, 0.09525, 0.06278, 0.17492, 0.12111]], "num_positive": [52.4], "roi_reg_loss": [0.96623], "roi_cls_loss": [0.46193]}
