{"mode": "train", "epoch": 1, "iter": 5, "lr": 0.0003, "time": 15.8431, "data_time": 12.97795, "memory": 5189, "transfer_time": 13.03134, "forward_time": 15.69662, "loss_parse_time": 15.69676, "loss": [2.96044], "hm_loss": [0.0], "loc_loss": [0.68026], "loc_loss_elem": [[0.12384, 0.09552, 0.07947, 0.06742, 0.07227, 0.06506, 0.10884, 0.06784]], "num_positive": [45.8], "roi_reg_loss": [1.0022], "roi_cls_loss": [0.59773]}
{"mode": "train", "epoch": 1, "iter": 10, "lr": 0.0003, "time": 9.95971, "data_time": 7.8247, "memory": 5215, "transfer_time": 7.87659, "forward_time": 9.81114, "loss_parse_time": 9.81127, "loss": [2.74487], "hm_loss": [0.0], "loc_loss": [0.73438], "loc_loss_elem": [[0.10301, 0.08554, 0.06653, 0.07919, 0.0831, 0.05776, 0.1351, 0.12415]], "num_positive": [86.8], "roi_reg_loss": [0.8295], "roi_cls_loss": [0.44661]}
{"mode": "train", "epoch": 1, "iter": 15, "lr": 0.0003, "time": 5.79491, "data_time": 3.66106, "memory": 5224, "transfer_time": 3.70097, "forward_time": 5.64458, "loss_parse_time": 5.64472, "loss": [2.66362], "hm_loss": [0.0], "loc_loss": [0.72133], "loc_loss_elem": [[0.0941, 0.09347, 0.08587, 0.07501, 0.07196, 0.06089, 0.11723, 0.1228]], "num_positive": [59.6], "roi_reg_loss": [0.87555], "roi_cls_loss": [0.34542]}
