{"mode": "train", "epoch": 1, "iter": 5, "lr": 0.0003, "time": 1.68895, "data_time": 1.36535, "memory": 1506, "transfer_time": 1.40792, "forward_time": 1.60706, "loss_parse_time": 1.60722, "loss": [2.61926], "hm_loss": [0.0], "loc_loss": [0.98605], "loc_loss_elem": [[0.16367, 0.14053, 0.10219, 0.10398, 0.14364, 0.07361, 0.11312, 0.14531]], "num_positive": [11.8], "roi_reg_loss": [0.0], "roi_cls_loss": [0.64715]}
{"mode": "train", "epoch": 1, "iter": 10, "lr": 0.0003, "time": 0.6304, "data_time": 0.34015, "memory": 1517, "transfer_time": 0.38402, "forward_time": 0.55488, "loss_parse_time": 0.55504, "loss": [2.48195], "hm_loss": [0.0], "loc_loss": [0.96794], "loc_loss_elem": [[0.14268, 0.11934, 0.0928, 0.09, 0.12318, 0.07669, 0.19153, 0.13173]], "num_positive": [25.2], "roi_reg_loss": [0.0], "roi_cls_loss": [0.54606]}
{"mode": "train", "epoch": 1, "iter": 15, "lr": 0.0003, "time": 0.4961, "data_time": 0.20222, "memory": 1517, "transfer_time": 0.25191, "forward_time": 0.41808, "loss_parse_time": 0.41822, "loss": [2.54705], "hm_loss": [0.0], "loc_loss": [1.04969], "loc_loss_elem": [[0.13262, 0.13681, 0.102, 0.12098, 0.14782, 0.08651, 0.18131, 0.14162]], "num_positive": [20.6], "roi_reg_loss": [0.0], "roi_cls_loss": [0.44768]}
{"mode": "train", "epoch": 1, "iter": 20, "lr": 0.0003, "time": 0.64434, "data_time": 0.34006, "memory": 1523, "transfer_time": 0.3888, "forward_time": 0.56406, "loss_parse_time": 0.56422, "loss": [2.7192], "hm_loss": [0.0], "loc_loss": [1.16568], "loc_loss_elem": [[0.14778, 0.14715, 0.1208, 0.10742, 0.11422, 0.09108, 0.24551, 0.19172]], "num_positive": [25.8], "roi_reg_loss": [0.0], "roi_cls_loss": [0.38784]}
{"mode": "train", "epoch": 1, "iter": 25, "lr": 0.0003, "time": 0.64898, "data_time": 0.36312, "memory": 1523, "transfer_time": 0.41055, "forward_time": 0.56934, "loss_parse_time": 0.5695, "loss": [1.72522], "hm_loss": [0.0], "loc_loss": [0.69048], "loc_loss_elem": [[0.13625, 0.12408, 0.087, 0.05773, 0.06738, 0.06589, 0.09419, 0.05796]], "num_positive": [15.2], "roi_reg_loss": [0.0], "roi_cls_loss": [0.34427]}
{"mode": "train", "epoch": 1, "iter": 30, "lr": 0.0003, "time": 0.50476, "data_time": 0.20661, "memory": 1523, "transfer_time": 0.25757, "forward_time": 0.42179, "loss_parse_time": 0.42193, "loss": [2.23947], "hm_loss": [0.0], "loc_loss": [0.98112], "loc_loss_elem": [[0.14664, 0.10824, 0.12712, 0.09566, 0.14627, 0.08092, 0.16543, 0.11082]], "num_positive": [20.8], "roi_reg_loss": [0.0], "roi_cls_loss": [0.27724]}
{"mode": "train", "epoch": 1, "iter": 35, "lr": 0.0003, "time": 0.66523, "data_time": 0.31448, "memory": 1523, "transfer_time": 0.3632, "forward_time": 0.58946, "loss_parse_time": 0.58961, "loss": [2.58761], "hm_loss": [0.0], "loc_loss": [1.15634], "loc_loss_elem": [[0.17358, 0.16634, 0.14708, 0.09143, 0.13698, 0.11038, 0.18218, 0.14837]], "num_positive": [19.2], "roi_reg_loss": [0.0], "roi_cls_loss": [0.27492]}
{"mode": "train", "epoch": 1, "iter": 40, "lr": 0.0003, "time": 0.66543, "data_time": 0.27409, "memory": 1535, "transfer_time": 0.32184, "forward_time": 0.58278, "loss_parse_time": 0.58294, "loss": [2.06214], "hm_loss": [0.0], "loc_loss": [0.91626], "loc_loss_elem": [[0.15454, 0.12799, 0.0896, 0.07283, 0.11333, 0.07568, 0.14781, 0.13446]], "num_positive": [17.2], "roi_reg_loss": [0.0], "roi_cls_loss": [0.22963]}
