{"mode": "train", "epoch": 1, "iter": 5, "lr": 0.0003, "time": 2.09078, "data_time": 1.52353, "memory": 4690, "transfer_time": 1.57337, "forward_time": 1.95629, "loss_parse_time": 1.95648, "loss": [3.13663], "hm_loss": [0.0], "loc_loss": [0.69482], "loc_loss_elem": [[0.14038, 0.09179, 0.09168, 0.06691, 0.09048, 0.07672, 0.07199, 0.06487]], "num_positive": [23.0], "roi_reg_loss": [1.14817], "roi_cls_loss": [0.59882]}
{"mode": "train", "epoch": 1, "iter": 10, "lr": 0.0003, "time": 0.97346, "data_time": 0.39517, "memory": 4716, "transfer_time": 0.45349, "forward_time": 0.84186, "loss_parse_time": 0.84204, "loss": [3.06999], "hm_loss": [0.0], "loc_loss": [0.82091], "loc_loss_elem": [[0.12193, 0.09057, 0.07547, 0.07888, 0.09525, 0.06278, 0.17492, 0.12111]], "num_positive": [52.4], "roi_reg_loss": [0.96628], "roi_cls_loss": [0.46189]}
{"mode": "train", "epoch": 1, "iter": 15, "lr": 0.0003, "time": 0.73894, "data_time": 0.20547, "memory": 4716, "transfer_time": 0.27287, "forward_time": 0.60421, "loss_parse_time": 0.60438, "loss": [2.8053], "hm_loss": [0.0], "loc_loss": [0.75292], "loc_loss_elem": [[0.10152, 0.1013, 0.08619, 0.08233, 0.08609, 0.07046, 0.10973, 0.11532]], "num_positive": [35.0], "roi_reg_loss": [0.92826], "roi_cls_loss": [0.37119]}
{"mode": "train", "epoch": 1, "iter": 20, "lr": 0.0003, "time": 1.12794, "data_time": 0.3353, "memory": 4716, "transfer_time": 0.38832, "forward_time": 0.99647, "loss_parse_time": 0.99665, "loss": [3.05775], "hm_loss": [0.0], "loc_loss": [0.86648], "loc_loss_elem": [[0.11199, 0.08897, 0.08522, 0.09191, 0.08555, 0.0677, 0.19578, 0.13936]], "num_positive": [53.0], "roi_reg_loss": [0.99122], "roi_cls_loss": [0.33358]}
{"mode": "train", "epoch": 1, "iter": 25, "lr": 0.0003, "time": 0.95543, "data_time": 0.0637, "memory": 4716, "transfer_time": 0.12036, "forward_time": 0.82225, "loss_parse_time": 0.82246, "loss": [2.26239], "hm_loss": [0.0], "loc_loss": [0.53518], "loc_loss_elem": [[0.12182, 0.07812, 0.07155, 0.05685, 0.05625, 0.0596, 0.03559, 0.05539]], "num_positive": [24.0], "roi_reg_loss": [0.96472], "roi_cls_loss": [0.22732]}
{"mode": "train", "epoch": 1, "iter": 30, "lr": 0.0003, "time": 0.73632, "data_time": 0.06089, "memory": 4716, "transfer_time": 0.12247, "forward_time": 0.60565, "loss_parse_time": 0.60585, "loss": [2.89736], "hm_loss": [0.0], "loc_loss": [0.82728], "loc_loss_elem": [[0.11758, 0.09177, 0.09484, 0.07093, 0.09263, 0.07241, 0.15637, 0.13074]], "num_positive": [42.2], "roi_reg_loss": [1.01404], "roi_cls_loss": [0.22877]}
{"mode": "train", "epoch": 1, "iter": 35, "lr": 0.0003, "time": 0.95111, "data_time": 0.06632, "memory": 4716, "transfer_time": 0.11905, "forward_time": 0.81933, "loss_parse_time": 0.81955, "loss": [2.84586], "hm_loss": [0.0], "loc_loss": [0.75214], "loc_loss_elem": [[0.14124, 0.09661, 0.08184, 0.08201, 0.09978, 0.06252, 0.09616, 0.09199]], "num_positive": [33.2], "roi_reg_loss": [1.1299], "roi_cls_loss": [0.21168]}
{"mode": "train", "epoch": 1, "iter": 40, "lr": 0.0003, "time": 0.92916, "data_time": 0.06337, "memory": 4735, "transfer_time": 0.12199, "forward_time": 0.79279, "loss_parse_time": 0.793, "loss": [2.70682], "hm_loss": [0.0], "loc_loss": [0.80944], "loc_loss_elem": [[0.12626, 0.09591, 0.08563, 0.06994, 0.09093, 0.07646, 0.13765, 0.12665]], "num_positive": [37.6], "roi_reg_loss": [0.92374], "roi_cls_loss": [0.1642]}
{"mode": "train", "epoch": 1, "iter": 45, "lr": 0.0003, "time": 0.71965, "data_time": 0.06379, "memory": 4735, "transfer_time": 0.12397, "forward_time": 0.58797, "loss_parse_time": 0.58816, "loss": [2.63115], "hm_loss": [0.0], "loc_loss": [0.74385], "loc_loss_elem": [[0.12382, 0.08301, 0.08119, 0.07451, 0.07405, 0.07419, 0.10154, 0.13155]], "num_positive": [45.2], "roi_reg_loss": [0.96401], "roi_cls_loss": [0.17944]}
{"mode": "train", "epoch": 1, "iter": 50, "lr": 0.0003, "time": 0.94098, "data_time": 0.07195, "memory": 4735, "transfer_time": 0.12781, "forward_time": 0.80509, "loss_parse_time": 0.80527, "loss": [2.86743], "hm_loss": [0.0], "loc_loss": [0.87486], "loc_loss_elem": [[0.12275, 0.09905, 0.09649, 0.075, 0.10561, 0.07039, 0.17663, 0.12895]], "num_positive": [41.6], "roi_reg_loss": [0.95952], "roi_cls_loss": [0.15819]}
{"mode": "train", "epoch": 1, "iter": 55, "lr": 0.0003, "time": 0.92007, "data_time": 0.0626, "memory": 4735, "transfer_time": 0.11968, "forward_time": 0.78718, "loss_parse_time": 0.78737, "loss": [2.78617], "hm_loss": [0.0], "loc_loss": [0.81708], "loc_loss_elem": [[0.14141, 0.10107, 0.08251, 0.08153, 0.08299, 0.06987, 0.12744, 0.13025]], "num_positive": [48.4], "roi_reg_loss": [0.96759], "roi_cls_loss": [0.18442]}
{"mode": "train", "epoch": 1, "iter": 60, "lr": 0.0003, "time": 0.69115, "data_time": 0.06317, "memory": 4735, "transfer_time": 0.11929, "forward_time": 0.5596, "loss_parse_time": 0.55979, "loss": [2.5341], "hm_loss": [0.0], "loc_loss": [0.73265], "loc_loss_elem": [[0.11376, 0.08681, 0.06893, 0.07146, 0.08313, 0.06309, 0.15168, 0.0938]], "num_positive": [41.4], "roi_reg_loss": [0.92315], "roi_cls_loss": [0.14564]}
{"mode": "train", "epoch": 1, "iter": 65, "lr": 0.0003, "time": 0.91888, "data_time": 0.11323, "memory": 4735, "transfer_time": 0.16942, "forward_time": 0.77572, "loss_parse_time": 0.77593, "loss": [2.61271], "hm_loss": [0.0], "loc_loss": [0.72023], "loc_loss_elem": [[0.12019, 0.09404, 0.08345, 0.06873, 0.08446, 0.06776, 0.11017, 0.09144]], "num_positive": [45.2], "roi_reg_loss": [1.02799], "roi_cls_loss": [0.14424]}
{"mode": "train", "epoch": 1, "iter": 70, "lr": 0.0003, "time": 0.98037, "data_time": 0.1328, "memory": 4735, "transfer_time": 0.18829, "forward_time": 0.84622, "loss_parse_time": 0.84643, "loss": [2.51606], "hm_loss": [0.0], "loc_loss": [0.6979], "loc_loss_elem": [[0.12446, 0.08237, 0.08355, 0.06231, 0.08267, 0.06728, 0.12343, 0.07183]], "num_positive": [34.4], "roi_reg_loss": [0.99162], "roi_cls_loss": [0.12864]}
{"mode": "train", "epoch": 1, "iter": 75, "lr": 0.0003, "time": 0.73815, "data_time": 0.09757, "memory": 4735, "transfer_time": 0.16353, "forward_time": 0.6048, "loss_parse_time": 0.60497, "loss": [2.51572], "hm_loss": [0.0], "loc_loss": [0.70982], "loc_loss_elem": [[0.12173, 0.099, 0.10286, 0.07243, 0.06793, 0.07423, 0.0906, 0.08105]], "num_positive": [41.2], "roi_reg_loss": [0.96515], "roi_cls_loss": [0.13093]}
{"mode": "train", "epoch": 1, "iter": 80, "lr": 0.0003, "time": 0.97271, "data_time": 0.08524, "memory": 4735, "transfer_time": 0.14478, "forward_time": 0.84491, "loss_parse_time": 0.84509, "loss": [2.3068], "hm_loss": [0.0], "loc_loss": [0.63264], "loc_loss_elem": [[0.11787, 0.09233, 0.09294, 0.06376, 0.07666, 0.0699, 0.05974, 0.05944]], "num_positive": [27.4], "roi_reg_loss": [0.9451], "roi_cls_loss": [0.09642]}
{"mode": "train", "epoch": 1, "iter": 85, "lr": 0.0003, "time": 1.01745, "data_time": 0.1387, "memory": 4735, "transfer_time": 0.20045, "forward_time": 0.88391, "loss_parse_time": 0.88409, "loss": [2.55343], "hm_loss": [0.0], "loc_loss": [0.75063], "loc_loss_elem": [[0.13278, 0.08401, 0.08106, 0.06643, 0.08036, 0.06755, 0.13, 0.10845]], "num_positive": [35.6], "roi_reg_loss": [0.94859], "roi_cls_loss": [0.10357]}
{"mode": "train", "epoch": 1, "iter": 90, "lr": 0.0003, "time": 2.68637, "data_time": 2.09914, "memory": 4735, "transfer_time": 2.14574, "forward_time": 2.56708, "loss_parse_time": 2.56723, "loss": [2.34002], "hm_loss": [0.0], "loc_loss": [0.64267], "loc_loss_elem": [[0.10815, 0.09716, 0.08213, 0.06403, 0.06484, 0.07264, 0.07851, 0.07521]], "num_positive": [34.2], "roi_reg_loss": [0.9501], "roi_cls_loss": [0.10458]}
{"mode": "train", "epoch": 1, "iter": 95, "lr": 0.0003, "time": 11.57218, "data_time": 10.46911, "memory": 4735, "transfer_time": 10.51537, "forward_time": 11.45122, "loss_parse_time": 11.45136, "loss": [2.44109], "hm_loss": [0.0], "loc_loss": [0.72616], "loc_loss_elem": [[0.11455, 0.09346, 0.07486, 0.08322, 0.07192, 0.07142, 0.13162, 0.08511]], "num_positive": [42.0], "roi_reg_loss": [0.875], "roi_cls_loss": [0.11377]}
{"mode": "train", "epoch": 1,