{"mode": "train", "epoch": 1, "iter": 5, "lr": 0.0003, "time": 2.03028, "data_time": 1.49098, "memory": 5189, "transfer_time": 1.54881, "forward_time": 1.86538, "loss_parse_time": 1.86556, "loss": [2.96044], "hm_loss": [0.0], "loc_loss": [0.68026], "loc_loss_elem": [[0.12384, 0.09552, 0.07947, 0.06742, 0.07227, 0.06506, 0.10884, 0.06784]], "num_positive": [45.8], "roi_reg_loss": [1.0022], "roi_cls_loss": [0.59773]}
{"mode": "train", "epoch": 1, "iter": 10, "lr": 0.0003, "time": 0.97402, "data_time": 0.47769, "memory": 5215, "transfer_time": 0.53866, "forward_time": 0.81181, "loss_parse_time": 0.81204, "loss": [2.74488], "hm_loss": [0.0], "loc_loss": [0.73438], "loc_loss_elem": [[0.10301, 0.08554, 0.06653, 0.07919, 0.0831, 0.05776, 0.1351, 0.12415]], "num_positive": [86.8], "roi_reg_loss": [0.8295], "roi_cls_loss": [0.44662]}
{"mode": "train", "epoch": 1, "iter": 15, "lr": 0.0003, "time": 0.74712, "data_time": 0.25933, "memory": 5224, "transfer_time": 0.31801, "forward_time": 0.5868, "loss_parse_time": 0.58702, "loss": [2.66376], "hm_loss": [0.0], "loc_loss": [0.72133], "loc_loss_elem": [[0.0941, 0.09347, 0.08587, 0.07501, 0.07196, 0.06089, 0.11723, 0.1228]], "num_positive": [59.6], "roi_reg_loss": [0.87553], "roi_cls_loss": [0.34557]}
{"mode": "train", "epoch": 1, "iter": 20, "lr": 0.0003, "time": 7.17484, "data_time": 5.45431, "memory": 5224, "transfer_time": 5.49602, "forward_time": 7.03055, "loss_parse_time": 7.03069, "loss": [2.68697], "hm_loss": [0.0], "loc_loss": [0.75077], "loc_loss_elem": [[0.09852, 0.08192, 0.0758, 0.08502, 0.08153, 0.05687, 0.15998, 0.11111]], "num_positive": [85.4], "roi_reg_loss": [0.86252], "roi_cls_loss": [0.32291]}
