{"mode": "train", "epoch": 1, "iter": 5, "lr": 0.0003, "time": 2.10953, "data_time": 1.62181, "memory": 4690, "transfer_time": 1.66626, "forward_time": 1.97311, "loss_parse_time": 1.9733, "loss": [3.13663], "hm_loss": [0.0], "loc_loss": [0.69482], "loc_loss_elem": [[0.14038, 0.09179, 0.09168, 0.06691, 0.09048, 0.07672, 0.07199, 0.06487]], "num_positive": [23.0], "roi_reg_loss": [1.14817], "roi_cls_loss": [0.59882]}
{"mode": "train", "epoch": 1, "iter": 10, "lr": 0.0003, "time": 1.66951, "data_time": 1.16628, "memory": 4716, "transfer_time": 1.21878, "forward_time": 1.54268, "loss_parse_time": 1.54286, "loss": [3.07], "hm_loss": [0.0], "loc_loss": [0.82091], "loc_loss_elem": [[0.12193, 0.09057, 0.07547, 0.07888, 0.09525, 0.06278, 0.17492, 0.12111]], "num_positive": [52.4], "roi_reg_loss": [0.96626], "roi_cls_loss": [0.46192]}
{"mode": "train", "epoch": 1, "iter": 15, "lr": 0.0003, "time": 0.79126, "data_time": 0.17384, "memory": 4716, "transfer_time": 0.2297, "forward_time": 0.66506, "loss_parse_time": 0.66526, "loss": [2.80532], "hm_loss": [0.0], "loc_loss": [0.75292], "loc_loss_elem": [[0.10152, 0.1013, 0.08619, 0.08233, 0.08609, 0.07046, 0.10973, 0.11532]], "num_positive": [35.0], "roi_reg_loss": [0.92834], "roi_cls_loss": [0.37114]}
{"mode": "train", "epoch": 1, "iter": 20, "lr": 0.0003, "time": 6.71695, "data_time": 1.93103, "memory": 4716, "transfer_time": 1.97053, "forward_time": 6.59515, "loss_parse_time": 6.5953, "loss": [3.05788], "hm_loss": [0.0], "loc_loss": [0.86648], "loc_loss_elem": [[0.11199, 0.08897, 0.08522, 0.09191, 0.08555, 0.0677, 0.19578, 0.13936]], "num_positive": [53.0], "roi_reg_loss": [0.99126], "roi_cls_loss": [0.33366]}
{"mode": "train", "epoch": 1, "iter": 25, "lr": 0.0003, "time": 5.25919, "data_time": 2.00453, "memory": 4716, "transfer_time": 2.04313, "forward_time": 5.13951, "loss_parse_time": 5.13965, "loss": [2.26261], "hm_loss": [0.0], "loc_loss": [0.53518], "loc_loss_elem": [[0.12182, 0.07812, 0.07155, 0.05685, 0.05625, 0.0596, 0.03559, 0.05539]], "num_positive": [24.0], "roi_reg_loss": [0.96494], "roi_cls_loss": [0.22732]}
{"mode": "train", "epoch": 1, "iter": 30, "lr": 0.0003, "time": 6.09568, "data_time": 1.1225, "memory": 4716, "transfer_time": 1.16254, "forward_time": 5.97151, "loss_parse_time": 5.97166, "loss": [2.89717], "hm_loss": [0.0], "loc_loss": [0.82728], "loc_loss_elem": [[0.11758, 0.09177, 0.09484, 0.07093, 0.09263, 0.07241, 0.15637, 0.13074]], "num_positive": [42.2], "roi_reg_loss": [1.01376], "roi_cls_loss": [0.22885]}
{"mode": "train", "epoch": 1, "iter": 35, "lr": 0.0003, "time": 7.84632, "data_time": 4.09916, "memory": 4716, "transfer_time": 4.13892, "forward_time": 7.72639, "loss_parse_time": 7.72653, "loss": [2.84398], "hm_loss": [0.0], "loc_loss": [0.75214], "loc_loss_elem": [[0.14124, 0.09661, 0.08184, 0.08201, 0.09978, 0.06252, 0.09616, 0.09199]], "num_positive": [33.2], "roi_reg_loss": [1.12798], "roi_cls_loss": [0.21171]}
{"mode": "train", "epoch": 1, "iter": 40, "lr": 0.0003, "time": 4.2432, "data_time": 2.25938, "memory": 4735, "transfer_time": 2.29919, "forward_time": 4.11846, "loss_parse_time": 4.1186, "loss": [2.70762], "hm_loss": [0.0], "loc_loss": [0.80944], "loc_loss_elem": [[0.12626, 0.09591, 0.08563, 0.06994, 0.09093, 0.07646, 0.13765, 0.12665]], "num_positive": [37.6], "roi_reg_loss": [0.92446], "roi_cls_loss": [0.16428]}
{"mode": "train", "epoch": 1, "iter": 45, "lr": 0.0003, "time": 7.10855, "data_time": 3.83583, "memory": 4735, "transfer_time": 3.87386, "forward_time": 6.99045, "loss_parse_time": 6.99059, "loss": [2.63144], "hm_loss": [0.0], "loc_loss": [0.74385], "loc_loss_elem": [[0.12382, 0.08301, 0.08119, 0.07451, 0.07405, 0.07419, 0.10154, 0.13155]], "num_positive": [45.2], "roi_reg_loss": [0.96494], "roi_cls_loss": [0.17879]}
{"mode": "train", "epoch": 1, "iter": 50, "lr": 0.0003, "time": 9.73155, "data_time": 6.75599, "memory": 4735, "transfer_time": 6.79271, "forward_time": 9.60933, "loss_parse_time": 9.60947, "loss": [2.86724], "hm_loss": [0.0], "loc_loss": [0.87486], "loc_loss_elem": [[0.12275, 0.09905, 0.09649, 0.075, 0.10561, 0.07039, 0.17663, 0.12895]], "num_positive": [41.6], "roi_reg_loss": [0.95915], "roi_cls_loss": [0.15837]}
{"mode": "train", "epoch": 1, "iter": 55, "lr": 0.0003, "time": 4.79066, "data_time": 3.65037, "memory": 4735, "transfer_time": 3.68881, "forward_time": 4.67192, "loss_parse_time": 4.67206, "loss": [2.78576], "hm_loss": [0.0], "loc_loss": [0.81708], "loc_loss_elem": [[0.14141, 0.10107, 0.08251, 0.08153, 0.08299, 0.06987, 0.12744, 0.13025]], "num_positive": [48.4], "roi_reg_loss": [0.96697], "roi_cls_loss": [0.18462]}
{"mode": "train", "epoch": 1, "iter": 60, "lr": 0.0003, "time": 8.32588, "data_time": 5.27036, "memory": 4735, "transfer_time": 5.30984, "forward_time": 8.20021, "loss_parse_time": 8.20036, "loss": [2.53664], "hm_loss": [0.0], "loc_loss": [0.73265], "loc_loss_elem": [[0.11376, 0.08681, 0.06893, 0.07146, 0.08313, 0.06309, 0.15168, 0.0938]], "num_positive": [41.4], "roi_reg_loss": [0.92515], "roi_cls_loss": [0.14619]}
{"mode": "train", "epoch": 1, "iter": 65, "lr": 0.0003, "time": 7.33865, "data_time": 2.5359, "memory": 4735, "transfer_time": 2.57395, "forward_time": 7.21515, "loss_parse_time": 7.21528, "loss": [2.61438], "hm_loss": [0.0], "loc_loss": [0.72023], "loc_loss_elem": [[0.12019, 0.09404, 0.08345, 0.06873, 0.08446, 0.06776, 0.11017, 0.09144]], "num_positive": [45.2], "roi_reg_loss": [1.02936], "roi_cls_loss": [0.14455]}
{"mode": "train", "epoch": 1, "iter": 70, "lr": 0.0003, "time": 3.88315, "data_time": 2.39456, "memory": 4735, "transfer_time": 2.43448, "forward_time": 3.75858, "loss_parse_time": 3.75873, "loss": [2.51793], "hm_loss": [0.0], "loc_loss": [0.6979], "loc_loss_elem": [[0.12446, 0.08237, 0.08355, 0.06231, 0.08267, 0.06728, 0.12343, 0.07183]], "num_positive": [34.4], "roi_reg_loss": [0.99303], "roi_cls_loss": [0.12911]}
{"mode": "train", "epoch": 1, "iter": 75, "lr": 0.0003, "time": 4.31351, "data_time": 2.59347, "memory": 4735, "transfer_time": 2.63084, "forward_time": 4.18745, "loss_parse_time": 4.18759, "loss": [2.51518], "hm_loss": [0.0], "loc_loss": [0.70982], "loc_loss_elem": [[0.12173, 0.099, 0.10286, 0.07243, 0.06793, 0.07423, 0.0906, 0.08105]], "num_positive": [41.2], "roi_reg_loss": [0.9642], "roi_cls_loss": [0.13134]}
{"mode": "train", "epoch": 1, "iter": 80, "lr": 0.0003, "time": 5.06025, "data_time": 4.62669, "memory": 4735, "transfer_time": 4.662, "forward_time": 4.94074, "loss_parse_time": 4.94089, "loss": [2.30895], "hm_loss": [0.0], "loc_loss": [0.63264], "loc_loss_elem": [[0.11787, 0.09233, 0.09294, 0.06376, 0.07666, 0.0699, 0.05974, 0.05944]], "num_positive": [27.4], "roi_reg_loss": [0.94709], "roi_cls_loss": [0.09658]}
{"mode": "train", "epoch": 1, "iter": 85, "lr": 0.0003, "time": 8.5423, "data_time": 8.16016, "memory": 4735, "transfer_time": 8.19979, "forward_time": 8.41627, "loss_parse_time": 8.41641, "loss": [2.55575], "hm_loss": [0.0], "loc_loss": [0.75063], "loc_loss_elem": [[0.13278, 0.08401, 0.08106, 0.06643, 0.08036, 0.06755, 0.13, 0.10845]], "num_positive": [35.6], "roi_reg_loss": [0.95055], "roi_cls_loss": [0.10394]}
