{"mode": "train", "epoch": 1, "iter": 5, "lr": 0.0003, "time": 2.0974, "data_time": 1.58651, "memory": 5189, "transfer_time": 1.64209, "forward_time": 1.93361, "loss_parse_time": 1.93381, "loss": [2.96044], "hm_loss": [0.0], "loc_loss": [0.68026], "loc_loss_elem": [[0.12384, 0.09552, 0.07947, 0.06742, 0.07227, 0.06506, 0.10884, 0.06784]], "num_positive": [45.8], "roi_reg_loss": [1.0022], "roi_cls_loss": [0.59773]}
{"mode": "train", "epoch": 1, "iter": 10, "lr": 0.0003, "time": 1.6248, "data_time": 0.26217, "memory": 5215, "transfer_time": 0.32152, "forward_time": 1.46604, "loss_parse_time": 1.46623, "loss": [2.74485], "hm_loss": [0.0], "loc_loss": [0.73438], "loc_loss_elem": [[0.10301, 0.08554, 0.06653, 0.07919, 0.0831, 0.05776, 0.1351, 0.12415]], "num_positive": [86.8], "roi_reg_loss": [0.82948], "roi_cls_loss": [0.4466]}
{"mode": "train", "epoch": 1, "iter": 15, "lr": 0.0003, "time": 0.80157, "data_time": 0.05901, "memory": 5224, "transfer_time": 0.12099, "forward_time": 0.64867, "loss_parse_time": 0.64885, "loss": [2.66375], "hm_loss": [0.0], "loc_loss": [0.72133], "loc_loss_elem": [[0.0941, 0.09347, 0.08587, 0.07501, 0.07196, 0.06089, 0.11723, 0.1228]], "num_positive": [59.6], "roi_reg_loss": [0.87555], "roi_cls_loss": [0.34555]}
{"mode": "train", "epoch": 1, "iter": 20, "lr": 0.0003, "time": 0.90804, "data_time": 0.05697, "memory": 5224, "transfer_time": 0.11557, "forward_time": 0.75462, "loss_parse_time": 0.7548, "loss": [2.68673], "hm_loss": [0.0], "loc_loss": [0.75077], "loc_loss_elem": [[0.09852, 0.08192, 0.0758, 0.08502, 0.08153, 0.05687, 0.15998, 0.11111]], "num_positive": [85.4], "roi_reg_loss": [0.86244], "roi_cls_loss": [0.32276]}
{"mode": "train", "epoch": 1, "iter": 25, "lr": 0.0003, "time": 0.94119, "data_time": 0.05242, "memory": 5224, "transfer_time": 0.10821, "forward_time": 0.78534, "loss_parse_time": 0.78554, "loss": [2.25096], "hm_loss": [0.0], "loc_loss": [0.55072], "loc_loss_elem": [[0.11814, 0.09172, 0.06954, 0.05475, 0.05843, 0.05923, 0.03943, 0.0595]], "num_positive": [41.4], "roi_reg_loss": [0.94495], "roi_cls_loss": [0.20456]}
{"mode": "train", "epoch": 1, "iter": 30, "lr": 0.0003, "time": 0.77029, "data_time": 0.06172, "memory": 5224, "transfer_time": 0.12693, "forward_time": 0.61312, "loss_parse_time": 0.61332, "loss": [2.62733], "hm_loss": [0.0], "loc_loss": [0.7358], "loc_loss_elem": [[0.10567, 0.08981, 0.07638, 0.07141, 0.07979, 0.06781, 0.12839, 0.11653]], "num_positive": [71.2], "roi_reg_loss": [0.91985], "roi_cls_loss": [0.23588]}
{"mode": "train", "epoch": 1, "iter": 35, "lr": 0.0003, "time": 0.93446, "data_time": 0.06183, "memory": 5237, "transfer_time": 0.12601, "forward_time": 0.77473, "loss_parse_time": 0.77492, "loss": [2.7416], "hm_loss": [0.0], "loc_loss": [0.72961], "loc_loss_elem": [[0.12203, 0.09115, 0.0773, 0.07688, 0.08584, 0.05883, 0.12739, 0.09018]], "num_positive": [60.6], "roi_reg_loss": [1.0389], "roi_cls_loss": [0.24347]}
{"mode": "train", "epoch": 1, "iter": 40, "lr": 0.0003, "time": 0.90997, "data_time": 0.05822, "memory": 5270, "transfer_time": 0.11341, "forward_time": 0.75798, "loss_parse_time": 0.75814, "loss": [2.48711], "hm_loss": [0.0], "loc_loss": [0.73683], "loc_loss_elem": [[0.10882, 0.09137, 0.07196, 0.07053, 0.08277, 0.06386, 0.12392, 0.1236]], "num_positive": [67.2], "roi_reg_loss": [0.82316], "roi_cls_loss": [0.19028]}
{"mode": "train", "epoch": 1, "iter": 45, "lr": 0.0003, "time": 7.64412, "data_time": 3.78541, "memory": 5286, "transfer_time": 3.82566, "forward_time": 7.49376, "loss_parse_time": 7.4939, "loss": [2.53903], "hm_loss": [0.0], "loc_loss": [0.71578], "loc_loss_elem": [[0.11027, 0.09083, 0.07091, 0.07652, 0.07306, 0.06703, 0.11516, 0.11201]], "num_positive": [90.8], "roi_reg_loss": [0.87237], "roi_cls_loss": [0.2351]}
{"mode": "train", "epoch": 1, "iter": 50, "lr": 0.0003, "time": 9.5011, "data_time": 6.84795, "memory": 5286, "transfer_time": 6.88509, "forward_time": 9.35175, "loss_parse_time": 9.35188, "loss": [2.52416], "hm_loss": [0.0], "loc_loss": [0.7505], "loc_loss_elem": [[0.10865, 0.08644, 0.07122, 0.0726, 0.08835, 0.06231, 0.126, 0.13494]], "num_positive": [65.2], "roi_reg_loss": [0.85065], "roi_cls_loss": [0.1725]}
{"mode": "train", "epoch": 1, "iter": 55, "lr": 0.0003, "time": 7.96058, "data_time": 4.93028, "memory": 5286, "transfer_time": 4.96551, "forward_time": 7.81003, "loss_parse_time": 7.81016, "loss": [2.96857], "hm_loss": [0.0], "loc_loss": [0.91842], "loc_loss_elem": [[0.12521, 0.10052, 0.09589, 0.07688, 0.0766, 0.07758, 0.20005, 0.16569]], "num_positive": [92.2], "roi_reg_loss": [0.88414], "roi_cls_loss": [0.24758]}
{"mode": "train", "epoch": 1, "iter": 60, "lr": 0.0003, "time": 8.87514, "data_time": 5.4919, "memory": 5286, "transfer_time": 5.5267, "forward_time": 8.72488, "loss_parse_time": 8.72501, "loss": [2.46101], "hm_loss": [0.0], "loc_loss": [0.71141], "loc_loss_elem": [[0.10042, 0.08527, 0.06967, 0.07257, 0.08308, 0.05931, 0.13342, 0.10767]], "num_positive": [65.4], "roi_reg_loss": [0.8652], "roi_cls_loss": [0.173]}
{"mode": "train", "epoch": 1, "iter": 65, "lr": 0.0003, "time": 9.27162, "data_time": 6.33053, "memory": 5286, "transfer_time": 6.36931, "forward_time": 9.12426, "loss_parse_time": 9.12441, "loss": [2.52605], "hm_loss": [0.0], "loc_loss": [0.68303], "loc_loss_elem": [[0.11478, 0.08695, 0.07613, 0.06435, 0.07435, 0.06154, 0.10093, 0.10401]], "num_positive": [62.2], "roi_reg_loss": [0.99884], "roi_cls_loss": [0.16115]}
{"mode": "train", "epoch": 1, "iter": 70, "lr": 0.0003, "time": 9.61092, "data_time": 7.02492, "memory": 5286, "transfer_time": 7.06222, "forward_time": 9.46238, "loss_parse_time": 9.46251, "loss": [2.54354], "hm_loss": [0.0], "loc_loss": [0.73291], "loc_loss_elem": [[0.11091, 0.0918, 0.09034, 0.068, 0.07396, 0.06536, 0.11783, 0.1147]], "num_positive": [61.6], "roi_reg_loss": [0.91435], "roi_cls_loss": [0.16337]}
{"mode": "train", "epoch": 1, "iter": 75, "lr": 0.0003, "time": 4.44126, "data_time": 2.22099, "memory": 5286, "transfer_time": 2.26351, "forward_time": 4.30022, "loss_parse_time": 4.30036, "loss": [2.3575], "hm_loss": [0.0], "loc_loss": [0.63519], "loc_loss_elem": [[0.11599, 0.08986, 0.08602, 0.07043, 0.06849, 0.0666, 0.07673, 0.06107]], "num_positive": [64.0], "roi_reg_loss": [0.9337], "roi_cls_loss": [0.15342]}
{"mode": "train", "epoch": 1, "iter": 80, "lr": 0.0003, "time": 4.97358, "data_time": 1.57699, "memory": 5286, "transfer_time": 1.6206, "forward_time": 4.82654, "loss_parse_time": 4.82668, "loss": [2.16064], "hm_loss": [0.0], "loc_loss": [0.58443], "loc_loss_elem": [[0.10442, 0.08376, 0.07402, 0.06296, 0.07122, 0.05877, 0.06083, 0.06845]], "num_positive": [42.6], "roi_reg_loss": [0.88237], "roi_cls_loss": [0.10941]}
{"mode": "train", "epoch": 1, "iter": 85, "lr": 0.0003, "time": 3.79384, "data_time": 0.25086, "memory": 5286, "transfer_time": 0.29409, "forward_time": 3.6496, "loss_parse_time": 3.64973, "loss": [2.25966], "hm_loss": [0.0], "loc_loss": [0.65293], "loc_loss_elem": [[0.11092, 0.07809, 0.07062, 0.06189, 0.07537, 0.06089, 0.08947, 0.10567]], "num_positive": [62.8], "roi_reg_loss": [0.81853], "roi_cls_loss": [0.13527]}
{"mode": "train", "epoch": 1, "iter": 90, "lr": 0.0003, "time": 9.66511, "data_time": 1.26996, "memory": 5286, "transfer_time": 1.31066, "forward_time": 9.51686, "loss_parse_time": 9.517, "loss": [2.34903], "hm_loss": [0.0], "loc_loss": [0.6428], "loc_loss_elem": [[0.11287, 0.10021, 0.07561, 0.06532, 0.06748, 0.0703, 0.07127, 0.07974]], "num_positive": [59.8], "roi_reg_loss": [0.93566], "roi_cls_loss": [0.12777]}
{"mode": "train", "epoch": 1, "iter": 95, "lr": 0.0003, "time": 9.23834, "data_time": 0.26607, "memory": 5286, "transfer_time": 0.30464, "forward_time": 9.08989, "loss_parse_time": 9.09002, "loss": [2.33949], "hm_loss": [0.0], "loc_loss": [0.67563], "loc_loss_elem": [[0.10349, 0.09097, 0.07112, 0.07687, 0.07661, 0.0643, 0.10079, 0.09149]], "num_positive": [75.6], "roi_reg_loss": [0.83521], "roi_cls_loss": [0.15302]}
{"mode": "train", "epoch": 1, "iter": 100,