{"mode": "train", "epoch": 1, "iter": 5, "lr": 0.0003, "time": 3.28123, "data_time": 1.39257, "memory": 22693, "transfer_time": 1.44846, "forward_time": 3.11759, "loss_parse_time": 3.11777, "loss": [3.40026], "hm_loss": [0.36496], "loc_loss": [0.68173], "loc_loss_elem": [[0.12381, 0.09562, 0.07931, 0.06748, 0.07277, 0.06486, 0.11038, 0.0675]], "num_positive": [45.8], "roi_reg_loss": [1.00653], "roi_cls_loss": [0.66531]}
{"mode": "train", "epoch": 1, "iter": 10, "lr": 0.0003, "time": 1.86869, "data_time": 0.05044, "memory": 22693, "transfer_time": 0.10296, "forward_time": 1.71498, "loss_parse_time": 1.71513, "loss": [3.06095], "hm_loss": [0.27294], "loc_loss": [0.72642], "loc_loss_elem": [[0.10309, 0.0853, 0.06626, 0.07915, 0.0826, 0.05755, 0.1301, 0.12237]], "num_positive": [86.8], "roi_reg_loss": [0.83572], "roi_cls_loss": [0.49945]}
