{"mode": "train", "epoch": 1, "iter": 5, "lr": 0.0003, "time": 4.12523, "data_time": 1.51205, "memory": 22640, "transfer_time": 1.56099, "forward_time": 3.96281, "loss_parse_time": 3.96304, "loss": [3.39915], "hm_loss": [0.36496], "loc_loss": [0.68173], "loc_loss_elem": [[0.12381, 0.09562, 0.07931, 0.06748, 0.07277, 0.06486, 0.11038, 0.0675]], "num_positive": [45.8], "roi_reg_loss": [1.00581], "roi_cls_loss": [0.66491]}
{"mode": "train", "epoch": 1, "iter": 10, "lr": 0.0003, "time": 1.90036, "data_time": 0.05195, "memory": 22640, "transfer_time": 0.10356, "forward_time": 1.74886, "loss_parse_time": 1.74906, "loss": [3.05969], "hm_loss": [0.27294], "loc_loss": [0.72642], "loc_loss_elem": [[0.10309, 0.0853, 0.06626, 0.07915, 0.0826, 0.05755, 0.1301, 0.12237]], "num_positive": [86.8], "roi_reg_loss": [0.83605], "roi_cls_loss": [0.49785]}
{"mode": "train", "epoch": 1, "iter": 15, "lr": 0.0003, "time": 1.91046, "data_time": 0.0631, "memory": 22640, "transfer_time": 0.11677, "forward_time": 1.75622, "loss_parse_time": 1.75636, "loss": [3.09046], "hm_loss": [0.37516], "loc_loss": [0.72312], "loc_loss_elem": [[0.09392, 0.09335, 0.08568, 0.07515, 0.07247, 0.06075, 0.11827, 0.12353]], "num_positive": [59.6], "roi_reg_loss": [0.86992], "roi_cls_loss": [0.39914]}
{"mode": "train", "epoch": 1, "iter": 20, "lr": 0.0003, "time": 1.91477, "data_time": 0.05838, "memory": 24233, "transfer_time": 0.10878, "forward_time": 1.76146, "loss_parse_time": 1.76163, "loss": [2.96034], "hm_loss": [0.2694], "loc_loss": [0.74598], "loc_loss_elem": [[0.09761, 0.08142, 0.07577, 0.08456, 0.0809, 0.05669, 0.15504, 0.114]], "num_positive": [85.4], "roi_reg_loss": [0.8545], "roi_cls_loss": [0.34448]}
{"mode": "train", "epoch": 1, "iter": 25, "lr": 0.0003, "time": 1.87749, "data_time": 0.0608, "memory": 24233, "transfer_time": 0.11313, "forward_time": 1.7235, "loss_parse_time": 1.72365, "loss": [2.53518], "hm_loss": [0.27994], "loc_loss": [0.54954], "loc_loss_elem": [[0.1177, 0.09178, 0.06963, 0.05489, 0.05855, 0.05894, 0.03834, 0.05972]], "num_positive": [41.4], "roi_reg_loss": [0.93752], "roi_cls_loss": [0.21863]}
