{"mode": "train", "epoch": 1, "iter": 5, "lr": 0.0003, "time": 2.5406, "data_time": 1.24737, "memory": 5544, "transfer_time": 1.28533, "forward_time": 2.40451, "loss_parse_time": 2.40467, "loss": [3.21393], "hm_loss": [0.30776], "loc_loss": [0.65669], "loc_loss_elem": [[0.10352, 0.09056, 0.08452, 0.07233, 0.07764, 0.06377, 0.09733, 0.06702]], "num_positive": [36.2], "roi_reg_loss": [0.94248], "roi_cls_loss": [0.6503]}
{"mode": "train", "epoch": 1, "iter": 10, "lr": 0.0003, "time": 1.27183, "data_time": 0.03909, "memory": 5545, "transfer_time": 0.07609, "forward_time": 1.14406, "loss_parse_time": 1.1442, "loss": [3.1744], "hm_loss": [0.32135], "loc_loss": [0.69515], "loc_loss_elem": [[0.11635, 0.07814, 0.06981, 0.07966, 0.0832, 0.06081, 0.09677, 0.11042]], "num_positive": [44.2], "roi_reg_loss": [0.94418], "roi_cls_loss": [0.51857]}
