{"mode": "train", "epoch": 1, "iter": 5, "lr": 0.0003, "time": 1.59818, "data_time": 1.15945, "memory": 3477, "transfer_time": 1.16813, "forward_time": 1.52031, "loss_parse_time": 1.52049, "loss": [3.36917], "hm_loss": [0.33603], "loc_loss": [0.67092], "loc_loss_elem": [[0.13482, 0.08254, 0.0914, 0.0719, 0.07683, 0.06895, 0.08401, 0.06047]], "num_positive": [15.0], "roi_reg_loss": [1.01636], "roi_cls_loss": [0.67494]}
{"mode": "train", "epoch": 1, "iter": 10, "lr": 0.0003, "time": 0.4307, "data_time": 0.01438, "memory": 3489, "transfer_time": 0.02178, "forward_time": 0.35235, "loss_parse_time": 0.35251, "loss": [2.52926], "hm_loss": [0.2284], "loc_loss": [0.47605], "loc_loss_elem": [[0.09978, 0.07556, 0.07412, 0.05418, 0.04826, 0.07686, 0.0125, 0.0348]], "num_positive": [9.6], "roi_reg_loss": [0.90453], "roi_cls_loss": [0.44422]}
