{"mode": "train", "epoch": 1, "iter": 5, "lr": 0.0003, "time": 1.59764, "data_time": 1.14841, "memory": 3477, "transfer_time": 1.15682, "forward_time": 1.51653, "loss_parse_time": 1.51669, "loss": [3.36525], "hm_loss": [0.33601], "loc_loss": [0.67111], "loc_loss_elem": [[0.13483, 0.08255, 0.09141, 0.0719, 0.07683, 0.06895, 0.08417, 0.06049]], "num_positive": [15.0], "roi_reg_loss": [1.01309], "roi_cls_loss": [0.67392]}
{"mode": "train", "epoch": 1, "iter": 10, "lr": 0.0003, "time": 0.4311, "data_time": 0.01731, "memory": 3489, "transfer_time": 0.02513, "forward_time": 0.35657, "loss_parse_time": 0.35673, "loss": [2.5262], "hm_loss": [0.22841], "loc_loss": [0.47604], "loc_loss_elem": [[0.09979, 0.07556, 0.0741, 0.05418, 0.04826, 0.07685, 0.01249, 0.0348]], "num_positive": [9.6], "roi_reg_loss": [0.90039], "roi_cls_loss": [0.44533]}
