{"mode": "train", "epoch": 1, "iter": 5, "lr": 0.0003, "time": 1.59792, "data_time": 1.15005, "memory": 3477, "transfer_time": 1.15869, "forward_time": 1.5182, "loss_parse_time": 1.5184, "loss": [3.36512], "hm_loss": [0.33601], "loc_loss": [0.67103], "loc_loss_elem": [[0.13483, 0.08254, 0.0914, 0.0719, 0.07682, 0.06895, 0.08412, 0.06047]], "num_positive": [15.0], "roi_reg_loss": [1.01566], "roi_cls_loss": [0.67138]}
{"mode": "train", "epoch": 1, "iter": 10, "lr": 0.0003, "time": 0.46656, "data_time": 0.01475, "memory": 3489, "transfer_time": 0.02185, "forward_time": 0.38524, "loss_parse_time": 0.38539, "loss": [2.53473], "hm_loss": [0.22837], "loc_loss": [0.47609], "loc_loss_elem": [[0.0998, 0.07558, 0.07411, 0.05418, 0.04827, 0.07685, 0.0125, 0.0348]], "num_positive": [9.6], "roi_reg_loss": [0.90538], "roi_cls_loss": [0.44879]}
