{"mode": "train", "epoch": 1, "iter": 5, "lr": 0.0003, "time": 2.5371, "data_time": 1.27454, "memory": 5544, "transfer_time": 1.31329, "forward_time": 2.40532, "loss_parse_time": 2.40546, "loss": [3.21393], "hm_loss": [0.30776], "loc_loss": [0.65669], "loc_loss_elem": [[0.10352, 0.09056, 0.08452, 0.07233, 0.07764, 0.06377, 0.09733, 0.06702]], "num_positive": [36.2], "roi_reg_loss": [0.94248], "roi_cls_loss": [0.65031]}
{"mode": "train", "epoch": 1, "iter": 10, "lr": 0.0003, "time": 1.25029, "data_time": 0.04893, "memory": 5545, "transfer_time": 0.08538, "forward_time": 1.11591, "loss_parse_time": 1.11604, "loss": [3.17441], "hm_loss": [0.32135], "loc_loss": [0.69515], "loc_loss_elem": [[0.11635, 0.07814, 0.06981, 0.07966, 0.0832, 0.06081, 0.09677, 0.11042]], "num_positive": [44.2], "roi_reg_loss": [0.94416], "roi_cls_loss": [0.51859]}
{"mode": "train", "epoch": 1, "iter": 15, "lr": 0.0003, "time": 1.23854, "data_time": 0.04263, "memory": 5545, "transfer_time": 0.08264, "forward_time": 1.11019, "loss_parse_time": 1.11032, "loss": [3.35088], "hm_loss": [0.40229], "loc_loss": [0.76857], "loc_loss_elem": [[0.11764, 0.09179, 0.07943, 0.06717, 0.0884, 0.06937, 0.1213, 0.13347]], "num_positive": [44.0], "roi_reg_loss": [0.99538], "roi_cls_loss": [0.41606]}
{"mode": "train", "epoch": 1, "iter": 20, "lr": 0.0003, "time": 1.23997, "data_time": 0.04239, "memory": 5545, "transfer_time": 0.0806, "forward_time": 1.11547, "loss_parse_time": 1.11561, "loss": [2.93197], "hm_loss": [0.3029], "loc_loss": [0.71568], "loc_loss_elem": [[0.10664, 0.08428, 0.06806, 0.0777, 0.08113, 0.06107, 0.13562, 0.10118]], "num_positive": [48.4], "roi_reg_loss": [0.85842], "roi_cls_loss": [0.33928]}
