{"mode": "train", "epoch": 1, "iter": 5, "lr": 0.0003, "time": 3.31641, "data_time": 1.42401, "memory": 22693, "transfer_time": 1.47798, "forward_time": 3.15456, "loss_parse_time": 3.15475, "loss": [3.40082], "hm_loss": [0.36496], "loc_loss": [0.68173], "loc_loss_elem": [[0.12381, 0.09562, 0.07931, 0.06748, 0.07277, 0.06486, 0.11038, 0.0675]], "num_positive": [45.8], "roi_reg_loss": [1.00723], "roi_cls_loss": [0.66517]}
{"mode": "train", "epoch": 1, "iter": 10, "lr": 0.0003, "time": 1.8574, "data_time": 0.04913, "memory": 22693, "transfer_time": 0.10295, "forward_time": 1.69867, "loss_parse_time": 1.69881, "loss": [3.06106], "hm_loss": [0.27294], "loc_loss": [0.72642], "loc_loss_elem": [[0.10309, 0.0853, 0.06626, 0.07915, 0.0826, 0.05755, 0.1301, 0.12237]], "num_positive": [86.8], "roi_reg_loss": [0.83573], "roi_cls_loss": [0.49954]}
{"mode": "train", "epoch": 1, "iter": 15, "lr": 0.0003, "time": 1.87408, "data_time": 0.0592, "memory": 22693, "transfer_time": 0.11233, "forward_time": 1.72172, "loss_parse_time": 1.72186, "loss": [3.09026], "hm_loss": [0.37516], "loc_loss": [0.72312], "loc_loss_elem": [[0.09392, 0.09335, 0.08568, 0.07515, 0.07247, 0.06075, 0.11827, 0.12353]], "num_positive": [59.6], "roi_reg_loss": [0.87056], "roi_cls_loss": [0.3983]}
{"mode": "train", "epoch": 1, "iter": 20, "lr": 0.0003, "time": 1.88683, "data_time": 0.0588, "memory": 24302, "transfer_time": 0.11256, "forward_time": 1.72855, "loss_parse_time": 1.7287, "loss": [2.95907], "hm_loss": [0.2694], "loc_loss": [0.74598], "loc_loss_elem": [[0.09761, 0.08142, 0.07577, 0.08456, 0.0809, 0.05669, 0.15504, 0.114]], "num_positive": [85.4], "roi_reg_loss": [0.8544], "roi_cls_loss": [0.34331]}
{"mode": "train", "epoch": 1, "iter": 25, "lr": 0.0003, "time": 1.87754, "data_time": 0.05836, "memory": 24302, "transfer_time": 0.11252, "forward_time": 1.71978, "loss_parse_time": 1.71993, "loss": [2.5348], "hm_loss": [0.27994], "loc_loss": [0.54954], "loc_loss_elem": [[0.1177, 0.09178, 0.06963, 0.05489, 0.05855, 0.05894, 0.03834, 0.05972]], "num_positive": [41.4], "roi_reg_loss": [0.93759], "roi_cls_loss": [0.21818]}
