{"mode": "train", "epoch": 1, "iter": 5, "lr": 0.0003, "time": 2.58271, "data_time": 1.26894, "memory": 5544, "transfer_time": 1.30866, "forward_time": 2.44873, "loss_parse_time": 2.44889, "loss": [3.21393], "hm_loss": [0.30776], "loc_loss": [0.65669], "loc_loss_elem": [[0.10352, 0.09056, 0.08452, 0.07233, 0.07764, 0.06377, 0.09733, 0.06702]], "num_positive": [36.2], "roi_reg_loss": [0.94248], "roi_cls_loss": [0.6503]}
{"mode": "train", "epoch": 1, "iter": 10, "lr": 0.0003, "time": 1.25943, "data_time": 0.04393, "memory": 5545, "transfer_time": 0.08172, "forward_time": 1.12668, "loss_parse_time": 1.12681, "loss": [3.1744], "hm_loss": [0.32135], "loc_loss": [0.69515], "loc_loss_elem": [[0.11635, 0.07814, 0.06981, 0.07966, 0.0832, 0.06081, 0.09677, 0.11042]], "num_positive": [44.2], "roi_reg_loss": [0.94417], "roi_cls_loss": [0.51857]}
