{"mode": "train", "epoch": 1, "iter": 5, "lr": 0.0003, "time": 1.59034, "data_time": 1.14927, "memory": 3477, "transfer_time": 1.15776, "forward_time": 1.5142, "loss_parse_time": 1.51435, "loss": [3.36309], "hm_loss": [0.33603], "loc_loss": [0.6709], "loc_loss_elem": [[0.13483, 0.08254, 0.09139, 0.07189, 0.07683, 0.06894, 0.084, 0.06049]], "num_positive": [15.0], "roi_reg_loss": [1.01333], "roi_cls_loss": [0.67192]}
{"mode": "train", "epoch": 1, "iter": 10, "lr": 0.0003, "time": 0.42193, "data_time": 0.014, "memory": 3489, "transfer_time": 0.02148, "forward_time": 0.34599, "loss_parse_time": 0.34614, "loss": [2.52313], "hm_loss": [0.22845], "loc_loss": [0.476], "loc_loss_elem": [[0.09977, 0.07555, 0.07409, 0.05418, 0.04825, 0.07686, 0.01249, 0.0348]], "num_positive": [9.6], "roi_reg_loss": [0.89762], "roi_cls_loss": [0.44506]}
{"mode": "train", "epoch": 1, "iter": 15, "lr": 0.0003, "time": 0.42119, "data_time": 0.01794, "memory": 3489, "transfer_time": 0.02589, "forward_time": 0.34416, "loss_parse_time": 0.34434, "loss": [3.11421], "hm_loss": [0.47917], "loc_loss": [0.65517], "loc_loss_elem": [[0.11642, 0.07191, 0.09197, 0.06505, 0.06321, 0.07057, 0.11316, 0.06288]], "num_positive": [13.8], "roi_reg_loss": [0.90332], "roi_cls_loss": [0.42138]}
{"mode": "train", "epoch": 1, "iter": 20, "lr": 0.0003, "time": 0.42831, "data_time": 0.02069, "memory": 3489, "transfer_time": 0.02878, "forward_time": 0.34844, "loss_parse_time": 0.34867, "loss": [3.06865], "hm_loss": [0.31759], "loc_loss": [0.75042], "loc_loss_elem": [[0.16529, 0.09284, 0.09371, 0.05785, 0.0614, 0.07079, 0.1207, 0.08784]], "num_positive": [10.4], "roi_reg_loss": [0.90281], "roi_cls_loss": [0.34741]}
{"mode": "train", "epoch": 1, "iter": 25, "lr": 0.0003, "time": 0.4329, "data_time": 0.01748, "memory": 3503, "transfer_time": 0.02623, "forward_time": 0.35101, "loss_parse_time": 0.35132, "loss": [2.58504], "hm_loss": [0.34816], "loc_loss": [0.52297], "loc_loss_elem": [[0.06825, 0.05989, 0.06489, 0.03582, 0.07346, 0.03388, 0.11536, 0.07143]], "num_positive": [7.6], "roi_reg_loss": [0.84185], "roi_cls_loss": [0.34909]}
{"mode": "train", "epoch": 1, "iter": 30, "lr": 0.0003, "time": 0.4233, "data_time": 0.01481, "memory": 3508, "transfer_time": 0.02343, "forward_time": 0.35151, "loss_parse_time": 0.35167, "loss": [2.72093], "hm_loss": [0.18199], "loc_loss": [0.64395], "loc_loss_elem": [[0.09506, 0.0679, 0.08316, 0.07556, 0.08179, 0.07618, 0.08768, 0.07662]], "num_positive": [21.4], "roi_reg_loss": [0.85105], "roi_cls_loss": [0.39999]}
{"mode": "train", "epoch": 1, "iter": 35, "lr": 0.0003, "time": 0.42712, "data_time": 0.0169, "memory": 3508, "transfer_time": 0.02549, "forward_time": 0.35158, "loss_parse_time": 0.35175, "loss": [2.87795], "hm_loss": [0.41318], "loc_loss": [0.63206], "loc_loss_elem": [[0.14263, 0.07091, 0.10579, 0.06536, 0.07132, 0.103, 0.03979, 0.03326]], "num_positive": [8.4], "roi_reg_loss": [0.96694], "roi_cls_loss": [0.23371]}
{"mode": "train", "epoch": 1, "iter": 40, "lr": 0.0003, "time": 0.43534, "data_time": 0.01724, "memory": 3508, "transfer_time": 0.02594, "forward_time": 0.35891, "loss_parse_time": 0.35909, "loss": [3.03636], "hm_loss": [0.2981], "loc_loss": [0.70241], "loc_loss_elem": [[0.10592, 0.08842, 0.08852, 0.07882, 0.08516, 0.05954, 0.09236, 0.10368]], "num_positive": [20.6], "roi_reg_loss": [0.95293], "roi_cls_loss": [0.38052]}
{"mode": "train", "epoch": 1, "iter": 45, "lr": 0.0003, "time": 0.43245, "data_time": 0.01889, "memory": 3508, "transfer_time": 0.02735, "forward_time": 0.35342, "loss_parse_time": 0.3536, "loss": [2.07435], "hm_loss": [0.32637], "loc_loss": [0.44831], "loc_loss_elem": [[0.03565, 0.0393, 0.03221, 0.04566, 0.03251, 0.02788, 0.13963, 0.09547]], "num_positive": [6.2], "roi_reg_loss": [0.64619], "roi_cls_loss": [0.20518]}
{"mode": "train", "epoch": 1, "iter": 50, "lr": 0.0003, "time": 0.43391, "data_time": 0.01951, "memory": 3508, "transfer_time": 0.02809, "forward_time": 0.35652, "loss_parse_time": 0.35671, "loss": [3.64016], "hm_loss": [0.39559], "loc_loss": [0.86042], "loc_loss_elem": [[0.1158, 0.13061, 0.06644, 0.0806, 0.10862, 0.05635, 0.21772, 0.08428]], "num_positive": [7.0], "roi_reg_loss": [1.32745], "roi_cls_loss": [0.19628]}
{"mode": "train", "epoch": 1, "iter": 55, "lr": 0.0003, "time": 0.42652, "data_time": 0.01775, "memory": 3537, "transfer_time": 0.02615, "forward_time": 0.35, "loss_parse_time": 0.35019, "loss": [3.01917], "hm_loss": [0.66924], "loc_loss": [0.58408], "loc_loss_elem": [[0.09118, 0.08262, 0.07275, 0.05196, 0.05572, 0.03285, 0.05468, 0.14233]], "num_positive": [14.6], "roi_reg_loss": [0.92479], "roi_cls_loss": [0.25699]}
{"mode": "train", "epoch": 1, "iter": 60, "lr": 0.0003, "time": 0.43366, "data_time": 0.01686, "memory": 3537, "transfer_time": 0.02573, "forward_time": 0.35402, "loss_parse_time": 0.3542, "loss": [2.67869], "hm_loss": [0.28433], "loc_loss": [0.65211], "loc_loss_elem": [[0.10415, 0.10509, 0.06276, 0.05893, 0.05394, 0.05004, 0.10881, 0.1084]], "num_positive": [14.8], "roi_reg_loss": [0.79982], "roi_cls_loss": [0.29031]}
{"mode": "train", "epoch": 1, "iter": 65, "lr": 0.0003, "time": 0.42873, "data_time": 0.01974, "memory": 3537, "transfer_time": 0.02794, "forward_time": 0.35248, "loss_parse_time": 0.35265, "loss": [3.41862], "hm_loss": [0.49957], "loc_loss": [0.90846], "loc_loss_elem": [[0.07745, 0.07437, 0.19811, 0.09657, 0.10581, 0.06719, 0.17951, 0.10945]], "num_positive": [17.0], "roi_reg_loss": [0.81406], "roi_cls_loss": [0.28808]}
{"mode": "train", "epoch": 1, "iter": 70, "lr": 0.0003, "time": 0.4244, "data_time": 0.01591, "memory": 3537, "transfer_time": 0.02396, "forward_time": 0.34921, "loss_parse_time": 0.34942, "loss": [2.92118], "hm_loss": [0.31754], "loc_loss": [0.77775], "loc_loss_elem": [[0.10972, 0.07971, 0.05831, 0.10565, 0.1095, 0.06407, 0.11871, 0.13208]], "num_positive": [13.0], "roi_reg_loss": [0.81023], "roi_cls_loss": [0.23793]}
{"mode": "train", "epoch": 1, "iter": 75, "lr": 0.0003, "time": 0.42876, "data_time": 0.02037, "memory": 3537, "transfer_time": 0.02815, "forward_time": 0.35156, "loss_parse_time": 0.35173, "loss": [2.61079], "hm_loss": [0.2174], "loc_loss": [0.67981], "loc_loss_elem": [[0.09215, 0.09478, 0.05818, 0.08459, 0.06965, 0.07111, 0.07071, 0.13863]], "num_positive": [12.6], "roi_reg_loss": [0.7736], "roi_cls_loss": [0.26018]}
