{"mode": "train", "epoch": 1, "iter": 5, "lr": 0.0003, "time": 2.67194, "data_time": 1.27201, "memory": 31269, "transfer_time": 1.30496, "forward_time": 2.54064, "loss_parse_time": 2.54086, "loss": [3.20874], "hm_loss": [0.30776], "loc_loss": [0.65669], "loc_loss_elem": [[0.10352, 0.09056, 0.08452, 0.07233, 0.07764, 0.06377, 0.09733, 0.06702]], "num_positive": [36.2], "roi_reg_loss": [0.93715], "roi_cls_loss": [0.65045]}
{"mode": "train", "epoch": 1, "iter": 10, "lr": 0.0003, "time": 1.3557, "data_time": 0.03658, "memory": 31356, "transfer_time": 0.06417, "forward_time": 1.23728, "loss_parse_time": 1.23747, "loss": [3.1669], "hm_loss": [0.32135], "loc_loss": [0.69515], "loc_loss_elem": [[0.11635, 0.07814, 0.06981, 0.07966, 0.0832, 0.06081, 0.09677, 0.11042]], "num_positive": [44.2], "roi_reg_loss": [0.95053], "roi_cls_loss": [0.50471]}
{"mode": "train", "epoch": 1, "iter": 15, "lr": 0.0003, "time": 1.35361, "data_time": 0.03647, "memory": 31356, "transfer_time": 0.0641, "forward_time": 1.23765, "loss_parse_time": 1.2378, "loss": [3.34279], "hm_loss": [0.40229], "loc_loss": [0.76857], "loc_loss_elem": [[0.11764, 0.09179, 0.07943, 0.06717, 0.0884, 0.06937, 0.1213, 0.13347]], "num_positive": [44.0], "roi_reg_loss": [0.99391], "roi_cls_loss": [0.40944]}
{"mode": "train", "epoch": 1, "iter": 20, "lr": 0.0003, "time": 1.37864, "data_time": 0.04223, "memory": 31356, "transfer_time": 0.07148, "forward_time": 1.25644, "loss_parse_time": 1.25659, "loss": [2.91539], "hm_loss": [0.3029], "loc_loss": [0.71568], "loc_loss_elem": [[0.10664, 0.08428, 0.06806, 0.0777, 0.08113, 0.06107, 0.13562, 0.10118]], "num_positive": [48.4], "roi_reg_loss": [0.85282], "roi_cls_loss": [0.3283]}
{"mode": "train", "epoch": 1, "iter": 25, "lr": 0.0003, "time": 1.37153, "data_time": 0.04405, "memory": 31356, "transfer_time": 0.07757, "forward_time": 1.24933, "loss_parse_time": 1.24948, "loss": [3.13945], "hm_loss": [0.38511], "loc_loss": [0.7366], "loc_loss_elem": [[0.09564, 0.10009, 0.09005, 0.06637, 0.07145, 0.07924, 0.11994, 0.11382]], "num_positive": [45.6], "roi_reg_loss": [0.95851], "roi_cls_loss": [0.32263]}
{"mode": "train", "epoch": 1, "iter": 30, "lr": 0.0003, "time": 1.36204, "data_time": 0.04028, "memory": 31356, "transfer_time": 0.06938, "forward_time": 1.2418, "loss_parse_time": 1.24198, "loss": [3.27572], "hm_loss": [0.35018], "loc_loss": [0.77422], "loc_loss_elem": [[0.11042, 0.09969, 0.08259, 0.08641, 0.08156, 0.06743, 0.12711, 0.119]], "num_positive": [34.2], "roi_reg_loss": [1.12656], "roi_cls_loss": [0.25054]}
{"mode": "train", "epoch": 1, "iter": 35, "lr": 0.0003, "time": 1.36622, "data_time": 0.04096, "memory": 31356, "transfer_time": 0.07401, "forward_time": 1.24513, "loss_parse_time": 1.24529, "loss": [2.9667], "hm_loss": [0.26248], "loc_loss": [0.80521], "loc_loss_elem": [[0.11103, 0.08374, 0.07421, 0.07765, 0.08675, 0.05133, 0.17279, 0.14772]], "num_positive": [54.6], "roi_reg_loss": [0.81157], "roi_cls_loss": [0.28221]}
{"mode": "train", "epoch": 1, "iter": 40, "lr": 0.0003, "time": 1.35746, "data_time": 0.03765, "memory": 31359, "transfer_time": 0.06776, "forward_time": 1.23854, "loss_parse_time": 1.2387, "loss": [2.6143], "hm_loss": [0.33654], "loc_loss": [0.56735], "loc_loss_elem": [[0.10989, 0.08512, 0.07688, 0.05677, 0.05576, 0.07177, 0.05614, 0.05501]], "num_positive": [31.2], "roi_reg_loss": [0.96137], "roi_cls_loss": [0.18169]}
{"mode": "train", "epoch": 1, "iter": 45, "lr": 0.0003, "time": 1.39579, "data_time": 0.04223, "memory": 31359, "transfer_time": 0.07542, "forward_time": 1.27489, "loss_parse_time": 1.27504, "loss": [2.96629], "hm_loss": [0.32565], "loc_loss": [0.79236], "loc_loss_elem": [[0.08397, 0.08919, 0.06936, 0.06511, 0.07119, 0.05215, 0.19517, 0.16621]], "num_positive": [29.0], "roi_reg_loss": [0.89241], "roi_cls_loss": [0.16351]}
{"mode": "train", "epoch": 1, "iter": 50, "lr": 0.0003, "time": 1.40162, "data_time": 0.03922, "memory": 31359, "transfer_time": 0.07524, "forward_time": 1.28061, "loss_parse_time": 1.28077, "loss": [2.93177], "hm_loss": [0.29014], "loc_loss": [0.7285], "loc_loss_elem": [[0.09979, 0.09484, 0.07921, 0.07946, 0.0864, 0.06441, 0.14112, 0.08327]], "num_positive": [65.2], "roi_reg_loss": [0.90457], "roi_cls_loss": [0.28008]}
