{"mode": "train", "epoch": 1, "iter": 5, "lr": 0.0003, "time": 1.63484, "data_time": 1.18582, "memory": 3477, "transfer_time": 1.19491, "forward_time": 1.55737, "loss_parse_time": 1.55755, "loss": [3.36412], "hm_loss": [0.33603], "loc_loss": [0.67096], "loc_loss_elem": [[0.13483, 0.08254, 0.0914, 0.0719, 0.07683, 0.06895, 0.08404, 0.06047]], "num_positive": [15.0], "roi_reg_loss": [1.01441], "roi_cls_loss": [0.67176]}
{"mode": "train", "epoch": 1, "iter": 10, "lr": 0.0003, "time": 0.43664, "data_time": 0.01629, "memory": 3489, "transfer_time": 0.02512, "forward_time": 0.35557, "loss_parse_time": 0.35576, "loss": [2.52752], "hm_loss": [0.22838], "loc_loss": [0.47609], "loc_loss_elem": [[0.09979, 0.07557, 0.07411, 0.05418, 0.04826, 0.07686, 0.01253, 0.03479]], "num_positive": [9.6], "roi_reg_loss": [0.90171], "roi_cls_loss": [0.44525]}
