{"mode": "train", "epoch": 1, "iter": 5, "lr": 0.0003, "time": 3.8497, "data_time": 1.94254, "memory": 20060, "transfer_time": 1.99583, "forward_time": 3.68801, "loss_parse_time": 3.68831, "loss": [3.39466], "hm_loss": [0.36489], "loc_loss": [0.68069], "loc_loss_elem": [[0.12387, 0.09544, 0.07931, 0.06767, 0.07269, 0.06479, 0.10963, 0.06728]], "num_positive": [45.8], "roi_reg_loss": [1.0033], "roi_cls_loss": [0.6651]}
{"mode": "train", "epoch": 1, "iter": 10, "lr": 0.0003, "time": 1.88494, "data_time": 0.06316, "memory": 20060, "transfer_time": 0.11889, "forward_time": 1.72982, "loss_parse_time": 1.72997, "loss": [3.07299], "hm_loss": [0.27464], "loc_loss": [0.73105], "loc_loss_elem": [[0.10306, 0.08539, 0.06639, 0.07905, 0.08309, 0.05755, 0.13123, 0.12529]], "num_positive": [86.8], "roi_reg_loss": [0.83766], "roi_cls_loss": [0.49858]}
