{"mode": "train", "epoch": 1, "iter": 5, "lr": 0.0003, "time": 1.6024, "data_time": 1.15564, "memory": 3477, "transfer_time": 1.1655, "forward_time": 1.52406, "loss_parse_time": 1.52422, "loss": [3.37178], "hm_loss": [0.33601], "loc_loss": [0.67103], "loc_loss_elem": [[0.13483, 0.08254, 0.0914, 0.0719, 0.07683, 0.06895, 0.08409, 0.06049]], "num_positive": [15.0], "roi_reg_loss": [1.01597], "roi_cls_loss": [0.67774]}
{"mode": "train", "epoch": 1, "iter": 10, "lr": 0.0003, "time": 0.41994, "data_time": 0.01544, "memory": 3489, "transfer_time": 0.02308, "forward_time": 0.34167, "loss_parse_time": 0.34183, "loss": [2.52816], "hm_loss": [0.22848], "loc_loss": [0.47605], "loc_loss_elem": [[0.09979, 0.07557, 0.07411, 0.05418, 0.04826, 0.07685, 0.01249, 0.0348]], "num_positive": [9.6], "roi_reg_loss": [0.9025], "roi_cls_loss": [0.44509]}
