{"mode": "train", "epoch": 1, "iter": 5, "lr": 0.0003, "time": 3.32045, "data_time": 1.42431, "memory": 22640, "transfer_time": 1.47933, "forward_time": 3.16159, "loss_parse_time": 3.16175, "loss": [3.39957], "hm_loss": [0.36496], "loc_loss": [0.68173], "loc_loss_elem": [[0.12381, 0.09562, 0.07931, 0.06748, 0.07277, 0.06486, 0.11038, 0.0675]], "num_positive": [45.8], "roi_reg_loss": [1.00718], "roi_cls_loss": [0.66396]}
{"mode": "train", "epoch": 1, "iter": 10, "lr": 0.0003, "time": 1.87287, "data_time": 0.05331, "memory": 22640, "transfer_time": 0.10811, "forward_time": 1.71766, "loss_parse_time": 1.71785, "loss": [3.06106], "hm_loss": [0.27294], "loc_loss": [0.72642], "loc_loss_elem": [[0.10309, 0.0853, 0.06626, 0.07915, 0.0826, 0.05755, 0.1301, 0.12237]], "num_positive": [86.8], "roi_reg_loss": [0.83645], "roi_cls_loss": [0.49882]}
{"mode": "train", "epoch": 1, "iter": 15, "lr": 0.0003, "time": 1.88734, "data_time": 0.05759, "memory": 22640, "transfer_time": 0.11132, "forward_time": 1.72664, "loss_parse_time": 1.72678, "loss": [3.08971], "hm_loss": [0.37516], "loc_loss": [0.72312], "loc_loss_elem": [[0.09392, 0.09335, 0.08568, 0.07515, 0.07247, 0.06075, 0.11827, 0.12353]], "num_positive": [59.6], "roi_reg_loss": [0.87001], "roi_cls_loss": [0.3983]}
{"mode": "train", "epoch": 1, "iter": 20, "lr": 0.0003, "time": 1.90492, "data_time": 0.0507, "memory": 24233, "transfer_time": 0.10338, "forward_time": 1.74121, "loss_parse_time": 1.74139, "loss": [2.95756], "hm_loss": [0.2694], "loc_loss": [0.74598], "loc_loss_elem": [[0.09761, 0.08142, 0.07577, 0.08456, 0.0809, 0.05669, 0.15504, 0.114]], "num_positive": [85.4], "roi_reg_loss": [0.85378], "roi_cls_loss": [0.34242]}
{"mode": "train", "epoch": 1, "iter": 25, "lr": 0.0003, "time": 1.87863, "data_time": 0.05213, "memory": 24233, "transfer_time": 0.10565, "forward_time": 1.7188, "loss_parse_time": 1.71895, "loss": [2.53438], "hm_loss": [0.27994], "loc_loss": [0.54954], "loc_loss_elem": [[0.1177, 0.09178, 0.06963, 0.05489, 0.05855, 0.05894, 0.03834, 0.05972]], "num_positive": [41.4], "roi_reg_loss": [0.93717], "roi_cls_loss": [0.21819]}
{"mode": "train", "epoch": 1, "iter": 30, "lr": 0.0003, "time": 1.86637, "data_time": 0.05138, "memory": 24233, "transfer_time": 0.10313, "forward_time": 1.71465, "loss_parse_time": 1.71481, "loss": [3.01725], "hm_loss": [0.36973], "loc_loss": [0.7391], "loc_loss_elem": [[0.10542, 0.08994, 0.07578, 0.07181, 0.08027, 0.06805, 0.13063, 0.11718]], "num_positive": [71.2], "roi_reg_loss": [0.91054], "roi_cls_loss": [0.25879]}
{"mode": "train", "epoch": 1, "iter": 35, "lr": 0.0003, "time": 1.86488, "data_time": 0.05945, "memory": 24233, "transfer_time": 0.10697, "forward_time": 1.70594, "loss_parse_time": 1.70609, "loss": [3.0968], "hm_loss": [0.34871], "loc_loss": [0.73049], "loc_loss_elem": [[0.12141, 0.09145, 0.0767, 0.07769, 0.08727, 0.05848, 0.1269, 0.09058]], "num_positive": [60.6], "roi_reg_loss": [1.0339], "roi_cls_loss": [0.25321]}
{"mode": "train", "epoch": 1, "iter": 40, "lr": 0.0003, "time": 1.87461, "data_time": 0.05486, "memory": 24233, "transfer_time": 0.10702, "forward_time": 1.71703, "loss_parse_time": 1.71718, "loss": [2.77304], "hm_loss": [0.28173], "loc_loss": [0.73169], "loc_loss_elem": [[0.10835, 0.0912, 0.07151, 0.06993, 0.08259, 0.06388, 0.12092, 0.1233]], "num_positive": [67.2], "roi_reg_loss": [0.82526], "roi_cls_loss": [0.20268]}
{"mode": "train", "epoch": 1, "iter": 45, "lr": 0.0003, "time": 1.88521, "data_time": 0.05622, "memory": 24233, "transfer_time": 0.1028, "forward_time": 1.72694, "loss_parse_time": 1.7271, "loss": [2.78191], "hm_loss": [0.23743], "loc_loss": [0.71161], "loc_loss_elem": [[0.10988, 0.09072, 0.07067, 0.07659, 0.07363, 0.0669, 0.11219, 0.11102]], "num_positive": [90.8], "roi_reg_loss": [0.87607], "roi_cls_loss": [0.24519]}
