{"mode": "train", "epoch": 1, "iter": 5, "lr": 0.0003, "time": 1.57446, "data_time": 1.13977, "memory": 3477, "transfer_time": 1.14928, "forward_time": 1.49484, "loss_parse_time": 1.49529, "loss": [3.36486], "hm_loss": [0.33602], "loc_loss": [0.67089], "loc_loss_elem": [[0.13481, 0.08254, 0.0914, 0.0719, 0.07683, 0.06895, 0.08397, 0.06048]], "num_positive": [15.0], "roi_reg_loss": [1.0173], "roi_cls_loss": [0.66977]}
{"mode": "train", "epoch": 1, "iter": 10, "lr": 0.0003, "time": 0.42391, "data_time": 0.0134, "memory": 3489, "transfer_time": 0.0208, "forward_time": 0.34919, "loss_parse_time": 0.34935, "loss": [2.53521], "hm_loss": [0.22841], "loc_loss": [0.47602], "loc_loss_elem": [[0.09978, 0.07554, 0.0741, 0.05418, 0.04826, 0.07686, 0.01251, 0.03479]], "num_positive": [9.6], "roi_reg_loss": [0.90791], "roi_cls_loss": [0.44684]}
