{"mode": "train", "epoch": 1, "iter": 5, "lr": 0.0003, "time": 2.57372, "data_time": 1.24779, "memory": 5544, "transfer_time": 1.28422, "forward_time": 2.44221, "loss_parse_time": 2.44235, "loss": [3.21393], "hm_loss": [0.30776], "loc_loss": [0.65669], "loc_loss_elem": [[0.10352, 0.09056, 0.08452, 0.07233, 0.07764, 0.06377, 0.09733, 0.06702]], "num_positive": [36.2], "roi_reg_loss": [0.94248], "roi_cls_loss": [0.65031]}
